# 3ds Max Wavefront OBJ Exporter v0.94b - (c)2007 guruware
# File Created: 26.09.2013 16:29:56

mtllib Yoshi.mtl

#
# object Inst3D
#

v  -4.2265 18.1276 -6.9021
v  -4.2265 20.4312 -5.2490
v  -4.4224 19.2564 -6.0508
v  -1.0224 23.7494 -8.5024
v  -1.3590 24.0158 -6.7717
v  0.0013 24.0195 -8.3995
v  -0.9596 20.0927 -11.0791
v  -1.3590 18.4227 -10.7856
v  -1.8694 20.5008 -10.8317
v  0.0013 24.0158 -6.7717
v  0.0013 24.1107 -5.5207
v  -2.4746 21.7150 -9.4945
v  -1.1481 21.9850 -10.6949
v  0.0013 17.1936 -10.4847
v  -1.3683 17.2689 -10.1542
v  -2.4649 23.0476 -5.5220
v  -1.4635 23.7256 -5.5697
v  -2.7678 22.8434 -6.9279
v  -3.1194 22.1861 -5.6770
v  -2.5035 17.6094 -9.4738
v  -2.7678 18.9654 -9.7109
v  -3.2803 19.8147 -8.8246
v  -3.2803 21.7122 -7.4628
v  -3.1194 17.9923 -8.6866
v  -3.5588 18.8164 -7.5074
v  -3.7056 19.8212 -6.8451
v  -3.5588 20.7901 -6.0910
v  0.0013 22.5098 -10.5921
v  0.6170 23.2629 -9.8773
v  1.1507 22.7779 -10.1259
v  0.6327 21.5208 -10.9893
v  0.0013 21.3166 -11.1199
v  1.3615 18.4227 -10.7856
v  0.9621 20.0927 -11.0791
v  1.8720 20.5008 -10.8317
v  1.1507 21.9850 -10.6949
v  1.3615 24.0158 -6.7717
v  2.4771 21.7150 -9.4945
v  1.7635 23.4278 -8.6052
v  3.2828 21.7122 -7.4628
v  1.3709 17.2689 -10.1542
v  1.4660 23.7256 -5.5697
v  2.4674 23.0476 -5.5220
v  0.0013 19.9410 -11.3264
v  0.0013 18.4227 -10.7856
v  3.1219 22.1861 -5.6770
v  2.7703 22.8434 -6.9279
v  2.5061 17.6094 -9.4738
v  2.7703 18.9654 -9.7109
v  3.2828 19.8147 -8.8246
v  3.1219 17.9923 -8.6866
v  3.7081 19.8212 -6.8451
v  3.5613 18.8164 -7.5074
v  3.5613 20.7901 -6.0910
v  3.5349 35.5673 -7.5913
v  5.0100 36.3406 -5.1606
v  5.3956 35.2157 -6.0733
v  -5.3956 35.2157 -6.0733
v  -3.6278 34.0697 -8.4235
v  -5.5843 33.6653 -6.7972
v  -3.4782 32.1325 -8.8169
v  -4.0076 29.1863 -7.2012
v  -5.0433 31.9757 -7.5221
v  -5.6145 27.7038 -4.6943
v  -6.1454 29.5775 -5.7885
v  5.9755 35.2565 -4.7273
v  3.6278 34.0697 -8.4235
v  5.5843 33.6653 -6.7972
v  5.0433 31.9757 -7.5221
v  4.0076 29.1863 -7.2012
v  3.4782 32.1325 -8.8169
v  5.6145 27.7038 -4.6943
v  6.1454 29.5775 -5.7885
v  7.0643 33.2393 -5.4275
v  7.1012 34.4784 -4.0888
v  6.8800 31.9254 -5.8147
v  -5.3082 9.4695 -5.2236
v  -3.6614 8.5049 -3.6984
v  -5.5050 9.9398 -2.9568
v  -3.5286 8.5202 -5.2175
v  3.6615 8.5049 -3.6984
v  5.3080 9.4695 -5.2236
v  5.5049 9.9398 -2.9568
v  3.5286 8.5202 -5.2175
v  -4.7323 14.4187 -3.5879
v  -6.7539 12.9136 -5.6117
v  -7.1197 14.0443 -4.0791
v  -5.7722 12.4845 -6.1769
v  4.7329 14.4187 -3.5879
v  7.1197 14.0443 -4.0791
v  6.7539 12.9136 -5.6117
v  5.7722 12.4845 -6.1769
v  3.9265 4.0919 0.0140
v  2.9647 3.6949 -0.7035
v  2.9630 3.6772 0.2350
v  0.8957 15.4022 -14.4346
v  1.7796 14.1356 -13.6146
v  1.0932 13.7876 -13.9961
v  0.0000 16.8413 -15.0031
v  0.0000 15.6902 -14.8420
v  4.8198 22.6926 -3.8066
v  4.7196 21.1889 -4.0888
v  4.3008 22.9355 -4.0001
v  3.3916 15.2281 -9.5827
v  1.7974 15.9937 -11.3961
v  1.9650 16.5594 -9.8824
v  3.8873 11.2943 -10.1685
v  3.0358 12.3183 -11.8162
v  4.2163 12.2451 -9.8410
v  3.0374 14.0035 -11.3495
v  1.5723 15.9379 -13.1043
v  1.8562 15.3604 -13.6237
v  0.4698 17.0005 -14.5569
v  0.0000 16.6847 -13.6224
v  0.0000 17.2272 -14.6801
v  0.0000 16.4362 -12.7710
v  4.0920 13.5475 -9.5913
v  7.7567 21.8494 -0.9040
v  8.2231 21.7022 -2.0715
v  8.2231 21.8670 -0.9640
v  4.1423 24.1395 0.4211
v  5.0906 24.5149 -0.3142
v  3.9646 24.7886 -0.1678
v  8.2231 24.4786 -2.2466
v  9.1143 24.1807 -3.6881
v  8.2231 24.1164 -3.5776
v  8.8025 23.0735 -0.4123
v  8.2231 24.3120 -0.7685
v  8.2231 23.0682 -0.4381
v  9.1143 23.1058 -3.9090
v  8.2231 21.9930 -3.2888
v  8.2231 23.1063 -3.8622
v  7.2904 23.0754 -3.8185
v  7.2661 21.9021 -3.2286
v  7.2903 24.1029 -3.4948
v  8.8025 21.8651 -0.9551
v  7.7567 23.0576 -0.3918
v  1.7964 26.1574 -1.7915
v  0.0000 26.5423 -1.7161
v  1.6261 26.1571 -0.3526
v  5.2130 10.2364 -6.6194
v  5.9092 10.4249 -5.2138
v  4.3200 23.0431 0.8700
v  5.7322 20.6688 0.1537
v  5.7177 21.1298 -0.1138
v  -1.5652 25.3436 -1.5291
v  -1.9943 25.7057 -0.6808
v  -2.7838 25.7216 -1.3758
v  -2.9167 26.8279 -5.5900
v  -2.6862 29.0692 -8.0339
v  6.9247 12.2811 -3.2628
v  6.3951 11.1376 -1.7338
v  6.1303 10.6839 -3.5879
v  1.3916 26.1577 -3.4611
v  0.0000 26.2002 -3.8825
v  1.6970 25.6560 -3.7923
v  2.9155 24.7173 -3.4450
v  1.8163 24.5257 -4.2375
v  1.6264 23.2797 2.9748
v  2.6663 23.2624 2.1526
v  1.1676 25.6705 0.8909
v  3.6357 23.2456 1.0723
v  2.2638 25.6691 -0.0156
v  1.7157 25.6698 0.4376
v  3.6695 24.2917 0.4319
v  3.0189 25.0929 -0.1461
v  5.3108 23.0027 0.5905
v  1.2230 26.1576 0.0396
v  15.6898 22.0201 1.4497
v  14.2820 22.6668 0.9921
v  15.0708 22.4972 1.8402
v  13.2835 23.6719 1.1893
v  13.9877 24.2548 0.8541
v  11.8999 24.4180 0.3025
v  14.2413 23.4240 1.1340
v  13.8394 23.1021 1.3821
v  11.7787 23.6802 0.8903
v  10.5270 24.2139 -3.7262
v  11.8999 24.5390 -3.1195
v  11.8999 24.0540 -4.6016
v  14.8159 24.1342 0.8314
v  14.9945 24.4651 -0.0814
v  14.1732 24.5811 -0.0877
v  14.0161 24.4058 -3.9973
v  13.8378 24.1459 -4.9396
v  14.2305 24.6069 -2.1073
v  11.8999 24.6136 -2.1879
v  11.8999 24.6882 -1.2563
v  17.3742 23.4843 -5.5304
v  16.8265 24.1182 -5.1570
v  17.4056 24.1338 -5.2351
v  20.3168 23.4240 -4.0488
v  20.3480 23.3432 -4.7831
v  20.3589 23.8234 -4.2359
v  15.8707 24.1224 -1.4616
v  15.6551 23.3350 -1.1234
v  15.8707 23.4531 -1.1743
v  17.9283 23.4892 -1.1049
v  18.5032 24.1484 -1.3266
v  17.9283 24.1603 -1.4126
v  20.6181 23.4575 -1.0215
v  21.1231 23.8363 -1.5798
v  20.6961 24.0493 -1.3525
v  18.5032 24.1484 -2.9839
v  17.9283 23.4892 -3.2056
v  17.9283 24.1603 -2.8979
v  21.1231 23.8363 -2.7307
v  21.1724 23.3370 -2.1553
v  21.0582 23.4204 -2.9224
v  21.0582 23.4204 -1.3881
v  15.6860 23.3308 -3.2645
v  15.8707 24.1224 -2.8489
v  15.8707 23.4531 -3.1362
v  17.5882 23.4843 -3.5143
v  18.0651 24.1223 -3.7743
v  17.5569 24.1338 -3.8095
v  20.3360 23.8234 1.0369
v  20.0813 24.2557 0.4600
v  19.9326 24.0294 1.2087
v  20.4567 23.8234 -0.0468
v  20.1008 24.0294 -0.3031
v  17.8996 24.1223 -5.3331
v  10.5270 24.4725 -2.2667
v  15.8056 24.1224 -3.6296
v  15.8359 23.4531 -3.3439
v  15.8037 24.1224 -0.7143
v  15.8354 23.4531 -0.9998
v  15.1689 24.3744 -1.0935
v  15.1834 24.3840 -3.2084
v  17.3201 24.1442 -1.4126
v  16.9779 24.1182 -3.7314
v  17.3201 24.1442 -2.8979
v  15.5541 22.3779 2.0383
v  14.1473 22.9509 1.4966
v  17.7399 21.5126 2.1981
v  17.6460 21.8128 2.8386
v  17.9160 21.3809 2.9728
v  20.9233 22.7740 -2.1553
v  20.4940 22.6888 -1.3019
v  20.3810 22.4479 -2.1553
v  20.4940 22.6888 -3.0086
v  17.5445 22.7777 0.9401
v  17.3620 23.4843 1.1691
v  17.2719 22.8349 0.8740
v  20.2546 23.4240 1.2106
v  19.8241 23.4598 1.5122
v  19.7363 22.7129 1.2351
v  20.2076 22.7953 0.4740
v  19.7189 22.4797 0.4196
v  19.9151 22.7129 -0.3720
v  20.4429 23.3432 0.5002
v  20.4154 23.4240 -0.2342
v  20.0618 23.4598 -0.6230
v  17.7211 21.2451 3.4472
v  17.8559 20.6445 2.9455
v  17.4389 20.1918 3.4472
v  17.5863 23.4843 -0.8458
v  17.7105 22.7777 -0.5512
v  17.4305 22.8349 -0.5507
v  17.7113 22.7777 -3.7919
v  17.4572 22.8349 -3.8095
v  15.5163 21.3511 1.1271
v  15.8295 21.2460 1.2024
v  14.2065 21.4465 -0.2254
v  15.4420 22.2734 -1.0923
v  15.2752 22.1108 -0.1375
v  14.0485 21.5294 -2.2089
v  15.8056 22.7838 -3.6296
v  13.7649 22.8077 -5.2925
v  14.8434 23.1183 -5.2609
v  14.9345 22.3295 -5.2108
v  13.8814 21.4268 -4.1264
v  13.7633 21.7747 -5.2450
v  10.4917 21.8596 -0.9285
v  10.5270 21.6922 -2.1512
v  11.0534 21.3710 0.0654
v  13.7270 21.1258 -0.3147
v  12.6570 20.8395 -0.3415
v  12.2745 21.6359 -2.1493
v  11.8999 21.2160 -3.9770
v  17.5529 22.7777 -5.2841
v  17.3058 22.8349 -5.2351
v  19.7344 23.4598 -5.7982
v  20.1633 23.4240 -5.4944
v  19.6451 22.7129 -5.5215
v  20.1125 22.7953 -4.7581
v  19.8158 22.7129 -3.9135
v  19.6236 22.4797 -4.7061
v  19.9612 23.4598 -3.6617
v  10.5270 21.9949 -3.4575
v  11.8999 21.7056 -4.9015
v  15.8037 22.7838 -0.7536
v  5.9145 17.0813 -5.1947
v  5.5888 15.2625 -6.1538
v  3.0308 17.9459 -6.5238
v  7.3877 14.5360 -2.7802
v  6.1262 13.6153 -6.2798
v  2.5641 39.2862 3.5688
v  3.0314 37.4460 2.0805
v  1.5404 38.2865 2.2076
v  4.4844 37.3260 3.3154
v  4.1881 44.2458 1.1070
v  2.9570 45.0649 1.2489
v  3.0254 44.8332 1.4720
v  1.7481 45.7022 0.3897
v  1.4024 45.6933 0.0097
v  1.2882 45.0929 1.0931
v  -0.3061 41.5527 -0.0752
v  -0.0819 39.7375 -0.0118
v  -0.2086 41.4602 0.3174
v  2.8919 43.7640 2.0196
v  2.0179 44.1238 2.0537
v  1.0981 43.6694 1.7819
v  0.6414 45.2242 -0.5744
v  0.8654 45.2115 0.4259
v  1.2773 45.6813 -0.5025
v  2.0806 45.1384 1.2839
v  2.3286 45.7022 0.3897
v  2.0399 45.8666 -0.5068
v  4.5415 35.1192 2.2918
v  4.2469 37.1163 1.6556
v  5.2644 36.0418 1.5041
v  4.9190 37.5143 0.6903
v  3.7513 38.3584 -0.0391
v  1.9654 38.7050 0.3328
v  3.0072 37.5488 1.6522
v  1.1688 43.5128 1.6502
v  2.6135 43.5857 1.8543
v  5.4910 39.5075 -0.1255
v  5.1007 38.1764 -0.1463
v  5.1523 37.9534 -0.4906
v  5.8074 36.4995 -0.1752
v  0.0000 38.7012 1.7098
v  1.4631 38.2884 1.9925
v  0.4700 38.5536 1.2371
v  -0.0511 42.8012 0.6508
v  -0.1708 42.8285 0.5248
v  2.7181 45.6913 -0.0764
v  -0.0442 44.1533 0.5604
v  3.3709 45.2158 0.3579
v  3.8210 37.5648 1.2615
v  -0.2042 39.9805 -0.5232
v  -0.3410 41.5932 -0.2536
v  5.6032 40.6435 0.5007
v  5.6688 40.6415 0.1347
v  4.0309 37.3811 1.4793
v  4.6347 37.5809 0.8709
v  4.3490 38.3316 -0.0421
v  5.5252 40.6448 0.7203
v  0.7212 31.0170 -9.3792
v  1.4145 32.2600 -9.6483
v  1.2983 30.0153 -8.9531
v  0.6779 30.0202 -9.0051
v  0.0000 36.6135 -9.3579
v  0.0000 36.6585 -7.3221
v  0.4404 36.3437 -9.2642
v  0.7388 35.7297 -8.4987
v  0.7728 36.6817 -7.2885
v  0.4886 26.3432 -8.9654
v  0.5208 26.8175 -10.4093
v  0.6470 26.9770 -6.6680
v  0.5742 36.0848 -10.5075
v  0.8849 34.2984 -9.4240
v  0.6415 35.4975 -11.3941
v  0.0000 31.0201 -9.4397
v  0.3103 30.0231 -10.2191
v  0.0000 30.2047 -10.3778
v  0.5789 40.2076 -3.2431
v  0.0000 40.1918 -3.4910
v  0.0000 40.2972 -2.4451
v  0.2773 26.2197 -7.7911
v  0.0000 26.2541 -5.7959
v  0.0000 25.8730 -7.7195
v  0.8389 37.8131 -6.6214
v  0.4212 37.3909 -7.9172
v  0.6223 38.5571 -8.6090
v  0.6468 40.1575 -8.8411
v  0.8147 39.9384 -4.7528
v  0.3551 41.1435 -5.1110
v  0.5646 41.5156 -6.4390
v  2.9656 31.1014 -2.2593
v  3.5941 32.3037 2.1605
v  1.9975 32.9487 -0.0633
v  2.1704 31.0963 1.2086
v  3.3955 31.4580 2.2565
v  3.4061 30.6123 2.5767
v  2.9254 29.1744 -0.8721
v  3.2414 29.7196 3.1358
v  2.4154 28.9263 3.9266
v  1.4275 28.3427 4.5450
v  3.6378 30.6486 1.9746
v  4.0608 29.7621 2.7317
v  2.9840 28.8480 3.6040
v  3.7264 31.4926 2.4917
v  3.9209 30.4453 2.6289
v  4.4088 32.0578 2.7513
v  0.0000 39.9909 12.3095
v  1.5189 39.3802 12.4558
v  3.2013 39.1406 12.1976
v  1.6522 39.1052 12.6815
v  1.5587 38.7391 13.0607
v  2.6139 37.9402 13.5225
v  0.0000 36.9695 14.5326
v  0.9347 38.3898 13.5777
v  0.0000 38.6344 13.6139
v  0.8014 38.6648 13.3520
v  0.8949 39.0309 12.9728
v  1.1829 39.3116 12.6193
v  1.2707 38.4584 13.4142
v  0.9204 37.2167 11.6102
v  0.1343 42.1773 -2.8749
v  2.7181 45.6674 -1.0956
v  2.8975 45.6813 -0.5025
v  5.8151 36.8267 -1.8127
v  4.8854 38.5285 -1.9074
v  5.4514 37.0521 -3.2122
v  4.0212 38.5829 -4.0122
v  3.5352 39.5074 -3.6237
v  2.2093 39.7494 -4.3556
v  1.5013 40.0370 -3.5414
v  1.5256 40.6799 -3.7759
v  1.4024 45.6667 -1.1260
v  1.0664 26.9324 -6.6201
v  1.6749 26.8878 -6.3328
v  3.1840 36.5581 -6.4891
v  5.2549 31.5588 2.8131
v  4.7636 29.9725 2.7622
v  5.9462 30.7713 2.4035
v  8.1852 31.6941 -1.6763
v  7.7790 30.5370 -0.4191
v  7.8383 30.2145 -1.8588
v  4.3994 33.4047 2.3462
v  6.2715 35.1060 -4.5781
v  4.4936 29.0283 2.4875
v  5.2153 29.3231 2.1965
v  0.0000 26.1100 1.3556
v  0.0000 25.6867 0.2873
v  0.7170 26.1100 1.3556
v  7.3815 31.2696 1.0293
v  7.8731 32.5585 -0.2377
v  7.2112 32.9157 1.2375
v  7.7954 31.4776 -0.0611
v  6.9100 31.7300 1.7430
v  6.3142 32.4123 2.2355
v  6.5357 30.2184 1.5894
v  5.7662 36.0261 -3.7545
v  6.1551 35.6226 -1.8527
v  8.0949 32.7735 -2.8313
v  7.9532 31.7871 -3.5141
v  7.9194 30.5220 -3.2443
v  7.3828 29.4272 -2.6631
v  6.8876 28.6907 -1.0348
v  5.7468 35.2021 0.4872
v  2.9167 26.8279 -5.5900
v  1.6289 26.4335 -5.7590
v  5.4931 27.3477 -1.9618
v  6.8449 28.5526 -3.6401
v  4.6466 37.2809 -4.6204
v  2.6862 29.0692 -8.0339
v  1.9943 25.7056 -0.6808
v  1.5652 25.3436 -1.5291
v  2.7838 25.7216 -1.3758
v  -1.7796 14.1356 -13.6146
v  -0.8957 15.4022 -14.4346
v  -1.0932 13.7876 -13.9961
v  -1.8562 15.3604 -13.6237
v  -0.4698 17.0005 -14.5569
v  -1.7974 15.9937 -11.3961
v  -3.3916 15.2281 -9.5827
v  -1.9650 16.5594 -9.8824
v  -3.0358 12.3183 -11.8162
v  -3.8873 11.2943 -10.1685
v  -4.2163 12.2451 -9.8410
v  -3.0374 14.0035 -11.3495
v  -1.5723 15.9379 -13.1043
v  -4.0920 13.5475 -9.5913
v  -8.2231 21.7022 -2.0715
v  -7.7567 21.8494 -0.9040
v  -8.2231 21.8670 -0.9640
v  -5.0906 24.5149 -0.3142
v  -4.1423 24.1395 0.4211
v  -3.9646 24.7886 -0.1678
v  -9.1143 24.1807 -3.6881
v  -8.2231 24.4786 -2.2466
v  -8.2231 24.1164 -3.5776
v  -8.2231 24.3120 -0.7685
v  -8.8025 23.0735 -0.4123
v  -8.2231 23.0682 -0.4381
v  -8.2231 21.9930 -3.2888
v  -9.1143 23.1058 -3.9090
v  -8.2231 23.1063 -3.8622
v  -7.2904 23.0754 -3.8185
v  -7.2661 21.9021 -3.2286
v  -7.2903 24.1029 -3.4948
v  -8.8025 21.8651 -0.9551
v  -7.7567 23.0576 -0.3918
v  -1.7964 26.1574 -1.7915
v  -1.6261 26.1571 -0.3526
v  -5.9093 10.4249 -5.2138
v  -5.2130 10.2364 -6.6194
v  -5.4514 37.0521 -3.2122
v  -4.0212 38.5829 -4.0122
v  -4.6466 37.2809 -4.6204
v  -1.6289 26.4335 -5.7590
v  -1.6749 26.8878 -6.3328
v  -5.7322 20.6688 0.1537
v  -4.3200 23.0431 0.8700
v  -5.7177 21.1298 -0.1138
v  -6.8876 28.6907 -1.0348
v  -7.7790 30.5370 -0.4191
v  -7.8383 30.2145 -1.8588
v  -5.1459 34.3167 1.8174
v  -5.2644 36.0418 1.5041
v  -5.7468 35.2021 0.4871
v  -5.8074 36.4995 -0.1752
v  -6.1551 35.6226 -1.8527
v  -7.3815 31.2696 1.0293
v  -7.8731 32.5585 -0.2377
v  -7.7954 31.4776 -0.0611
v  -7.1012 34.4784 -4.0888
v  -7.0643 33.2393 -5.4275
v  -6.3951 11.1376 -1.7338
v  -6.9247 12.2811 -3.2628
v  -6.1303 10.6839 -3.5879
v  -1.3916 26.1577 -3.4611
v  -2.9155 24.7173 -3.4450
v  -1.6970 25.6560 -3.7923
v  -1.8163 24.5257 -4.2375
v  -2.6663 23.2624 2.1526
v  -1.6264 23.2797 2.9748
v  -1.1676 25.6705 0.8909
v  -2.2638 25.6691 -0.0156
v  -3.6357 23.2456 1.0723
v  -1.7157 25.6698 0.4376
v  -3.6695 24.2917 0.4319
v  -3.0189 25.0929 -0.1461
v  -5.3108 23.0027 0.5905
v  -1.2230 26.1576 0.0396
v  -13.9877 24.2548 0.8541
v  -13.2835 23.6719 1.1893
v  -11.8999 24.4180 0.3025
v  -14.2413 23.4240 1.1339
v  -14.2820 22.6668 0.9921
v  -13.8394 23.1021 1.3821
v  -11.7787 23.6802 0.8903
v  -14.8159 24.1342 0.8314
v  -14.8043 23.3238 1.0622
v  -15.1690 24.3744 -1.0935
v  -14.1732 24.5811 -0.0877
v  -14.2305 24.6069 -2.1073
v  -11.8999 24.6136 -2.1879
v  -11.8999 24.6882 -1.2563
v  -16.8265 24.1182 -5.1570
v  -17.3742 23.4843 -5.5304
v  -17.4056 24.1338 -5.2351
v  -20.3480 23.3432 -4.7831
v  -20.3168 23.4240 -4.0488
v  -20.3589 23.8234 -4.2359
v  -20.2546 23.4240 1.2106
v  -20.3360 23.8234 1.0369
v  -20.4429 23.3432 0.5002
v  -15.6551 23.3350 -1.1234
v  -15.8707 24.1224 -1.4616
v  -15.8707 23.4531 -1.1743
v  -18.5032 24.1484 -1.3266
v  -17.9283 23.4892 -1.1049
v  -17.9283 24.1603 -1.4126
v  -17.9283 23.4892 -3.2056
v  -18.5032 24.1484 -2.9839
v  -17.9283 24.1603 -2.8979
v  -21.1724 23.3370 -2.1553
v  -21.1231 23.8363 -2.7307
v  -21.0582 23.4204 -2.9224
v  -21.1231 23.8363 -1.5798
v  -21.0582 23.4204 -1.3881
v  -15.8707 24.1224 -2.8489
v  -15.6860 23.3308 -3.2645
v  -15.8707 23.4531 -3.1362
v  -18.0651 24.1223 -3.7743
v  -17.5883 23.4843 -3.5143
v  -17.5569 24.1338 -3.8095
v  -17.9401 24.1223 1.0062
v  -17.3620 23.4843 1.1691
v  -17.3949 24.1338 0.8740
v  -20.4567 23.8234 -0.0468
v  -20.0813 24.2557 0.4600
v  -17.5863 23.4843 -0.8458
v  -18.1135 24.1223 -0.5518
v  -17.5535 24.1338 -0.5508
v  -20.4154 23.4240 -0.2342
v  -17.8996 24.1223 -5.3331
v  -10.5270 24.2139 -3.7262
v  -11.8999 24.5390 -3.1195
v  -10.5270 24.4725 -2.2667
v  -15.8056 24.1224 -3.6296
v  -15.8359 23.4531 -3.3439
v  -15.8037 24.1224 -0.7143
v  -15.8354 23.4531 -0.9998
v  -15.1834 24.3840 -3.2084
v  -16.8161 24.1182 0.8178
v  -17.3201 24.1442 -1.4126
v  -16.9779 24.1182 -3.7314
v  -17.3201 24.1442 -2.8979
v  -16.9747 24.1182 -0.6070
v  -20.6181 23.4575 -1.0215
v  -20.4940 22.6888 -1.3019
v  -20.9233 22.7740 -2.1553
v  -20.2076 22.7953 0.4740
v  -19.7363 22.7129 1.2351
v  -19.7189 22.4797 0.4196
v  -19.9152 22.7129 -0.3720
v  -20.0618 23.4598 -0.6230
v  -17.7211 21.2451 3.4472
v  -17.9160 21.3809 2.9728
v  -17.8559 20.6445 2.9455
v  -17.4389 20.1918 3.4472
v  -17.7113 22.7777 -3.7919
v  -17.4572 22.8349 -3.8095
v  -14.9873 20.4196 2.0826
v  -15.4294 20.4673 2.9423
v  -15.6190 20.0517 2.3189
v  -14.3641 20.8950 2.4147
v  -14.8411 20.7774 2.6270
v  -14.0388 20.6408 1.4783
v  -14.2921 21.0229 0.5581
v  -13.7226 20.7145 1.2769
v  -15.4420 22.2734 -1.0923
v  -14.2065 21.4465 -0.2254
v  -15.2752 22.1108 -0.1375
v  -15.8056 22.7838 -3.6296
v  -15.2017 22.0754 -4.2496
v  -13.8814 21.4268 -4.1264
v  -15.3643 22.2394 -3.1455
v  -10.5270 21.6922 -2.1512
v  -10.4917 21.8596 -0.9285
v  -11.0534 21.3710 0.0654
v  -17.5398 19.9767 2.9728
v  -17.3214 19.9507 2.1981
v  -17.0899 19.7376 2.8386
v  -15.2145 20.6552 1.3383
v  -15.5206 20.5277 1.4820
v  -12.6570 20.8395 -0.3415
v  -12.2745 21.6359 -2.1493
v  -5.5888 15.2625 -6.1538
v  -5.9145 17.0813 -5.1947
v  -3.0308 17.9459 -6.5238
v  -6.1262 13.6153 -6.2798
v  -7.3877 14.5360 -2.7802
v  0.0000 39.3466 0.2251
v  -0.7856 39.1751 0.5161
v  -0.4700 38.5536 1.2371
v  -2.9570 45.0649 1.2489
v  -4.1881 44.2458 1.1070
v  -3.0254 44.8332 1.4720
v  -1.4024 45.6933 0.0097
v  -1.7481 45.7022 0.3897
v  -1.2882 45.0929 1.0931
v  0.0819 39.7375 -0.0118
v  0.3061 41.5527 -0.0752
v  0.2086 41.4602 0.3174
v  -0.8654 45.2115 0.4259
v  -0.6414 45.2242 -0.5744
v  -1.2773 45.6813 -0.5025
v  -2.0806 45.1384 1.2839
v  -2.3286 45.7022 0.3897
v  -2.0399 45.8666 -0.5068
v  -4.2469 37.1163 1.6556
v  -4.5415 35.1192 2.2918
v  -3.0314 37.4460 2.0805
v  -4.9190 37.5143 0.6903
v  -1.9654 38.7050 0.3328
v  -3.7513 38.3584 -0.0391
v  -3.0072 37.5488 1.6522
v  0.0511 42.8012 0.6508
v  -0.1756 43.2935 1.2103
v  -0.3728 43.0870 0.9933
v  0.0208 43.5573 1.2648
v  -5.1523 37.9534 -0.4906
v  0.1708 42.8285 0.5248
v  -2.7181 45.6913 -0.0764
v  -1.4631 38.2884 1.9925
v  -2.8975 45.6813 -0.5025
v  -3.3709 45.2158 0.3579
v  -3.8210 37.5648 1.2615
v  0.2042 39.9805 -0.5232
v  0.3410 41.5932 -0.2536
v  -5.4910 39.5075 -0.1255
v  -5.6032 40.6435 0.5007
v  -5.6688 40.6415 0.1347
v  -4.0309 37.3811 1.4793
v  -4.6347 37.5809 0.8709
v  -4.3490 38.3316 -0.0421
v  -5.1007 38.1764 -0.1463
v  -5.5252 40.6448 0.7203
v  -0.7728 36.6817 -7.2885
v  -0.8389 37.8131 -6.6214
v  0.0000 37.2073 -8.0219
v  -0.4212 37.3909 -7.9172
v  -1.4145 32.2600 -9.6483
v  -0.7212 31.0170 -9.3792
v  -1.2983 30.0153 -8.9531
v  -0.6779 30.0202 -9.0051
v  -0.5990 34.4589 -11.7960
v  -0.8849 34.2984 -9.4240
v  -0.6415 35.4975 -11.3941
v  -0.5742 36.0848 -10.5075
v  -0.2805 31.7175 -10.2711
v  -0.7646 32.2711 -9.7201
v  -0.5565 32.7773 -11.2963
v  -0.3103 30.0231 -10.2191
v  -0.5789 40.2076 -3.2431
v  -0.2773 26.2197 -7.7911
v  -0.6470 26.9770 -6.6680
v  -1.0664 26.9324 -6.6201
v  -0.6223 38.5571 -8.6090
v  -3.5941 32.3037 2.1605
v  -2.9656 31.1014 -2.2593
v  -1.9975 32.9487 -0.0633
v  -2.1704 31.0963 1.2086
v  -3.3955 31.4580 2.2565
v  -3.4061 30.6123 2.5767
v  -2.9254 29.1744 -0.8721
v  -3.2414 29.7196 3.1358
v  -2.4154 28.9263 3.9266
v  -1.4275 28.3427 4.5450
v  -3.6378 30.6486 1.9746
v  -4.0608 29.7621 2.7317
v  -2.9840 28.8480 3.6040
v  -3.7264 31.4926 2.4917
v  -3.9209 30.4453 2.6289
v  -4.4088 32.0578 2.7513
v  -4.7636 29.9725 2.7622
v  -0.8949 39.0309 12.9728
v  -1.1829 39.3116 12.6193
v  -0.9204 37.2167 11.6102
v  -1.6522 39.1052 12.6815
v  -1.5189 39.3802 12.4558
v  -3.2013 39.1406 12.1976
v  -2.6140 37.9402 13.5225
v  -0.9347 38.3898 13.5777
v  -0.8014 38.6648 13.3520
v  -1.5587 38.7391 13.0607
v  -1.2707 38.4584 13.4142
v  -0.1343 42.1773 -2.8749
v  -1.5256 40.6799 -3.7759
v  -2.7181 45.6674 -1.0956
v  -4.8854 38.5285 -1.9074
v  -5.8151 36.8267 -1.8127
v  -3.5352 39.5074 -3.6237
v  -1.5013 40.0370 -3.5414
v  -2.2093 39.7494 -4.3556
v  -1.4024 45.6667 -1.1260
v  -3.5349 35.5673 -7.5913
v  -5.0100 36.3406 -5.1606
v  -3.1840 36.5581 -6.4891
v  -8.1852 31.6941 -1.6763
v  -8.0166 33.1173 -1.6411
v  -8.0949 32.7735 -2.8313
v  -4.5387 26.5655 -0.7606
v  -5.4931 27.3477 -1.9618
v  -4.5270 26.6037 -2.5066
v  -6.9023 29.5755 0.4728
v  -4.3994 33.4047 2.3462
v  -5.2549 31.5588 2.8131
v  -5.2153 29.3231 2.1965
v  -4.4936 29.0283 2.4875
v  -0.7170 26.1100 1.3556
v  -6.8800 31.9254 -5.8147
v  -7.2112 32.9157 1.2375
v  -7.4855 33.8905 -0.2039
v  0.0000 26.8125 3.0090
v  0.0000 26.8224 4.3735
v  -1.1821 26.8125 3.0090
v  -1.5111 26.9841 4.1142
v  -6.3142 32.4123 2.2355
v  -6.9100 31.7300 1.7430
v  -5.9462 30.7713 2.4035
v  -6.5357 30.2184 1.5894
v  -5.7662 36.0261 -3.7545
v  -5.9755 35.2565 -4.7273
v  -7.6547 33.6962 -3.5210
v  -7.6379 33.0254 -4.3248
v  5.7805 10.2628 -1.7533
v  -5.7805 10.2628 -1.7533
v  -6.0734 10.9448 -0.7462
v  -3.7861 8.6996 -1.9050
v  3.7861 8.6996 -1.9050
v  6.0734 10.9448 -0.7462
v  7.0034 12.6192 -0.5724
v  -7.0034 12.6192 -0.5724
v  -7.7835 13.2912 -4.4592
v  -7.5132 14.0517 -3.2235
v  -2.9597 9.1433 -4.4343
v  -3.8190 8.5721 -5.6221
v  -3.7594 9.1433 -5.6042
v  -3.0438 10.2651 -0.7503
v  -2.6475 9.1433 -2.7290
v  -2.6851 10.0746 -2.6689
v  -7.5748 8.5721 -5.6284
v  -8.2406 9.1433 -4.2616
v  -7.6381 9.1433 -5.6550
v  -6.1699 13.2906 -1.4981
v  -6.6025 14.3838 -3.2629
v  -3.4218 12.1075 -1.3375
v  -4.2733 11.9751 -0.5129
v  -3.0824 9.2531 -0.7395
v  -5.3283 12.6491 -0.6178
v  -5.4850 11.8630 -0.0922
v  -7.0277 12.7600 -1.0340
v  -6.5418 12.4269 -0.5198
v  -6.6642 12.0263 -0.3214
v  -3.7684 11.3689 -5.5572
v  -5.8767 11.3364 -6.2940
v  -5.7857 12.1717 -6.2470
v  -7.8825 13.5225 -3.0775
v  -3.5713 6.5896 -0.9675
v  -5.6151 5.1851 -3.0590
v  -5.6151 6.5896 -0.1011
v  -2.7247 6.5896 -3.0590
v  -7.6589 6.5896 -0.9675
v  -8.5055 6.5896 -3.0590
v  -3.5713 6.5896 -5.1506
v  -5.6151 6.5896 -6.0170
v  -7.6589 6.5896 -5.1506
v  -2.9384 3.6929 -3.9889
v  -3.4387 4.6332 -5.2617
v  -2.5372 4.6332 -3.0590
v  -8.2904 3.6929 -3.9889
v  -7.7915 4.6332 -5.2617
v  -7.8050 3.7115 -5.1181
v  -2.7698 3.6752 -2.4600
v  -3.4387 4.6332 -0.8564
v  -2.9647 3.6949 -0.7035
v  -8.4590 3.6752 -2.4600
v  -7.7915 4.6332 -0.8564
v  -8.6930 4.6332 -3.0590
v  -3.9265 4.0919 0.0140
v  -3.4238 3.7115 -5.1181
v  -7.5352 3.9171 4.5049
v  -5.6144 3.6272 5.4997
v  -5.6144 4.4603 4.5349
v  -7.2128 4.5596 3.0230
v  -8.4096 3.8085 2.9623
v  -7.3022 4.0919 0.0140
v  -8.2641 3.6949 -0.7035
v  -4.2160 3.7162 -5.8642
v  -7.0128 3.7162 -5.8642
v  -5.6151 4.6332 0.0560
v  -5.6144 4.2958 0.0866
v  -8.2658 3.6772 0.2350
v  -3.6936 3.9171 4.5049
v  -7.7135 2.5863 5.4907
v  -8.6757 2.5440 4.4218
v  -2.9630 3.6772 0.2350
v  -4.0160 4.5596 3.0230
v  -2.8192 3.8085 2.9623
v  7.0277 12.7600 -1.0340
v  7.8825 13.5225 -3.0775
v  7.5132 14.0517 -3.2235
v  7.6574 9.6354 -5.6908
v  8.2406 9.1433 -4.2616
v  7.6381 9.1433 -5.6550
v  3.8190 8.5721 -5.6221
v  2.9597 9.1433 -4.4343
v  3.7594 9.1433 -5.6042
v  2.6475 9.1433 -2.7290
v  3.0438 10.2651 -0.7503
v  2.6851 10.0746 -2.6689
v  8.4513 9.1433 -2.7283
v  7.9748 10.4471 -0.3562
v  7.9686 9.2758 -0.3731
v  7.8708 8.0243 -0.6063
v  8.3145 8.0009 -2.7494
v  7.5748 8.5721 -5.6285
v  8.4851 10.4127 -2.7112
v  3.4218 12.1075 -1.3375
v  4.2733 11.9751 -0.5129
v  3.0824 9.2531 -0.7395
v  5.4850 11.8630 -0.0922
v  5.3283 12.6491 -0.6178
v  6.5418 12.4269 -0.5198
v  6.1699 13.2906 -1.4981
v  7.6160 12.3787 -0.8186
v  5.8767 11.3364 -6.2940
v  3.7684 11.3689 -5.5572
v  5.7857 12.1717 -6.2470
v  3.6936 3.9171 4.5049
v  4.0160 4.5596 3.0230
v  2.8192 3.8085 2.9623
v  6.6025 14.3838 -3.2629
v  7.7835 13.2912 -4.4592
v  5.6151 5.1851 -3.0590
v  3.5713 6.5896 -0.9675
v  5.6151 6.5896 -0.1011
v  2.7247 6.5896 -3.0590
v  7.6589 6.5896 -0.9675
v  8.5055 6.5896 -3.0590
v  3.5713 6.5896 -5.1506
v  5.6151 6.5896 -6.0170
v  7.6589 6.5896 -5.1506
v  3.4387 4.6332 -5.2617
v  2.9384 3.6929 -3.9889
v  2.5372 4.6332 -3.0590
v  7.7915 4.6332 -5.2617
v  8.2904 3.6929 -3.9889
v  7.8050 3.7115 -5.1181
v  3.4387 4.6332 -0.8564
v  2.7698 3.6752 -2.4600
v  7.7915 4.6332 -0.8564
v  8.4590 3.6752 -2.4600
v  8.6930 4.6332 -3.0590
v  3.4238 3.7115 -5.1181
v  5.6144 3.6272 5.4997
v  7.5352 3.9171 4.5049
v  5.6144 4.4603 4.5349
v  7.2128 4.5596 3.0230
v  8.4096 3.8085 2.9623
v  7.3022 4.0919 0.0140
v  8.2641 3.6949 -0.7035
v  4.2160 3.7162 -5.8642
v  7.0128 3.7162 -5.8642
v  5.6151 4.6332 0.0560
v  5.6144 4.2958 0.0866
v  8.2658 3.6772 0.2350
v  3.5153 2.5863 5.4907
v  2.5531 2.5440 4.4218
v  7.7135 2.5863 5.4907
v  8.6757 2.5440 4.4218
v  -4.7515 19.4980 -6.3887
v  -4.5263 20.9099 -5.5194
v  -4.4671 19.8193 -6.8360
v  -4.3153 21.0415 -6.1042
v  -0.6145 23.2629 -9.8773
v  0.0013 23.3945 -9.6287
v  -0.6301 21.5208 -10.9893
v  -4.1683 22.0415 -5.0379
v  -3.0974 23.4533 -4.6199
v  -3.9441 22.1836 -5.6138
v  -2.8682 23.4738 -5.2632
v  -1.5963 17.4380 -10.5127
v  -2.5933 17.5430 -9.6281
v  -4.5263 18.2345 -7.4393
v  -4.3153 18.7474 -7.7506
v  -4.1683 17.4256 -8.3504
v  -3.9441 17.9267 -8.6687
v  -3.3101 18.0765 -8.6737
v  -3.7248 18.9257 -7.6734
v  -3.9015 19.8889 -6.9308
v  -3.7248 20.9167 -6.2446
v  -2.0252 24.4374 -4.8118
v  -1.8283 24.4186 -5.5073
v  0.0013 24.9426 -4.7687
v  0.0013 24.9043 -5.5308
v  0.0013 16.2219 -11.0270
v  -2.0252 16.4255 -10.5615
v  0.0013 16.9572 -11.2339
v  -1.8283 17.0913 -10.7656
v  -3.0974 16.5580 -9.5682
v  -2.8682 17.1679 -9.7885
v  0.0013 24.5602 -4.5710
v  2.0278 24.4374 -4.8118
v  1.8843 23.9135 -4.5731
v  2.4518 16.4965 -9.1090
v  1.7893 16.3658 -9.9896
v  3.0999 16.5580 -9.5682
v  2.0278 16.4255 -10.5615
v  0.0013 16.1566 -10.6018
v  3.8480 17.3559 -7.8118
v  4.1709 17.4256 -8.3504
v  4.2290 18.1276 -6.9021
v  4.5288 18.2345 -7.4393
v  4.4249 19.2564 -6.0508
v  4.7540 19.4980 -6.3887
v  4.2290 20.4312 -5.2490
v  4.5288 20.9099 -5.5194
v  3.8480 21.5458 -4.8049
v  4.1709 22.0415 -5.0379
v  2.6057 22.9459 -4.4807
v  3.0999 23.4533 -4.6199
v  1.0249 23.7494 -8.5024
v  1.8308 24.4186 -5.5073
v  2.8707 23.4738 -5.2632
v  2.6462 3.8461 1.0147
v  2.1000 2.5826 0.8903
v  1.9769 2.5479 2.8811
v  3.7188 4.5797 1.1881
v  7.5100 4.5797 1.1881
v  5.6144 4.9198 1.3963
v  5.6144 4.8818 3.1337
v  0.0000 13.7702 -14.2483
v  2.2850 11.9014 -12.0953
v  2.6391 10.7083 -10.7105
v  1.2938 11.6016 -12.4738
v  1.3929 10.3398 -11.1336
v  3.3247 8.9096 -6.9358
v  1.6293 8.3573 -7.1618
v  0.0000 10.2509 -11.3727
v  0.0000 8.2299 -7.1819
v  1.6738 7.8419 -3.5278
v  1.6820 7.9281 -5.2957
v  1.7007 8.0261 -1.3715
v  3.8980 9.3034 -0.2392
v  1.8484 9.0174 1.0132
v  0.0000 11.4561 -12.6387
v  4.2461 18.4810 3.5353
v  3.6517 20.6077 3.0765
v  2.0702 18.4957 4.7894
v  1.9339 20.6142 4.2250
v  4.7287 14.0358 3.2577
v  4.6443 16.2163 3.6252
v  2.2868 14.0869 4.6416
v  2.3003 16.2529 4.9318
v  4.2737 10.5272 1.4505
v  2.0235 10.4736 2.8259
v  4.5795 12.2000 2.4879
v  2.1738 12.1602 3.7997
v  6.2135 12.2805 -6.3799
v  0.0000 17.0631 -10.1120
v  0.0000 16.5408 -11.5236
v  0.0000 19.0677 -7.1443
v  7.2904 21.6698 -1.9917
v  7.0242 21.7372 -0.7495
v  5.9326 20.8978 -1.6621
v  6.0252 20.5200 -1.6509
v  5.5969 21.2698 -3.1731
v  5.6191 20.8827 -3.2624
v  4.0012 25.0783 -1.9429
v  5.0666 24.8585 -2.0480
v  5.0185 24.3386 -3.4474
v  4.0501 24.4626 -3.4564
v  2.9458 25.3503 -1.8366
v  2.4914 25.6695 -1.8045
v  -3.1560 27.5360 3.0413
v  -3.0105 27.0630 2.2192
v  -6.8449 28.5526 -3.6401
v  -7.2226 29.9972 -4.5302
v  6.6234 12.2897 -4.8110
v  7.0938 16.5626 -2.7748
v  7.3528 14.2055 0.0297
v  7.1876 16.2852 0.1834
v  6.4901 18.8081 -2.6660
v  6.5898 18.5101 0.2144
v  0.0000 24.4086 -4.6482
v  0.0000 22.8439 -5.2525
v  2.2389 22.9185 -4.7497
v  0.0000 25.7292 -4.2408
v  3.6996 23.1468 -4.1726
v  0.0000 21.3118 -5.8468
v  2.5468 21.2187 -5.2394
v  16.4840 21.9464 1.5788
v  16.2418 22.3761 2.3189
v  17.2142 21.7522 1.8823
v  16.9639 22.2069 2.6533
v  17.3583 21.5652 3.4725
v  11.8999 22.7716 -5.0008
v  10.5270 23.1052 -3.9559
v  15.7269 24.3997 -0.0249
v  15.6502 24.1224 0.6645
v  15.6591 24.1224 -5.0091
v  15.6288 23.4531 -5.2949
v  14.8497 24.0748 -4.9988
v  15.0142 24.3552 -4.1803
v  18.3565 23.4614 -5.7816
v  18.3937 24.1108 -5.4312
v  18.9492 23.4614 -5.9201
v  18.9887 24.1108 -5.5477
v  19.7135 23.4642 -0.7809
v  19.7135 24.1365 -1.1835
v  19.0781 23.4642 -0.8617
v  19.0781 24.1365 -1.2406
v  19.7135 24.1365 -3.1270
v  20.6961 24.0493 -2.9580
v  19.7135 23.4642 -3.5296
v  20.6181 23.4575 -3.2890
v  19.0781 24.1365 -3.0699
v  19.0781 23.4642 -3.4488
v  19.2191 23.4614 -3.3777
v  19.1796 24.1108 -3.7500
v  18.6105 23.4614 -3.3886
v  18.5733 24.1108 -3.7391
v  20.0018 24.0294 -3.9814
v  19.8412 24.0294 -5.4941
v  16.8161 24.1182 0.8178
v  16.8954 24.3807 0.1054
v  17.9401 24.1223 1.0062
v  18.0268 24.4061 0.2272
v  17.3949 24.1338 0.8740
v  17.4742 24.4028 0.1616
v  19.0798 24.1108 1.2580
v  19.1798 24.4093 0.3596
v  18.4854 24.1108 1.1384
v  18.5795 24.4093 0.2928
v  16.9747 24.1182 -0.6070
v  18.1135 24.1223 -0.5518
v  17.5534 24.1338 -0.5507
v  19.2798 24.1108 -0.5387
v  18.6736 24.1108 -0.5528
v  19.7135 22.5467 -3.1270
v  19.7135 22.2327 -2.1553
v  19.0781 22.5819 -3.0699
v  19.0781 22.2481 -2.1553
v  18.0924 22.7590 -2.9409
v  18.0924 22.3243 -2.1553
v  17.8049 22.8180 -2.8979
v  17.8049 22.3498 -2.1553
v  15.8707 22.7838 -2.8489
v  15.8707 22.5065 -2.1553
v  15.6502 22.7838 0.6645
v  15.6184 23.4531 0.9501
v  19.0384 23.4614 1.6301
v  18.4464 23.4614 1.4887
v  19.0798 22.5723 1.2580
v  18.4854 22.6063 1.1384
v  19.1798 22.2684 0.3596
v  18.5795 22.2833 0.2928
v  17.6275 22.4952 0.1944
v  17.3512 22.5658 0.1616
v  15.7269 22.5065 -0.0381
v  19.2798 22.5723 -0.5387
v  18.6736 22.6063 -0.5528
v  19.3212 23.4614 -0.9109
v  17.8334 20.6505 2.4352
v  18.7126 23.4614 -0.9030
v  13.1869 21.0914 1.7840
v  11.9242 20.9216 1.0058
v  13.7226 20.7145 1.2769
v  12.7844 20.7549 0.2611
v  14.6451 21.7206 0.7957
v  14.9690 22.2703 0.7204
v  14.8043 23.3238 1.0622
v  15.3643 22.2394 -3.1455
v  15.4337 22.1270 -2.1651
v  15.6591 22.7838 -5.0092
v  18.9887 22.5723 -5.5477
v  18.3937 22.6063 -5.4312
v  19.1796 22.5723 -3.7500
v  18.5733 22.6063 -3.7391
v  19.0842 22.2684 -4.6489
v  18.4835 22.2833 -4.5851
v  17.6321 22.4952 -4.5380
v  17.3815 22.5658 -4.5223
v  15.7323 22.5065 -4.3194
v  13.7755 20.9932 2.0993
v  14.0388 20.6408 1.4783
v  14.3641 20.8950 2.4147
v  14.9873 20.4196 2.0826
v  16.3957 21.0892 1.2860
v  3.5705 40.4778 6.9402
v  0.0000 41.4261 7.0651
v  3.6964 40.4542 8.7903
v  0.0000 41.4360 8.9196
v  0.0000 40.9175 5.2712
v  3.2013 40.0673 5.1592
v  0.0000 39.9449 3.6601
v  3.2013 29.0752 3.7121
v  0.0000 28.2250 3.6001
v  2.6278 30.1445 2.2627
v  0.0000 29.3970 2.1437
v  5.0739 34.9358 2.9700
v  3.5705 39.9981 10.5835
v  0.0000 40.9465 10.7084
v  0.0000 27.2694 5.2013
v  3.5705 28.2177 5.3261
v  -0.2485 42.8573 0.2823
v  -0.0562 44.0188 0.7929
v  -0.0414 43.8338 1.0301
v  -0.2863 42.8770 0.0818
v  0.3728 43.0870 0.9933
v  0.7856 39.1751 0.5161
v  3.3860 43.3413 1.5689
v  0.1756 43.2935 1.2103
v  -0.0208 43.5573 1.2648
v  4.1510 43.9718 1.6173
v  3.1279 44.4362 1.7821
v  5.0832 43.2567 0.8353
v  4.9311 43.0941 1.3244
v  5.5697 42.1960 0.5389
v  5.4304 42.0381 0.9735
v  -0.0311 44.2960 -0.8229
v  -0.2922 42.9684 -1.1424
v  -0.3366 41.7710 -1.3683
v  5.3469 41.9433 1.2342
v  4.8399 42.9965 1.6179
v  1.1602 44.8258 1.2714
v  5.0999 40.6044 0.5785
v  5.2917 40.6215 0.6335
v  4.8059 41.5578 0.9313
v  5.0518 41.7313 1.1655
v  4.5036 42.7147 1.5639
v  4.3251 42.4964 1.4188
v  3.8011 43.4704 1.9283
v  -0.1751 40.1517 -1.5923
v  0.9683 44.3759 1.5141
v  4.1287 43.6987 1.9224
v  0.8079 43.9101 1.7488
v  3.2305 43.9852 2.0651
v  0.0000 36.3267 -10.6802
v  0.0000 35.6971 -11.7341
v  0.0000 26.4772 -10.6662
v  0.0000 25.8962 -9.0482
v  0.0000 27.6851 -11.4257
v  0.5827 27.7390 -11.0964
v  0.2805 31.7175 -10.2711
v  0.0000 31.6932 -10.5343
v  0.5565 32.7773 -11.2963
v  0.0000 32.7369 -11.6071
v  0.8716 28.0608 -7.6677
v  0.5557 28.8991 -10.8776
v  1.3959 28.0673 -7.6557
v  0.0000 34.4713 -12.1857
v  0.5990 34.4589 -11.7960
v  0.0000 28.8972 -11.2506
v  0.9279 39.0331 -5.8687
v  0.6453 41.2020 -8.2186
v  1.2320 39.9026 -4.6919
v  0.0000 33.4322 -1.1271
v  0.0000 31.1355 -2.5904
v  0.0000 30.9207 0.8012
v  0.0000 28.9534 -1.4592
v  0.0000 28.1442 4.6770
v  1.4660 27.9737 4.6207
v  0.0000 27.6747 4.8033
v  1.8486 36.4786 14.4680
v  1.4503 42.1487 -3.7828
v  3.4439 42.1487 -3.7828
v  3.4774 40.4915 -3.6945
v  1.4486 43.3340 -3.4998
v  3.3724 43.3340 -3.4998
v  1.5177 44.4369 -2.9156
v  3.1206 44.4369 -2.8337
v  2.7361 45.2774 -2.1556
v  1.6224 45.2778 -2.1396
v  3.5809 45.3163 -0.4940
v  3.4347 45.2912 -1.5681
v  0.9692 45.2912 -1.5663
v  5.1490 40.5689 -2.4237
v  5.7132 40.6132 -0.5890
v  5.0174 39.4512 -2.3276
v  5.5226 39.4930 -0.5417
v  0.5880 44.4555 -2.0388
v  2.7704 38.8746 -5.2136
v  0.2888 43.1558 -2.6104
v  5.1466 42.1786 -2.5044
v  5.6597 42.2239 -0.5673
v  2.3948 45.6572 -1.5341
v  1.7481 45.6572 -1.5341
v  4.4949 44.3871 -0.4674
v  4.2159 44.4560 -2.0160
v  5.1879 43.4044 -0.4898
v  4.8199 43.3613 -2.3358
v  3.0073 37.5995 -5.8472
v  4.5387 26.5655 -0.7606
v  4.5270 26.6037 -2.5066
v  2.8980 25.7367 -3.1626
v  5.5867 32.9588 2.5201
v  2.4950 26.2203 0.5275
v  0.0000 25.1867 -1.5637
v  1.5697 25.3375 -3.4264
v  0.0000 25.2006 -3.4258
v  7.0232 34.4945 0.1124
v  7.4855 33.8905 -0.2039
v  7.2353 34.8208 -1.7201
v  7.6654 34.1292 -1.6967
v  7.2226 29.9972 -4.5302
v  7.5706 31.8399 -4.6630
v  6.4422 34.9075 0.3748
v  6.6376 35.3457 -1.7691
v  7.6547 33.6962 -3.5210
v  7.6379 33.0254 -4.3248
v  -2.6391 10.7083 -10.7105
v  -2.2850 11.9014 -12.0953
v  -1.3929 10.3398 -11.1336
v  -1.2938 11.6016 -12.4738
v  -3.3247 8.9096 -6.9358
v  -1.6293 8.3572 -7.1618
v  -1.6820 7.9281 -5.2957
v  -1.6738 7.8419 -3.5278
v  -1.7007 8.0261 -1.3715
v  -3.8980 9.3034 -0.2392
v  -1.8484 9.0174 1.0132
v  -3.6517 20.6077 3.0765
v  -4.2462 18.4810 3.5353
v  -1.9339 20.6142 4.2250
v  -2.0702 18.4957 4.7894
v  -4.6443 16.2163 3.6252
v  -4.7287 14.0358 3.2577
v  -2.3003 16.2529 4.9318
v  -2.2868 14.0869 4.6416
v  -4.2737 10.5272 1.4505
v  -2.0235 10.4736 2.8259
v  -4.5795 12.2000 2.4879
v  -2.1738 12.1602 3.7997
v  -6.2135 12.2805 -6.3799
v  -7.2904 21.6698 -1.9917
v  -6.5018 24.2997 -0.6254
v  -6.3784 23.0013 -0.0511
v  -7.0242 21.7372 -0.7495
v  -6.0252 20.5200 -1.6509
v  -5.9326 20.8978 -1.6621
v  -5.6191 20.8827 -3.2624
v  -5.5969 21.2698 -3.1731
v  -5.0666 24.8585 -2.0480
v  -4.0012 25.0783 -1.9429
v  -4.3008 22.9355 -4.0001
v  -4.8198 22.6926 -3.8066
v  -4.0501 24.4626 -3.4564
v  -5.0185 24.3386 -3.4474
v  -2.4914 25.6695 -1.8045
v  -2.9458 25.3503 -1.8366
v  -1.3959 28.0673 -7.6557
v  -6.6235 12.2897 -4.8110
v  -7.0938 16.5626 -2.7748
v  -7.1876 16.2852 0.1834
v  -7.3528 14.2055 0.0297
v  -2.2389 22.9185 -4.7497
v  -3.6996 23.1468 -4.1726
v  -2.5468 21.2187 -5.2394
v  -4.7196 21.1889 -4.0888
v  -15.6502 24.1224 0.6645
v  -15.6184 23.4531 0.9501
v  -15.6288 23.4531 -5.2949
v  -15.6591 24.1224 -5.0091
v  -14.8434 23.1183 -5.2609
v  -14.8497 24.0748 -4.9988
v  -13.7649 22.8077 -5.2925
v  -13.8378 24.1459 -4.9396
v  -11.8999 22.7717 -5.0008
v  -11.8999 24.0540 -4.6016
v  -18.3937 24.1108 -5.4312
v  -18.3565 23.4614 -5.7816
v  -18.9887 24.1108 -5.5477
v  -18.9492 23.4614 -5.9201
v  -19.7135 24.1365 -1.1835
v  -19.7135 23.4642 -0.7809
v  -19.0781 24.1365 -1.2406
v  -19.0781 23.4642 -0.8617
v  -20.6961 24.0493 -1.3525
v  -20.6961 24.0493 -2.9580
v  -20.6181 23.4575 -3.2890
v  -19.7135 24.1365 -3.1270
v  -19.7135 23.4642 -3.5296
v  -19.0781 23.4642 -3.4488
v  -19.0781 24.1365 -3.0699
v  -19.1796 24.1108 -3.7500
v  -19.2191 23.4614 -3.3777
v  -18.5733 24.1108 -3.7391
v  -18.6105 23.4614 -3.3886
v  -20.0018 24.0294 -3.9814
v  -19.9612 23.4598 -3.6617
v  -19.7344 23.4598 -5.7982
v  -19.8412 24.0294 -5.4941
v  -19.0798 24.1108 1.2580
v  -19.0384 23.4614 1.6301
v  -18.4854 24.1108 1.1384
v  -18.4464 23.4614 1.4887
v  -19.9326 24.0294 1.2087
v  -19.8241 23.4598 1.5122
v  -20.1008 24.0294 -0.3031
v  -19.2798 24.1108 -0.5387
v  -19.3212 23.4614 -0.9109
v  -18.7126 23.4614 -0.9030
v  -18.6736 24.1108 -0.5528
v  -13.3634 22.7689 1.8806
v  -11.7415 23.2102 1.3457
v  -19.7135 22.5467 -1.1835
v  -17.2719 22.8349 0.8740
v  -15.6502 22.7838 0.6645
v  -19.0798 22.5723 1.2580
v  -19.1798 22.2684 0.3596
v  -18.4854 22.6063 1.1384
v  -18.5795 22.2833 0.2928
v  -17.3512 22.5658 0.1616
v  -15.7269 22.5065 -0.0381
v  -19.2798 22.5723 -0.5387
v  -18.6736 22.6063 -0.5528
v  -17.4305 22.8349 -0.5508
v  -15.8037 22.7838 -0.7536
v  -16.7463 20.0060 1.8823
v  -17.1043 20.8459 1.6069
v  -17.5318 20.7313 1.9414
v  -16.3602 19.7541 2.6110
v  -16.0436 20.3028 1.5788
v  -17.8334 20.6505 2.4352
v  -17.7399 21.5126 2.1981
v  -16.3957 21.0892 1.2860
v  -15.5163 21.3511 1.1271
v  -14.6451 21.7206 0.7957
v  -11.9242 20.9216 1.0058
v  -13.1869 21.0914 1.7840
v  -12.7844 20.7549 0.2611
v  -14.9690 22.2703 0.7204
v  -11.8999 21.7056 -4.9015
v  -13.7633 21.7747 -5.2450
v  -18.5733 22.6063 -3.7391
v  -19.1796 22.5723 -3.7500
v  -19.8158 22.7129 -3.9135
v  -19.0842 22.2684 -4.6489
v  -19.6236 22.4797 -4.7062
v  -18.4835 22.2833 -4.5851
v  -17.6321 22.4952 -4.5380
v  -17.3815 22.5658 -4.5223
v  -15.7324 22.5065 -4.3194
v  -17.7105 22.7777 -0.5513
v  -17.6275 22.4952 0.1944
v  -17.5445 22.7777 0.9401
v  -13.7755 20.9932 2.0993
v  -15.8295 21.2460 1.2024
v  -15.6898 22.0201 1.4497
v  -13.7270 21.1258 -0.3147
v  -0.9572 34.8554 14.9696
v  0.0000 35.1095 15.0031
v  -1.8486 36.4786 14.4680
v  -3.5705 40.4778 6.9402
v  -3.6964 40.4542 8.7903
v  -3.2013 40.0673 5.1592
v  -2.5641 39.2862 3.5688
v  -3.5705 39.9981 10.5835
v  0.2485 42.8573 0.2823
v  0.0414 43.8338 1.0301
v  0.0562 44.0188 0.7929
v  0.2863 42.8770 0.0818
v  -3.1279 44.4362 1.7821
v  -4.1510 43.9718 1.6173
v  -5.0832 43.2567 0.8353
v  -4.9311 43.0941 1.3244
v  -5.4304 42.0381 0.9735
v  -5.5697 42.1960 0.5389
v  0.0311 44.2960 -0.8229
v  0.0442 44.1533 0.5604
v  0.2922 42.9684 -1.1424
v  0.3366 41.7710 -1.3683
v  -5.3469 41.9433 1.2342
v  -4.8399 42.9965 1.6179
v  0.1751 40.1517 -1.5923
v  -4.1287 43.6987 1.9224
v  -3.2305 43.9852 2.0651
v  -1.3727 39.0220 -5.7784
v  -1.2320 39.9026 -4.6919
v  -0.9279 39.0331 -5.8687
v  -0.8147 39.9384 -4.7528
v  -1.3995 37.7598 -6.5275
v  -1.3112 36.6600 -7.1402
v  -0.4886 26.3432 -8.9654
v  -0.5208 26.8175 -10.4093
v  -0.5827 27.7390 -11.0964
v  -0.6468 40.1575 -8.8411
v  -0.6453 41.2020 -8.2186
v  0.0000 40.3614 -9.2118
v  0.0000 41.4624 -8.4747
v  -1.4500 34.2844 -9.3137
v  -1.3910 35.7152 -8.4244
v  -0.7388 35.7297 -8.4987
v  -0.8716 28.0608 -7.6677
v  -0.4404 36.3437 -9.2642
v  -0.5557 28.8991 -10.8776
v  0.0000 38.4836 -8.8886
v  -0.5646 41.5156 -6.4390
v  0.0000 41.8054 -6.6968
v  -0.3551 41.1435 -5.1110
v  0.0000 41.3805 -5.0881
v  -1.4660 27.9737 4.6207
v  -3.4439 42.1487 -3.7828
v  -1.4503 42.1487 -3.7828
v  -3.4774 40.4915 -3.6945
v  -3.3724 43.3340 -3.4998
v  -1.4486 43.3340 -3.4998
v  -3.1206 44.4369 -2.8337
v  -1.5177 44.4369 -2.9156
v  -1.6224 45.2778 -2.1396
v  -2.7361 45.2774 -2.1556
v  -3.5809 45.3163 -0.4940
v  -3.4347 45.2912 -1.5681
v  -0.9692 45.2912 -1.5663
v  -5.7132 40.6132 -0.5890
v  -5.1490 40.5689 -2.4237
v  -5.5226 39.4930 -0.5417
v  -5.0174 39.4512 -2.3276
v  -0.5880 44.4555 -2.0388
v  -2.7704 38.8746 -5.2136
v  -0.2888 43.1558 -2.6104
v  -5.6597 42.2239 -0.5673
v  -5.1466 42.1786 -2.5044
v  -2.3948 45.6572 -1.5341
v  -1.7481 45.6572 -1.5341
v  -4.4949 44.3871 -0.4674
v  -4.2159 44.4560 -2.0160
v  -5.1879 43.4044 -0.4898
v  -4.8199 43.3613 -2.3358
v  -3.0073 37.5995 -5.8472
v  -2.8980 25.7367 -3.1626
v  -5.5867 32.9588 2.5201
v  -2.4950 26.2203 0.5275
v  -7.9194 30.5220 -3.2443
v  -7.3828 29.4272 -2.6631
v  -1.5697 25.3375 -3.4264
v  -6.4422 34.9075 0.3748
v  -5.9459 33.9130 1.9481
v  -5.4753 28.5202 1.1205
v  -5.6073 27.9757 0.0489
v  -4.5836 28.1100 1.8938
v  -4.6023 27.5163 0.8085
v  -7.0232 34.4945 0.1124
v  -7.6654 34.1292 -1.6967
v  -7.2353 34.8208 -1.7201
v  -6.6598 33.5002 1.7345
v  -7.5706 31.8399 -4.6630
v  -6.6376 35.3457 -1.7691
v  -6.2715 35.1060 -4.5781
v  -7.9532 31.7871 -3.5141
v  -5.8719 8.5721 -6.1429
v  -5.8842 9.1433 -6.1802
v  -5.5740 10.3733 0.4683
v  -5.5882 9.3899 0.5190
v  -4.1182 10.3521 0.1460
v  -4.0993 9.3421 0.1525
v  -8.1573 12.0766 -4.3994
v  -7.5217 11.8351 -5.6779
v  -7.1559 12.6607 -5.6275
v  -6.9452 10.4326 0.2506
v  -6.9644 9.3623 0.2611
v  -7.9748 10.4471 -0.3562
v  -7.9686 9.2758 -0.3731
v  -2.9586 10.0817 -4.3696
v  -7.6160 12.3786 -0.8186
v  -8.3637 12.1769 -2.8042
v  -8.4851 10.4127 -2.7112
v  -8.2674 10.3750 -4.3295
v  -7.6767 10.3564 -5.7266
v  -3.7526 9.5653 -5.5933
v  -5.8893 9.5675 -6.2191
v  -3.7457 10.2163 -5.5824
v  -5.8944 10.2206 -6.2581
v  -7.6574 9.6354 -5.6908
v  -8.4513 9.1433 -2.7283
v  -7.8711 11.6138 -0.5122
v  -6.8473 11.4291 0.0419
v  -5.5132 11.3405 0.1641
v  -4.1867 11.3418 -0.1085
v  -3.1898 11.4569 -1.0574
v  -2.9668 11.5044 -2.5715
v  -3.1160 11.5062 -4.3545
v  -5.6144 2.5633 5.9883
v  -3.5153 2.5863 5.4907
v  -5.6144 4.8818 3.1337
v  -5.6144 3.7584 -6.2339
v  -5.6151 4.6332 -6.1741
v  -5.6144 4.9198 1.3963
v  -3.7188 4.5797 1.1881
v  -2.4629 2.5483 -0.6274
v  -2.1000 2.5826 0.8903
v  -2.2488 1.3890 -0.6460
v  -1.8076 1.3768 0.8995
v  -1.6934 1.3736 2.8939
v  -1.9769 2.5479 2.8812
v  -2.1310 1.3853 -2.6096
v  -2.4165 2.5996 -2.6006
v  -7.5100 4.5797 1.1881
v  -2.6462 3.8461 1.0147
v  -9.2519 2.5479 2.8811
v  -9.1288 2.5826 0.8903
v  -8.5826 3.8461 1.0147
v  -2.5531 2.5440 4.4218
v  -2.2979 1.3880 4.4067
v  6.9046 8.0243 0.0154
v  6.9644 9.3623 0.2611
v  5.8719 8.5721 -6.1429
v  5.8842 9.1433 -6.1802
v  8.0968 8.0009 -4.2502
v  4.6038 5.2320 -1.2018
v  5.5253 5.2320 -0.7907
v  4.1738 8.0243 -0.0367
v  5.5772 8.0243 0.3178
v  3.8298 5.2320 -2.0701
v  3.2329 8.0243 -0.9817
v  5.5882 9.3899 0.5190
v  5.5740 10.3733 0.4683
v  4.0993 9.3421 0.1525
v  4.1182 10.3521 0.1460
v  8.1573 12.0766 -4.3994
v  7.1559 12.6607 -5.6275
v  7.5217 11.8351 -5.6779
v  6.9452 10.4326 0.2506
v  2.9586 10.0817 -4.3696
v  6.6642 12.0263 -0.3214
v  7.8711 11.6138 -0.5122
v  6.8473 11.4292 0.0419
v  8.3637 12.1769 -2.8042
v  8.2674 10.3750 -4.3295
v  7.6767 10.3564 -5.7266
v  5.8893 9.5675 -6.2191
v  3.7526 9.5653 -5.5933
v  5.8944 10.2206 -6.2581
v  3.7457 10.2163 -5.5824
v  8.5826 3.8461 1.0147
v  4.1867 11.3418 -0.1085
v  5.5132 11.3405 0.1641
v  3.1898 11.4569 -1.0574
v  2.9668 11.5044 -2.5715
v  3.1160 11.5062 -4.3545
v  5.6144 2.5633 5.9883
v  5.6144 3.7584 -6.2339
v  5.6151 4.6332 -6.1741
v  -1.8818 23.9135 -4.5731
v  -2.6031 22.9459 -4.4807
v  -3.8455 21.5458 -4.8049
v  -3.8455 17.3559 -7.8118
v  -2.4492 16.4965 -9.1090
v  -1.7868 16.3658 -9.9896
v  -3.3101 22.1483 -5.7516
v  -1.7610 23.4278 -8.6052
v  -1.1481 22.7779 -10.1259
v  0.0013 17.3172 -10.9744
v  1.5988 17.4380 -10.5127
v  1.8308 17.0913 -10.7656
v  2.5959 17.5430 -9.6281
v  2.8707 17.1679 -9.7885
v  3.3126 18.0765 -8.6737
v  3.9466 17.9267 -8.6687
v  3.7273 18.9257 -7.6734
v  4.3178 18.7474 -7.7506
v  3.9040 19.8889 -6.9308
v  4.4697 19.8193 -6.8360
v  3.7273 20.9167 -6.2446
v  4.3178 21.0415 -6.1042
v  3.3126 22.1483 -5.7516
v  3.9466 22.1836 -5.6138
v  2.5959 23.1990 -5.5692
v  1.5988 24.0751 -5.7497
v  0.0013 24.5450 -5.7873
v  -1.5963 24.0751 -5.7497
v  -2.5933 23.1990 -5.5692
v  1.1821 26.8125 3.0090
v  3.0105 27.0630 2.2192
v  4.6023 27.5163 0.8085
v  5.6073 27.9757 0.0489
v  8.0166 33.1173 -1.6411
v  6.6598 33.5002 1.7345
v  5.9459 33.9130 1.9481
v  5.1459 34.3167 1.8174
v  7.9807 6.6232 -0.6491
v  5.6151 6.6232 0.3491
v  3.2495 6.6232 -0.6491
v  2.2696 6.6232 -3.0590
v  3.2495 6.6232 -5.4690
v  5.6151 6.6232 -6.4672
v  7.9807 6.6232 -5.4690
v  8.9606 6.6232 -3.0590
v  -3.2495 6.6232 -5.4690
v  -2.2696 6.6232 -3.0590
v  -3.2495 6.6232 -0.6491
v  -5.6151 6.6232 0.3491
v  -7.9807 6.6232 -0.6491
v  -8.9606 6.6232 -3.0590
v  -7.9807 6.6232 -5.4690
v  -5.6151 6.6232 -6.4672
v  9.2519 2.5479 2.8811
v  9.1288 2.5826 0.8903
v  2.4629 2.5483 -0.6274
v  2.4165 2.5996 -2.6006
v  2.4633 2.5948 -3.9935
v  2.9396 2.5874 -5.7639
v  3.9954 2.5928 -6.5392
v  5.6144 2.5997 -7.0352
v  7.2333 2.5928 -6.5392
v  8.2892 2.5874 -5.7639
v  8.7655 2.5948 -3.9935
v  8.7704 2.5997 -2.6006
v  8.7659 2.5483 -0.6274
v  9.5354 1.3736 2.8939
v  8.9309 1.3880 4.4067
v  7.7455 1.4583 5.5577
v  5.6144 1.5561 6.0355
v  3.4833 1.4583 5.5577
v  2.2979 1.3880 4.4067
v  1.6934 1.3736 2.8939
v  1.8076 1.3768 0.8995
v  2.2488 1.3890 -0.6460
v  2.1310 1.3853 -2.6096
v  2.1610 1.3828 -4.0136
v  2.6526 1.3792 -5.9099
v  3.8785 1.3994 -6.8775
v  5.6144 1.4628 -7.2829
v  7.3503 1.3994 -6.8775
v  8.5762 1.3792 -5.9099
v  9.0678 1.3828 -4.0136
v  9.0795 1.3853 -2.6096
v  8.9800 1.3890 -0.6460
v  9.4212 1.3768 0.8995
v  9.3578 0.6065 2.8927
v  8.6912 0.6065 4.3943
v  7.5566 0.6065 5.4048
v  5.6144 0.6065 5.8808
v  3.6722 0.6065 5.4048
v  2.5376 0.6065 4.3943
v  1.8710 0.6065 2.8927
v  1.9620 0.6065 0.8735
v  2.3748 0.6065 -0.6308
v  2.3072 0.6065 -2.5832
v  2.3083 0.6065 -3.9998
v  2.7985 0.6065 -5.8425
v  3.9287 0.6065 -6.7709
v  5.6144 0.6065 -7.1873
v  7.3001 0.6065 -6.7709
v  8.4303 0.6065 -5.8425
v  8.9205 0.6065 -3.9998
v  8.9215 0.6065 -2.5832
v  8.8540 0.6065 -0.6308
v  9.2668 0.6065 0.8771
v  0.0000 7.8102 -5.4058
v  0.0000 7.6081 -3.5397
v  0.0000 7.8723 -1.2349
v  0.0000 8.9995 1.4385
v  0.0000 10.4875 3.2408
v  0.0000 12.2255 4.3826
v  0.0000 14.1126 5.0909
v  0.0000 16.2744 5.3864
v  0.0000 18.5266 5.2541
v  0.0000 20.6142 4.6601
v  0.0000 23.2958 3.2723
v  0.0000 25.6721 1.2274
v  0.8199 26.1581 0.4318
v  0.0000 26.1593 0.5604
v  -0.8199 26.1581 0.4318
v  10.5270 24.3120 -0.6339
v  10.4925 23.0894 -0.3350
v  6.3784 23.0013 -0.0511
v  6.2256 21.4532 -0.4658
v  6.2697 21.2083 -1.7854
v  6.3619 21.5322 -3.0555
v  6.5210 22.8857 -3.7875
v  6.6069 24.1276 -3.4512
v  6.5394 24.5166 -2.1710
v  6.5018 24.2997 -0.6254
v  5.1001 20.6193 1.4966
v  5.9888 18.4603 1.6200
v  6.5727 16.2142 1.5456
v  6.6323 14.1179 1.1517
v  6.4613 12.4632 0.4808
v  -5.1001 20.6193 1.4966
v  -6.5898 18.5101 0.2144
v  -5.9888 18.4603 1.6200
v  -6.5727 16.2142 1.5456
v  -6.6323 14.1179 1.1517
v  -6.4613 12.4632 0.4808
v  -3.1801 28.3590 3.4830
v  -1.5077 27.6071 4.5556
v  0.0000 27.3654 4.7766
v  1.5111 26.9841 4.1142
v  1.5077 27.6071 4.5556
v  3.1560 27.5360 3.0413
v  3.1801 28.3590 3.4830
v  4.5836 28.1100 1.8938
v  5.4753 28.5202 1.1205
v  6.9023 29.5755 0.4728
v  5.3684 19.0720 -4.5831
v  2.8328 19.3106 -5.8420
v  0.0000 19.6888 -6.6744
v  -2.8328 19.3106 -5.8420
v  -5.3684 19.0720 -4.5832
v  -6.4900 18.8081 -2.6660
v  16.5862 21.9205 3.2767
v  15.8698 22.1109 2.9423
v  15.2121 22.1621 2.6270
v  14.7352 22.2797 2.4147
v  13.9636 22.5549 2.1143
v  13.3634 22.7689 1.8806
v  11.7415 23.2102 1.3457
v  10.8430 23.4626 0.3894
v  15.7323 24.3997 -4.3194
v  16.9022 24.3807 -4.4442
v  17.4812 24.4028 -4.5223
v  17.9824 24.4061 -4.5537
v  18.4835 24.4093 -4.5851
v  19.0842 24.4093 -4.6489
v  19.9862 24.2557 -4.7446
v  20.2438 23.8234 -5.3203
v  17.1260 20.8401 3.7051
v  16.9646 20.0959 3.4725
v  16.2303 21.0801 3.5473
v  16.1183 20.1743 3.2767
v  15.5277 21.3218 3.2129
v  15.4294 20.4673 2.9423
v  14.9168 21.4992 2.8708
v  14.8411 20.7774 2.6270
v  14.4425 21.6161 2.6526
v  13.7844 21.7572 2.3361
v  13.1264 21.8984 2.0195
v  11.6753 22.1938 1.4687
v  10.7918 22.5415 0.4945
v  15.2319 24.4805 -2.1328
v  15.8707 24.3997 -2.1553
v  17.3201 24.4155 -2.1553
v  17.9283 24.4383 -2.1553
v  18.5032 24.4417 -2.1553
v  19.0781 24.4450 -2.1553
v  19.7135 24.4450 -2.1553
v  20.7645 24.2831 -2.1553
v  19.7135 22.5467 -1.1835
v  19.0781 22.5819 -1.2406
v  18.0924 22.7590 -1.3696
v  17.8049 22.8180 -1.4126
v  15.8707 22.7838 -1.4616
v  15.2017 22.0754 -4.2496
v  17.1043 20.8459 1.6069
v  17.5318 20.7313 1.9414
v  17.3214 19.9507 2.1981
v  17.5398 19.9767 2.9728
v  17.0899 19.7376 2.8386
v  16.3602 19.7541 2.6110
v  15.6190 20.0517 2.3189
v  16.7463 20.0060 1.8823
v  16.0436 20.3028 1.5788
v  15.5206 20.5277 1.4820
v  15.2145 20.6552 1.3383
v  14.2921 21.0229 0.5581
v  3.6964 27.7616 7.1193
v  0.0000 26.7799 6.9901
v  3.5705 27.7380 8.9694
v  0.0000 26.7898 8.8446
v  3.2013 28.1486 10.7505
v  0.0000 27.2983 10.6385
v  2.6139 28.9652 12.3409
v  0.0000 28.2710 12.2495
v  1.8486 30.1323 13.6325
v  0.0000 29.6414 13.5679
v  0.9572 31.5703 14.5371
v  0.0000 31.3162 14.5037
v  0.0000 33.1813 14.9932
v  -0.9572 31.5703 14.5371
v  -1.6574 32.2646 14.6285
v  -1.8486 30.1323 13.6325
v  -3.2013 31.4734 13.8090
v  -2.6140 28.9652 12.3409
v  -4.5270 30.8619 12.5906
v  -3.2013 28.1486 10.7505
v  -5.5442 30.4715 11.0563
v  -3.5705 27.7380 8.9694
v  -6.1837 30.3289 9.3106
v  -3.6964 27.7616 7.1193
v  -6.4018 30.4439 7.4724
v  -3.5705 28.2177 5.3261
v  -6.1837 30.8086 5.6672
v  -3.2013 29.0752 3.7121
v  -5.3977 31.3981 4.0179
v  -2.6278 30.1445 2.2627
v  5.5442 37.7444 4.8534
v  6.1837 37.8869 6.5991
v  6.4018 37.7720 8.4372
v  6.1837 37.4073 10.2424
v  5.5442 36.8178 11.8918
v  4.5270 36.0436 13.2728
v  3.2013 35.1375 14.2914
v  0.9572 34.8554 14.9696
v  1.6574 34.1612 14.8782
v  1.9137 33.2129 14.7534
v  1.6574 32.2646 14.6285
v  3.6964 33.3055 14.0502
v  3.2013 31.4734 13.8090
v  5.2272 33.4527 12.9317
v  4.5270 30.8619 12.5906
v  6.4018 33.6446 11.4740
v  5.5442 30.4715 11.0563
v  7.1402 33.8681 9.7765
v  6.1837 30.3289 9.3106
v  7.3920 34.1080 7.9548
v  6.4018 30.4439 7.4725
v  7.1402 34.3478 6.1332
v  6.1837 30.8086 5.6672
v  6.3377 34.5712 4.4357
v  5.3977 31.3981 4.0179
v  0.0000 38.8605 2.3081
v  -1.5404 38.2865 2.2076
v  -4.4844 37.3260 3.3154
v  -5.0739 34.9358 2.9700
v  -6.3377 34.5712 4.4356
v  -7.1402 34.3478 6.1332
v  -7.3920 34.1080 7.9548
v  -7.1402 33.8681 9.7765
v  -6.4018 33.6446 11.4740
v  -5.2272 33.4527 12.9317
v  -3.6964 33.3055 14.0502
v  -1.9137 33.2129 14.7534
v  -1.1688 43.5128 1.6502
v  -1.0981 43.6694 1.7819
v  -0.8079 43.9101 1.7488
v  -0.9683 44.3759 1.5141
v  -1.1602 44.8258 1.2714
v  2.0650 44.9230 1.4954
v  2.0414 44.5504 1.7880
v  1.3727 39.0220 -5.7784
v  1.3995 37.7598 -6.5275
v  1.3112 36.6600 -7.1402
v  1.3910 35.7152 -8.4244
v  1.4500 34.2844 -9.3137
v  0.7646 32.2711 -9.7201
v  -10.5270 24.3120 -0.6339
v  -10.5270 23.1052 -3.9559
v  -10.5270 21.9949 -3.4575
v  -10.4925 23.0894 -0.3350
v  -6.5394 24.5166 -2.1710
v  -6.6069 24.1276 -3.4512
v  -6.5210 22.8857 -3.7875
v  -6.3619 21.5322 -3.0555
v  -6.2697 21.2083 -1.7854
v  -6.2256 21.4532 -0.4658
v  -17.6460 21.8128 2.8386
v  -17.3583 21.5652 3.4725
v  -16.5862 21.9205 3.2767
v  -16.9639 22.2069 2.6533
v  -15.8698 22.1109 2.9423
v  -16.2418 22.3761 2.3189
v  -15.2121 22.1621 2.6270
v  -15.5541 22.3779 2.0383
v  -14.7352 22.2797 2.4147
v  -15.0708 22.4972 1.8402
v  -13.9636 22.5549 2.1143
v  -14.1473 22.9509 1.4966
v  -14.9945 24.4651 -0.0814
v  -15.7269 24.3997 -0.0249
v  -16.8954 24.3807 0.1054
v  -17.4742 24.4028 0.1616
v  -18.0268 24.4061 0.2272
v  -18.5795 24.4093 0.2928
v  -19.1798 24.4093 0.3596
v  -16.4840 21.9464 1.5788
v  -17.2142 21.7522 1.8823
v  -17.1260 20.8401 3.7051
v  -16.9646 20.0959 3.4725
v  -16.1183 20.1743 3.2767
v  -16.2303 21.0801 3.5473
v  -15.5277 21.3218 3.2129
v  -14.9168 21.4992 2.8708
v  -14.4425 21.6161 2.6526
v  -13.7844 21.7572 2.3361
v  -13.1264 21.8984 2.0195
v  -11.6753 22.1938 1.4687
v  -10.7918 22.5415 0.4945
v  -10.8430 23.4626 0.3894
v  -14.0161 24.4058 -3.9973
v  -15.0142 24.3552 -4.1803
v  -15.7323 24.3997 -4.3194
v  -16.9022 24.3807 -4.4442
v  -17.4812 24.4028 -4.5223
v  -17.9824 24.4061 -4.5537
v  -18.4835 24.4093 -4.5851
v  -19.0842 24.4093 -4.6489
v  -19.9862 24.2557 -4.7446
v  -20.2438 23.8234 -5.3203
v  -20.1633 23.4240 -5.4944
v  -11.8999 21.2160 -3.9770
v  -14.9345 22.3295 -5.2108
v  -15.6591 22.7838 -5.0092
v  -17.3058 22.8349 -5.2351
v  -17.5529 22.7777 -5.2841
v  -18.3937 22.6063 -5.4312
v  -18.9887 22.5723 -5.5477
v  -19.6451 22.7129 -5.5215
v  -20.1125 22.7953 -4.7581
v  -15.2319 24.4805 -2.1328
v  -15.8707 24.3997 -2.1553
v  -17.3201 24.4155 -2.1553
v  -17.9283 24.4383 -2.1553
v  -18.5032 24.4417 -2.1553
v  -19.0781 24.4450 -2.1553
v  -19.7135 24.4450 -2.1553
v  -20.7645 24.2831 -2.1553
v  -19.0782 22.5819 -1.2406
v  -18.0924 22.7590 -1.3696
v  -17.8049 22.8180 -1.4126
v  -15.8707 22.7838 -1.4616
v  -20.3810 22.4479 -2.1553
v  -19.7135 22.2327 -2.1553
v  -19.0782 22.2481 -2.1553
v  -18.0924 22.3243 -2.1553
v  -17.8049 22.3498 -2.1553
v  -15.8707 22.5065 -2.1553
v  -15.4337 22.1270 -2.1651
v  -14.0485 21.5294 -2.2089
v  -20.4940 22.6888 -3.0086
v  -19.7135 22.5467 -3.1270
v  -19.0782 22.5819 -3.0699
v  -18.0924 22.7590 -2.9409
v  -17.8049 22.8180 -2.8979
v  -15.8707 22.7838 -2.8489
v  -5.5442 37.7444 4.8534
v  -6.1837 37.8869 6.5991
v  -6.4018 37.7720 8.4372
v  -6.1837 37.4073 10.2424
v  -5.5442 36.8178 11.8918
v  -4.5270 36.0436 13.2728
v  -3.2013 35.1375 14.2914
v  -1.6574 34.1612 14.8782
v  -2.0650 44.9230 1.4954
v  -2.0414 44.5504 1.7880
v  -2.0179 44.1238 2.0537
v  -2.8919 43.7640 2.0196
v  -2.6135 43.5857 1.8543
v  -3.3860 43.3413 1.5689
v  -4.3251 42.4964 1.4188
v  -4.8059 41.5578 0.9313
v  -5.0999 40.6044 0.5785
v  -5.2917 40.6215 0.6335
v  -5.0518 41.7313 1.1655
v  -4.5036 42.7147 1.5639
v  -3.8011 43.4704 1.9283
v  -7.8708 8.0243 -0.6063
v  -6.9046 8.0243 0.0154
v  -5.5772 8.0243 0.3178
v  -4.1738 8.0243 -0.0367
v  -3.2329 8.0243 -0.9817
v  -2.8187 8.0009 -2.8230
v  -3.0947 8.0009 -4.4584
v  -3.8786 8.0009 -5.6400
v  -5.8596 8.0009 -6.1056
v  -7.5114 8.0009 -5.6019
v  -8.0968 8.0009 -4.2501
v  -8.3145 8.0009 -2.7494
v  -7.6412 5.2320 -2.8962
v  -7.2264 5.2320 -1.6599
v  -6.5701 5.2320 -1.1128
v  -5.5253 5.2320 -0.7907
v  -4.6038 5.2320 -1.2018
v  -3.8298 5.2320 -2.0700
v  -3.5098 5.2320 -3.5543
v  -3.6585 5.2320 -4.2732
v  -4.2222 5.2320 -5.3995
v  -5.7901 5.2320 -5.7049
v  -7.0185 5.2320 -5.2360
v  -7.4792 5.2320 -4.1853
v  -5.6151 5.6282 1.1667
v  -5.6151 4.9246 0.8131
v  -2.9396 4.9246 -0.3210
v  -2.6952 5.6282 -0.0710
v  -1.8314 4.9246 -3.0590
v  -1.4858 5.6282 -3.0590
v  -2.9396 4.9246 -5.7970
v  -2.6952 5.6282 -6.0471
v  -5.6151 4.9246 -6.9312
v  -5.6151 5.6282 -7.2848
v  -8.2906 4.9246 -5.7970
v  -8.5349 5.6282 -6.0471
v  -9.3988 4.9246 -3.0590
v  -9.7444 5.6282 -3.0590
v  -8.2906 4.9246 -0.3210
v  -8.5349 5.6282 -0.0710
v  -8.2906 6.3318 -0.3210
v  -5.6151 6.3318 0.8131
v  -2.9396 6.3318 -0.3210
v  -1.8314 6.3318 -3.0590
v  -2.9396 6.3318 -5.7970
v  -5.6151 6.3318 -6.9312
v  -8.2906 6.3318 -5.7970
v  -9.3988 6.3318 -3.0590
v  -8.4303 0.6065 -5.8425
v  -8.4303 -0.0308 -5.8425
v  -8.9205 -0.0308 -3.9998
v  -8.9205 0.6065 -3.9998
v  -8.9216 -0.0308 -2.5832
v  -8.9216 0.6065 -2.5832
v  -8.8540 -0.0308 -0.6308
v  -8.8540 0.6065 -0.6308
v  -9.2668 -0.0308 0.8771
v  -9.2668 0.6065 0.8771
v  -9.3578 -0.0308 2.8927
v  -9.3578 0.6065 2.8927
v  -8.6912 -0.0308 4.3943
v  -8.6912 0.6065 4.3943
v  -7.5566 -0.0308 5.4048
v  -7.5566 0.6065 5.4048
v  -5.6144 -0.0308 5.8808
v  -5.6144 0.6065 5.8808
v  -3.6722 -0.0308 5.4048
v  -3.6722 0.6065 5.4048
v  -2.5376 -0.0308 4.3943
v  -2.5376 0.6065 4.3943
v  -1.8710 -0.0308 2.8927
v  -1.8710 0.6065 2.8927
v  -1.9620 -0.0308 0.8772
v  -1.9620 0.6065 0.8735
v  -2.3748 -0.0308 -0.6308
v  -2.3748 0.6065 -0.6308
v  -2.3072 -0.0308 -2.5832
v  -2.3072 0.6065 -2.5832
v  -2.3083 -0.0308 -3.9998
v  -2.3083 0.6065 -3.9998
v  -2.7985 -0.0308 -5.8425
v  -2.7985 0.6065 -5.8425
v  -3.9287 -0.0308 -6.7709
v  -3.9287 0.6065 -6.7709
v  -5.6144 -0.0308 -7.1873
v  -5.6144 0.6065 -7.1873
v  -7.3001 -0.0308 -6.7709
v  -7.3001 0.6065 -6.7709
v  -2.4633 2.5948 -3.9935
v  -2.9396 2.5874 -5.7639
v  -3.9954 2.5928 -6.5392
v  -5.6144 2.5997 -7.0352
v  -7.2333 2.5928 -6.5392
v  -8.2892 2.5874 -5.7639
v  -8.7655 2.5948 -3.9935
v  -8.7704 2.5997 -2.6006
v  -8.7659 2.5483 -0.6274
v  -3.4833 1.4583 5.5577
v  -9.0678 1.3828 -4.0136
v  -8.5762 1.3792 -5.9099
v  -7.3503 1.3994 -6.8775
v  -5.6144 1.4628 -7.2829
v  -3.8785 1.3994 -6.8775
v  -2.6526 1.3792 -5.9099
v  -2.1610 1.3828 -4.0136
v  -9.0795 1.3853 -2.6096
v  -8.9800 1.3890 -0.6460
v  -9.4212 1.3768 0.8995
v  -9.5354 1.3736 2.8939
v  -8.9309 1.3880 4.4067
v  -7.7455 1.4583 5.5577
v  -5.6144 1.5561 6.0355
v  6.5701 5.2320 -1.1128
v  7.5114 8.0009 -5.6019
v  5.8596 8.0009 -6.1056
v  3.8786 8.0009 -5.6400
v  3.0947 8.0009 -4.4584
v  2.8187 8.0009 -2.8230
v  3.5098 5.2320 -3.5543
v  3.6585 5.2320 -4.2732
v  4.2222 5.2320 -5.3995
v  5.7901 5.2320 -5.7049
v  7.0185 5.2320 -5.2360
v  7.4792 5.2320 -4.1853
v  7.6412 5.2320 -2.8962
v  7.2264 5.2320 -1.6599
v  5.6151 4.9246 0.8131
v  5.6151 5.6282 1.1667
v  2.6952 5.6282 -0.0710
v  2.9396 4.9246 -0.3210
v  1.4858 5.6282 -3.0590
v  1.8314 4.9246 -3.0590
v  2.6952 5.6282 -6.0471
v  2.9396 4.9246 -5.7970
v  5.6151 5.6282 -7.2848
v  5.6151 4.9246 -6.9312
v  8.5349 5.6282 -6.0471
v  8.2906 4.9246 -5.7970
v  9.7444 5.6282 -3.0590
v  9.3988 4.9246 -3.0590
v  8.5349 5.6282 -0.0710
v  8.2906 4.9246 -0.3210
v  8.2906 6.3318 -0.3210
v  5.6151 6.3318 0.8131
v  2.9396 6.3318 -0.3210
v  1.8314 6.3318 -3.0590
v  2.9396 6.3318 -5.7970
v  5.6151 6.3318 -6.9312
v  8.2906 6.3318 -5.7970
v  9.3988 6.3318 -3.0590
v  8.9205 -0.0308 -3.9998
v  8.4303 -0.0308 -5.8425
v  7.3001 -0.0308 -6.7709
v  5.6144 -0.0308 -7.1873
v  3.9287 -0.0308 -6.7709
v  2.7985 -0.0308 -5.8425
v  2.3083 -0.0308 -3.9998
v  2.3072 -0.0308 -2.5832
v  2.3748 -0.0308 -0.6308
v  1.9620 -0.0308 0.8771
v  1.8710 -0.0308 2.8927
v  2.5376 -0.0308 4.3943
v  3.6722 -0.0308 5.4048
v  5.6144 -0.0308 5.8808
v  7.5566 -0.0308 5.4048
v  8.6912 -0.0308 4.3943
v  9.3578 -0.0308 2.8927
v  9.2668 -0.0308 0.8771
v  8.8540 -0.0308 -0.6308
v  8.9215 -0.0308 -2.5832
v  -5.3635 40.6921 0.0549
v  -5.2479 39.2505 -0.1035
v  -4.5139 40.5148 1.8316
v  -4.4383 39.0819 1.5860
v  -3.9806 44.5784 0.2340
v  -4.6313 43.6872 0.2358
v  -3.5158 44.5897 1.1838
v  -3.9812 43.5524 1.5860
v  -1.3056 43.4874 2.0757
v  -0.3022 43.5821 1.0281
v  -1.5910 44.5443 1.5225
v  -0.8662 44.6111 0.7820
v  -1.1014 42.0617 2.4218
v  0.1127 42.1769 1.1468
v  -1.0265 40.4291 2.4804
v  0.2791 40.5534 1.1046
v  -1.1123 39.0004 2.2016
v  0.1335 39.1187 0.8926
v  -1.2964 37.8826 1.6784
v  -0.1904 37.9836 0.5579
v  -1.6173 37.1381 0.9661
v  -0.8083 37.2116 0.1512
v  -4.9352 38.0944 -0.2641
v  -4.2289 37.9511 1.1704
v  -0.6371 37.3101 -0.8986
v  0.0307 38.1222 -0.9211
v  0.3684 39.2829 -0.8592
v  0.5210 40.7263 -0.7415
v  0.3373 42.3362 -0.5563
v  -0.1143 43.7111 -0.3532
v  -4.2756 37.2919 -0.4430
v  -3.7603 37.1878 0.5989
v  -5.1310 42.3052 0.1770
v  -4.3422 42.1410 1.8224
v  -2.7109 43.4761 2.2888
v  -2.6031 44.5361 1.6760
v  -2.8030 42.0479 2.6799
v  -2.8573 40.4143 2.7580
v  -2.8586 38.9863 2.4664
v  -2.8389 37.8702 1.9124
v  -2.7449 37.1290 1.1371
v  -0.7242 44.6991 -0.1637
v  5.3636 40.6921 0.0549
v  4.5139 40.5148 1.8316
v  5.2480 39.2505 -0.1035
v  4.4383 39.0819 1.5860
v  3.9806 44.5784 0.2340
v  3.5159 44.5897 1.1838
v  4.6313 43.6872 0.2358
v  3.9812 43.5524 1.5860
v  1.3057 43.4874 2.0757
v  1.5911 44.5443 1.5225
v  0.3022 43.5821 1.0281
v  0.8663 44.6111 0.7820
v  1.1014 42.0617 2.4218
v  -0.1127 42.1769 1.1468
v  1.0265 40.4291 2.4804
v  -0.2791 40.5534 1.1046
v  1.1124 39.0004 2.2016
v  -0.1335 39.1187 0.8926
v  1.2964 37.8826 1.6784
v  0.1904 37.9836 0.5579
v  1.6174 37.1381 0.9661
v  0.8083 37.2116 0.1512
v  4.9353 38.0944 -0.2641
v  4.2289 37.9511 1.1704
v  0.6372 37.3101 -0.8986
v  -0.0306 38.1222 -0.9211
v  -0.3684 39.2829 -0.8592
v  -0.5209 40.7263 -0.7415
v  -0.3372 42.3362 -0.5563
v  0.1143 43.7111 -0.3532
v  4.2757 37.2919 -0.4430
v  3.7603 37.1878 0.5989
v  5.1310 42.3052 0.1770
v  4.3422 42.1410 1.8224
v  2.7109 43.4761 2.2888
v  2.6031 44.5361 1.6760
v  2.8030 42.0479 2.6799
v  2.8573 40.4143 2.7580
v  2.8586 38.9863 2.4664
v  2.8390 37.8702 1.9124
v  2.7450 37.1290 1.1371
v  0.7243 44.6991 -0.1637
# 2259 vertices

vt 0.3410 0.3455 0.0000
vt 0.3410 0.4105 0.0000
vt 0.3450 0.3785 0.0000
vt 0.3930 0.4205 0.0000
vt 0.4020 0.4495 0.0000
vt 0.3800 0.4265 0.0000
vt 0.3930 0.3225 0.0000
vt 0.4020 0.2985 0.0000
vt 0.4100 0.3295 0.0000
vt 0.3800 0.4495 0.0000
vt 0.3800 0.4695 0.0000
vt 0.4230 0.3725 0.0000
vt 0.3980 0.3595 0.0000
vt 0.3760 0.2815 0.0000
vt 0.4020 0.2875 0.0000
vt 0.4230 0.4515 0.0000
vt 0.4040 0.4615 0.0000
vt 0.3760 0.4695 0.0000
vt 0.4290 0.4275 0.0000
vt 0.4360 0.4345 0.0000
vt 0.4240 0.3035 0.0000
vt 0.4290 0.3225 0.0000
vt 0.4390 0.3495 0.0000
vt 0.4390 0.4015 0.0000
vt 0.4360 0.3205 0.0000
vt 0.4440 0.3515 0.0000
vt 0.4470 0.3775 0.0000
vt 0.4440 0.4045 0.0000
vt 0.3760 0.3705 0.0000
vt 0.3870 0.3895 0.0000
vt 0.3980 0.3815 0.0000
vt 0.3800 0.3705 0.0000
vt 0.3870 0.3515 0.0000
vt 0.3800 0.3425 0.0000
vt 0.4100 0.4135 0.0000
vt 0.3800 0.3165 0.0000
vt 0.3800 0.2985 0.0000
vt 0.9590 0.8155 0.0000
vt 0.8460 0.9055 0.0000
vt 0.8740 0.8695 0.0000
vt 0.9600 0.7705 0.0000
vt 0.8790 0.8105 0.0000
vt 0.9590 0.7125 0.0000
vt 0.8810 0.6865 0.0000
vt 0.8930 0.7655 0.0000
vt 0.8280 0.6525 0.0000
vt 0.8530 0.6895 0.0000
vt 0.8240 0.8555 0.0000
vt 0.8460 0.8015 0.0000
vt 0.8100 0.8335 0.0000
vt 0.8560 0.7645 0.0000
vt 0.0900 0.6095 0.0000
vt 0.2600 0.8305 0.0000
vt 0.6190 0.4495 0.0000
vt 0.6320 0.4275 0.0000
vt 0.6010 0.4265 0.0000
vt 0.0320 0.2275 0.0000
vt 0.0480 0.2075 0.0000
vt 0.0510 0.2245 0.0000
vt 0.0140 0.2455 0.0000
vt 0.0260 0.2455 0.0000
vt 0.2270 0.8645 0.0000
vt 0.2230 0.8635 0.0000
vt 0.2270 0.8585 0.0000
vt 0.5430 0.9315 0.0000
vt 0.5580 0.9365 0.0000
vt 0.5460 0.9405 0.0000
vt 0.5480 0.9025 0.0000
vt 0.5610 0.9095 0.0000
vt 0.5450 0.9095 0.0000
vt 0.5570 0.9225 0.0000
vt 0.5710 0.9365 0.0000
vt 0.5750 0.9325 0.0000
vt 0.5820 0.9445 0.0000
vt 0.5750 0.9415 0.0000
vt 0.5830 0.9455 0.0000
vt 0.5680 0.9405 0.0000
vt 0.5430 0.9185 0.0000
vt 0.2120 0.9165 0.0000
vt 0.2200 0.9255 0.0000
vt 0.2130 0.9255 0.0000
vt 0.2000 0.8535 0.0000
vt 0.1960 0.8705 0.0000
vt 0.1960 0.8505 0.0000
vt 0.1880 0.9255 0.0000
vt 0.1830 0.9455 0.0000
vt 0.1830 0.9255 0.0000
vt 0.2030 0.9355 0.0000
vt 0.1950 0.9255 0.0000
vt 0.2030 0.9255 0.0000
vt 0.2280 0.9455 0.0000
vt 0.2240 0.9255 0.0000
vt 0.2290 0.9255 0.0000
vt 0.2280 0.9085 0.0000
vt 0.2240 0.9085 0.0000
vt 0.1830 0.9085 0.0000
vt 0.2130 0.9355 0.0000
vt 0.2030 0.9165 0.0000
vt 0.1020 0.9785 0.0000
vt 0.0710 0.9885 0.0000
vt 0.0730 0.9785 0.0000
vt 0.2360 0.5585 0.0000
vt 0.2200 0.5635 0.0000
vt 0.2070 0.5175 0.0000
vt 0.0950 0.8955 0.0000
vt 0.1300 0.8335 0.0000
vt 0.1340 0.8455 0.0000
vt 0.7400 0.5785 0.0000
vt 0.7210 0.5885 0.0000
vt 0.7360 0.5895 0.0000
vt 0.8510 0.6245 0.0000
vt 0.9520 0.6215 0.0000
vt 0.2050 0.7595 0.0000
vt 0.1970 0.7515 0.0000
vt 0.2070 0.7485 0.0000
vt 0.2060 0.8515 0.0000
vt 0.1970 0.8545 0.0000
vt 0.1980 0.8515 0.0000
vt 0.2090 0.8515 0.0000
vt 0.2080 0.8485 0.0000
vt 0.2060 0.8425 0.0000
vt 0.2110 0.8405 0.0000
vt 0.4280 0.2225 0.0000
vt 0.4350 0.2425 0.0000
vt 0.4620 0.2235 0.0000
vt 0.0810 0.9015 0.0000
vt 0.0780 0.9655 0.0000
vt 0.0610 0.9655 0.0000
vt 0.0940 0.9225 0.0000
vt 0.0920 0.9495 0.0000
vt 0.2110 0.8815 0.0000
vt 0.2030 0.8695 0.0000
vt 0.2030 0.8565 0.0000
vt 0.0600 0.9785 0.0000
vt 0.5550 0.9185 0.0000
vt 0.5450 0.9225 0.0000
vt 0.5510 0.9155 0.0000
vt 0.5380 0.9205 0.0000
vt 0.5430 0.9235 0.0000
vt 0.5290 0.9275 0.0000
vt 0.5450 0.9215 0.0000
vt 0.5420 0.9195 0.0000
vt 0.5280 0.9225 0.0000
vt 0.5190 0.9585 0.0000
vt 0.5290 0.9545 0.0000
vt 0.5290 0.9655 0.0000
vt 0.5490 0.9235 0.0000
vt 0.5510 0.9305 0.0000
vt 0.5450 0.9305 0.0000
vt 0.5440 0.9605 0.0000
vt 0.5420 0.9685 0.0000
vt 0.5450 0.9465 0.0000
vt 0.5290 0.9465 0.0000
vt 0.5290 0.9395 0.0000
vt 0.5670 0.9725 0.0000
vt 0.5640 0.9695 0.0000
vt 0.5680 0.9705 0.0000
vt 0.5880 0.9615 0.0000
vt 0.5890 0.9665 0.0000
vt 0.5890 0.9625 0.0000
vt 0.5570 0.9415 0.0000
vt 0.5550 0.9385 0.0000
vt 0.5570 0.9385 0.0000
vt 0.5710 0.9385 0.0000
vt 0.5750 0.9405 0.0000
vt 0.5710 0.9405 0.0000
vt 0.5900 0.9375 0.0000
vt 0.5940 0.9425 0.0000
vt 0.5910 0.9405 0.0000
vt 0.5750 0.9535 0.0000
vt 0.5710 0.9545 0.0000
vt 0.5710 0.9525 0.0000
vt 0.5940 0.9515 0.0000
vt 0.5940 0.9465 0.0000
vt 0.5940 0.9525 0.0000
vt 0.5940 0.9405 0.0000
vt 0.5550 0.9555 0.0000
vt 0.5570 0.9515 0.0000
vt 0.5570 0.9545 0.0000
vt 0.5690 0.9575 0.0000
vt 0.5720 0.9595 0.0000
vt 0.5690 0.9595 0.0000
vt 0.5880 0.9215 0.0000
vt 0.5870 0.9265 0.0000
vt 0.5860 0.9205 0.0000
vt 0.5890 0.9305 0.0000
vt 0.5870 0.9325 0.0000
vt 0.5710 0.9715 0.0000
vt 0.5190 0.9475 0.0000
vt 0.5560 0.9585 0.0000
vt 0.5560 0.9555 0.0000
vt 0.5560 0.9355 0.0000
vt 0.5560 0.9375 0.0000
vt 0.5520 0.9385 0.0000
vt 0.5520 0.9545 0.0000
vt 0.5670 0.9405 0.0000
vt 0.5650 0.9585 0.0000
vt 0.5670 0.9525 0.0000
vt 0.5540 0.9145 0.0000
vt 0.5440 0.9185 0.0000
vt 0.5700 0.9125 0.0000
vt 0.5690 0.9075 0.0000
vt 0.5710 0.9065 0.0000
vt 0.6190 0.1755 0.0000
vt 0.6200 0.1855 0.0000
vt 0.6140 0.1865 0.0000
vt 0.6130 0.1755 0.0000
vt 0.6140 0.1655 0.0000
vt 0.5820 0.2155 0.0000
vt 0.5790 0.2185 0.0000
vt 0.5790 0.2145 0.0000
vt 0.6110 0.2185 0.0000
vt 0.6070 0.2225 0.0000
vt 0.6060 0.2185 0.0000
vt 0.6110 0.2095 0.0000
vt 0.6050 0.2085 0.0000
vt 0.6080 0.1985 0.0000
vt 0.6140 0.2095 0.0000
vt 0.6130 0.2005 0.0000
vt 0.6090 0.1955 0.0000
vt 0.5850 0.2405 0.0000
vt 0.5830 0.2465 0.0000
vt 0.5800 0.2465 0.0000
vt 0.5820 0.1925 0.0000
vt 0.5840 0.1965 0.0000
vt 0.5810 0.1965 0.0000
vt 0.5840 0.1555 0.0000
vt 0.5820 0.1585 0.0000
vt 0.5810 0.1545 0.0000
vt 0.5010 0.1255 0.0000
vt 0.5600 0.2215 0.0000
vt 0.5620 0.2185 0.0000
vt 0.5440 0.2005 0.0000
vt 0.5580 0.1895 0.0000
vt 0.5560 0.2015 0.0000
vt 0.5420 0.1755 0.0000
vt 0.5620 0.1575 0.0000
vt 0.5620 0.1605 0.0000
vt 0.5600 0.1615 0.0000
vt 0.5390 0.1365 0.0000
vt 0.5510 0.1365 0.0000
vt 0.5520 0.1375 0.0000
vt 0.5400 0.1505 0.0000
vt 0.5020 0.1915 0.0000
vt 0.5030 0.1765 0.0000
vt 0.5090 0.2045 0.0000
vt 0.5380 0.1995 0.0000
vt 0.5260 0.1985 0.0000
vt 0.5220 0.1765 0.0000
vt 0.5180 0.1525 0.0000
vt 0.5790 0.1335 0.0000
vt 0.5820 0.1365 0.0000
vt 0.5800 0.1365 0.0000
vt 0.6060 0.1295 0.0000
vt 0.6100 0.1335 0.0000
vt 0.6050 0.1335 0.0000
vt 0.6120 0.1425 0.0000
vt 0.6120 0.1515 0.0000
vt 0.6100 0.1425 0.0000
vt 0.6070 0.1535 0.0000
vt 0.6040 0.1435 0.0000
vt 0.6080 0.1565 0.0000
vt 0.5030 0.1595 0.0000
vt 0.5180 0.1415 0.0000
vt 0.5620 0.1935 0.0000
vt 0.5600 0.1895 0.0000
vt 0.5620 0.1905 0.0000
vt 0.2140 0.7905 0.0000
vt 0.1750 0.8315 0.0000
vt 0.1880 0.8475 0.0000
vt 0.2030 0.7745 0.0000
vt 0.2220 0.7685 0.0000
vt 0.2220 0.7795 0.0000
vt 0.5830 0.9525 0.0000
vt 0.5910 0.9465 0.0000
vt 0.5900 0.9495 0.0000
vt 0.5850 0.9455 0.0000
vt 0.9570 0.4525 0.0000
vt 0.9330 0.4695 0.0000
vt 0.9340 0.4645 0.0000
vt 0.9090 0.4825 0.0000
vt 0.9020 0.4825 0.0000
vt 0.9000 0.4695 0.0000
vt 0.8690 0.3955 0.0000
vt 0.8730 0.3585 0.0000
vt 0.8710 0.3945 0.0000
vt 0.9320 0.4425 0.0000
vt 0.9150 0.4495 0.0000
vt 0.8970 0.4405 0.0000
vt 0.8880 0.4725 0.0000
vt 0.8920 0.4725 0.0000
vt 0.9000 0.4825 0.0000
vt 0.9160 0.4705 0.0000
vt 0.9210 0.4825 0.0000
vt 0.9150 0.4855 0.0000
vt 0.9640 0.2615 0.0000
vt 0.9590 0.3035 0.0000
vt 0.9350 0.3105 0.0000
vt 0.9790 0.2815 0.0000
vt 0.9720 0.3115 0.0000
vt 0.9490 0.3295 0.0000
vt 0.9140 0.3365 0.0000
vt 0.9340 0.3125 0.0000
vt 0.8980 0.4365 0.0000
vt 0.9260 0.4385 0.0000
vt 0.9830 0.3535 0.0000
vt 0.9750 0.3255 0.0000
vt 0.9760 0.3205 0.0000
vt 0.9890 0.2905 0.0000
vt 0.8750 0.3365 0.0000
vt 0.9040 0.3275 0.0000
vt 0.8840 0.3335 0.0000
vt 0.8740 0.4225 0.0000
vt 0.8710 0.4225 0.0000
vt 0.9280 0.4825 0.0000
vt 0.8740 0.4505 0.0000
vt 0.9410 0.4725 0.0000
vt 0.9500 0.3125 0.0000
vt 0.8710 0.3635 0.0000
vt 0.8680 0.3965 0.0000
vt 0.9850 0.3775 0.0000
vt 0.9870 0.3775 0.0000
vt 0.9540 0.3095 0.0000
vt 0.9660 0.3135 0.0000
vt 0.9610 0.3285 0.0000
vt 0.9840 0.3775 0.0000
vt 0.4040 0.6525 0.0000
vt 0.4000 0.6835 0.0000
vt 0.3710 0.6395 0.0000
vt 0.3910 0.6265 0.0000
vt 0.4420 0.8135 0.0000
vt 0.3880 0.8295 0.0000
vt 0.4380 0.8065 0.0000
vt 0.4140 0.7935 0.0000
vt 0.3800 0.8275 0.0000
vt 0.3760 0.5215 0.0000
vt 0.4120 0.5255 0.0000
vt 0.3260 0.5555 0.0000
vt 0.4660 0.7905 0.0000
vt 0.4310 0.7485 0.0000
vt 0.4830 0.7675 0.0000
vt 0.4090 0.6525 0.0000
vt 0.4230 0.6195 0.0000
vt 0.4310 0.6165 0.0000
vt 0.2990 0.9415 0.0000
vt 0.3150 0.9605 0.0000
vt 0.3270 0.8305 0.0000
vt 0.3480 0.5255 0.0000
vt 0.3010 0.5405 0.0000
vt 0.3460 0.5175 0.0000
vt 0.3830 0.8665 0.0000
vt 0.4120 0.8465 0.0000
vt 0.4350 0.8745 0.0000
vt 0.4490 0.9195 0.0000
vt 0.3530 0.9405 0.0000
vt 0.3680 0.9725 0.0000
vt 0.4010 0.9745 0.0000
vt 0.7340 0.2125 0.0000
vt 0.7470 0.2465 0.0000
vt 0.7190 0.2385 0.0000
vt 0.7230 0.2465 0.0000
vt 0.7470 0.2175 0.0000
vt 0.7470 0.1755 0.0000
vt 0.7340 0.1755 0.0000
vt 0.7470 0.1275 0.0000
vt 0.7240 0.1275 0.0000
vt 0.7090 0.1275 0.0000
vt 0.9620 0.1455 0.0000
vt 0.9530 0.1095 0.0000
vt 0.9670 0.1615 0.0000
vt 0.9740 0.1185 0.0000
vt 0.9480 0.0755 0.0000
vt 0.9590 0.1995 0.0000
vt 0.9660 0.2015 0.0000
vt 0.9710 0.1515 0.0000
vt 0.9630 0.2395 0.0000
vt 0.9820 0.2285 0.0000
vt 0.9340 0.0745 0.0000
vt 0.0030 0.1185 0.0000
vt 0.0260 0.1045 0.0000
vt 0.0520 0.1035 0.0000
vt 0.0280 0.0955 0.0000
vt 0.0270 0.0835 0.0000
vt 0.0430 0.0615 0.0000
vt 0.0030 0.0275 0.0000
vt 0.0170 0.0685 0.0000
vt 0.0030 0.0725 0.0000
vt 0.0150 0.0775 0.0000
vt 0.0160 0.0905 0.0000
vt 0.0210 0.1005 0.0000
vt 0.0220 0.0725 0.0000
vt 0.0180 0.0765 0.0000
vt 0.9240 0.9085 0.0000
vt 0.9250 0.9285 0.0000
vt 0.9280 0.9075 0.0000
vt 0.9420 0.9655 0.0000
vt 0.9380 0.9675 0.0000
vt 0.9430 0.9655 0.0000
vt 0.9620 0.8715 0.0000
vt 0.9560 0.8905 0.0000
vt 0.9610 0.8845 0.0000
vt 0.9600 0.8745 0.0000
vt 0.9510 0.8905 0.0000
vt 0.9470 0.9005 0.0000
vt 0.9490 0.9395 0.0000
vt 0.9440 0.9565 0.0000
vt 0.9340 0.9125 0.0000
vt 0.9340 0.9065 0.0000
vt 0.9650 0.8685 0.0000
vt 0.9330 0.9655 0.0000
vt 0.9340 0.5325 0.0000
vt 0.9420 0.5595 0.0000
vt 0.9450 0.5575 0.0000
vt 0.9570 0.8445 0.0000
vt 0.6210 0.7535 0.0000
vt 0.6240 0.7095 0.0000
vt 0.6330 0.7315 0.0000
vt 0.7440 0.7575 0.0000
vt 0.7100 0.7255 0.0000
vt 0.7490 0.7155 0.0000
vt 0.6110 0.8095 0.0000
vt 0.6140 0.7755 0.0000
vt 0.6240 0.8055 0.0000
vt 0.6120 0.8505 0.0000
vt 0.8220 0.8515 0.0000
vt 0.6330 0.6825 0.0000
vt 0.6390 0.6905 0.0000
vt 0.6660 0.6005 0.0000
vt 0.6910 0.5885 0.0000
vt 0.6710 0.7455 0.0000
vt 0.7050 0.7825 0.0000
vt 0.6650 0.7925 0.0000
vt 0.7000 0.7515 0.0000
vt 0.6510 0.7585 0.0000
vt 0.6380 0.7775 0.0000
vt 0.6560 0.7165 0.0000
vt 0.8030 0.8855 0.0000
vt 0.7460 0.8665 0.0000
vt 0.7750 0.7885 0.0000
vt 0.7940 0.7605 0.0000
vt 0.7870 0.7245 0.0000
vt 0.7840 0.6935 0.0000
vt 0.7270 0.6725 0.0000
vt 0.6940 0.9105 0.0000
vt 0.7400 0.9135 0.0000
vt 0.6860 0.8535 0.0000
vt 0.6380 0.8865 0.0000
vt 0.8710 0.6065 0.0000
vt 0.9040 0.6235 0.0000
vt 0.8700 0.5785 0.0000
vt 0.7520 0.6345 0.0000
vt 0.8020 0.6725 0.0000
vt 0.9550 0.8765 0.0000
vt 0.5810 0.9325 0.0000
vt 0.5750 0.9235 0.0000
vt 0.5860 0.9415 0.0000
vt 0.6400 0.8235 0.0000
vt 0.5490 0.9215 0.0000
vt 0.5880 0.9205 0.0000
vt 0.5890 0.9265 0.0000
vt 0.5710 0.9225 0.0000
vt 0.5670 0.9205 0.0000
vt 0.5680 0.9235 0.0000
vt 0.5690 0.9365 0.0000
vt 0.5730 0.9345 0.0000
vt 0.5690 0.9345 0.0000
vt 0.5890 0.9315 0.0000
vt 0.5630 0.9235 0.0000
vt 0.5650 0.9345 0.0000
vt 0.6160 0.1905 0.0000
vt 0.6220 0.1755 0.0000
vt 0.5530 0.2295 0.0000
vt 0.5570 0.2405 0.0000
vt 0.5600 0.2325 0.0000
vt 0.5460 0.2335 0.0000
vt 0.5510 0.2365 0.0000
vt 0.5420 0.2225 0.0000
vt 0.5450 0.2105 0.0000
vt 0.5380 0.2195 0.0000
vt 0.5550 0.1495 0.0000
vt 0.5570 0.1635 0.0000
vt 0.5810 0.2405 0.0000
vt 0.5790 0.2315 0.0000
vt 0.5760 0.2395 0.0000
vt 0.5550 0.2205 0.0000
vt 0.5580 0.2225 0.0000
vt 0.8750 0.3505 0.0000
vt 0.8900 0.3465 0.0000
vt 0.8780 0.4325 0.0000
vt 0.8820 0.4275 0.0000
vt 0.8740 0.4375 0.0000
vt 0.9320 0.4825 0.0000
vt 0.4190 0.8425 0.0000
vt 0.4870 0.7355 0.0000
vt 0.4370 0.6705 0.0000
vt 0.4220 0.6865 0.0000
vt 0.4660 0.6905 0.0000
vt 0.3020 0.5725 0.0000
vt 0.9910 0.1285 0.0000
vt 0.7430 0.7975 0.0000
vt 0.7140 0.6195 0.0000
vt 0.7630 0.6135 0.0000
vt 0.6860 0.6975 0.0000
vt 0.7040 0.8185 0.0000
vt 0.6190 0.6205 0.0000
vt 0.5860 0.6205 0.0000
vt 0.5930 0.6245 0.0000
vt 0.7990 0.8065 0.0000
vt 0.8160 0.7955 0.0000
vt 0.1720 0.5825 0.0000
vt 0.1630 0.5585 0.0000
vt 0.2060 0.5705 0.0000
vt 0.1810 0.5385 0.0000
vt 0.1980 0.7075 0.0000
vt 0.1500 0.5765 0.0000
vt 0.1900 0.7615 0.0000
vt 0.5870 0.1085 0.0000
vt 0.5670 0.1165 0.0000
vt 0.5810 0.1165 0.0000
vt 0.5870 0.0635 0.0000
vt 0.6060 0.0595 0.0000
vt 0.6060 0.0635 0.0000
vt 0.5260 0.0765 0.0000
vt 0.5580 0.0635 0.0000
vt 0.5570 0.0735 0.0000
vt 0.5840 0.0635 0.0000
vt 0.6070 0.0635 0.0000
vt 0.5430 0.1115 0.0000
vt 0.5730 0.0805 0.0000
vt 0.5670 0.1205 0.0000
vt 0.5360 0.0955 0.0000
vt 0.5220 0.0945 0.0000
vt 0.5260 0.0655 0.0000
vt 0.5240 0.1015 0.0000
vt 0.5150 0.0935 0.0000
vt 0.5280 0.1035 0.0000
vt 0.5220 0.1015 0.0000
vt 0.5190 0.0955 0.0000
vt 0.6050 0.0875 0.0000
vt 0.6170 0.0875 0.0000
vt 0.6160 0.0965 0.0000
vt 0.6150 0.1005 0.0000
vt 0.5640 0.1115 0.0000
vt 0.3110 0.1165 0.0000
vt 0.2520 0.1155 0.0000
vt 0.3350 0.1165 0.0000
vt 0.2530 0.1165 0.0000
vt 0.1940 0.1165 0.0000
vt 0.1700 0.1165 0.0000
vt 0.6920 0.4275 0.0000
vt 0.7200 0.4835 0.0000
vt 0.6740 0.4835 0.0000
vt 0.7120 0.4285 0.0000
vt 0.6640 0.4265 0.0000
vt 0.6290 0.4835 0.0000
vt 0.5310 0.4405 0.0000
vt 0.5130 0.4235 0.0000
vt 0.5300 0.4705 0.0000
vt 0.5500 0.4765 0.0000
vt 0.5590 0.4335 0.0000
vt 0.7260 0.4285 0.0000
vt 0.6180 0.4835 0.0000
vt 0.6110 0.4615 0.0000
vt 0.5130 0.3515 0.0000
vt 0.5320 0.3495 0.0000
vt 0.6070 0.0705 0.0000
vt 0.5190 0.0785 0.0000
vt 0.5200 0.0655 0.0000
vt 0.5240 0.0515 0.0000
vt 0.5590 0.0555 0.0000
vt 0.5580 0.0775 0.0000
vt 0.5260 0.0995 0.0000
vt 0.4670 0.3785 0.0000
vt 0.4630 0.4155 0.0000
vt 0.4620 0.3775 0.0000
vt 0.4590 0.4085 0.0000
vt 0.3800 0.3985 0.0000
vt 0.4560 0.4415 0.0000
vt 0.4350 0.4705 0.0000
vt 0.4520 0.4355 0.0000
vt 0.4310 0.4625 0.0000
vt 0.4060 0.2855 0.0000
vt 0.4260 0.2995 0.0000
vt 0.4630 0.3425 0.0000
vt 0.4590 0.3465 0.0000
vt 0.4560 0.3155 0.0000
vt 0.4520 0.3195 0.0000
vt 0.4390 0.3225 0.0000
vt 0.4490 0.3505 0.0000
vt 0.4530 0.3775 0.0000
vt 0.4490 0.4045 0.0000
vt 0.4150 0.4845 0.0000
vt 0.4110 0.4745 0.0000
vt 0.3760 0.4935 0.0000
vt 0.3760 0.4825 0.0000
vt 0.3760 0.2575 0.0000
vt 0.4150 0.2675 0.0000
vt 0.3760 0.2665 0.0000
vt 0.4110 0.2755 0.0000
vt 0.4350 0.2835 0.0000
vt 0.4310 0.2915 0.0000
vt 0.2520 0.4975 0.0000
vt 0.2520 0.4935 0.0000
vt 0.2940 0.4885 0.0000
vt 0.2910 0.4825 0.0000
vt 0.3030 0.2845 0.0000
vt 0.2890 0.2695 0.0000
vt 0.3170 0.2785 0.0000
vt 0.2960 0.2615 0.0000
vt 0.2500 0.2535 0.0000
vt 0.2500 0.2585 0.0000
vt 0.3330 0.3185 0.0000
vt 0.3400 0.3125 0.0000
vt 0.3480 0.3395 0.0000
vt 0.3520 0.3775 0.0000
vt 0.3480 0.4155 0.0000
vt 0.3330 0.4375 0.0000
vt 0.3400 0.4425 0.0000
vt 0.3060 0.4665 0.0000
vt 0.3170 0.4735 0.0000
vt 0.5740 0.4355 0.0000
vt 0.5970 0.3515 0.0000
vt 0.5600 0.3495 0.0000
vt 0.5840 0.4775 0.0000
vt 0.5810 0.4955 0.0000
vt 0.5500 0.4945 0.0000
vt 0.0480 0.2455 0.0000
vt 0.0800 0.2005 0.0000
vt 0.1030 0.1935 0.0000
vt 0.0810 0.2205 0.0000
vt 0.1020 0.2185 0.0000
vt 0.1560 0.1805 0.0000
vt 0.1550 0.2145 0.0000
vt 0.0980 0.2455 0.0000
vt 0.1530 0.2455 0.0000
vt 0.1560 0.1395 0.0000
vt 0.1030 0.1675 0.0000
vt 0.1770 0.1755 0.0000
vt 0.1760 0.1495 0.0000
vt 0.1990 0.2155 0.0000
vt 0.1760 0.2135 0.0000
vt 0.1980 0.1735 0.0000
vt 0.1650 0.5125 0.0000
vt 0.1340 0.5175 0.0000
vt 0.0250 0.6195 0.0000
vt 0.0500 0.6165 0.0000
vt 0.1080 0.5335 0.0000
vt 0.0780 0.6155 0.0000
vt 0.0790 0.2455 0.0000
vt 0.3730 0.2435 0.0000
vt 0.3990 0.2435 0.0000
vt 0.3710 0.2055 0.0000
vt 0.3950 0.2125 0.0000
vt 0.3340 0.2395 0.0000
vt 0.3530 0.2425 0.0000
vt 0.3210 0.2015 0.0000
vt 0.3460 0.2015 0.0000
vt 0.0850 0.5655 0.0000
vt 0.1030 0.6105 0.0000
vt 0.3000 0.2285 0.0000
vt 0.3170 0.2355 0.0000
vt 0.2770 0.2055 0.0000
vt 0.2980 0.2025 0.0000
vt 0.0780 0.1845 0.0000
vt 0.5180 0.9095 0.0000
vt 0.5200 0.8945 0.0000
vt 0.5170 0.9195 0.0000
vt 0.5160 0.9315 0.0000
vt 0.5470 0.9445 0.0000
vt 0.5590 0.9405 0.0000
vt 0.5240 0.9595 0.0000
vt 0.5190 0.9515 0.0000
vt 0.2190 0.9085 0.0000
vt 0.2120 0.9045 0.0000
vt 0.2170 0.8845 0.0000
vt 0.2170 0.8825 0.0000
vt 0.2210 0.8795 0.0000
vt 0.2200 0.8755 0.0000
vt 0.2200 0.8785 0.0000
vt 0.2110 0.8805 0.0000
vt 0.1900 0.8515 0.0000
vt 0.1890 0.8695 0.0000
vt 0.1840 0.8685 0.0000
vt 0.1840 0.8525 0.0000
vt 0.1970 0.8465 0.0000
vt 0.1160 0.9655 0.0000
vt 0.6200 0.6415 0.0000
vt 0.6400 0.6275 0.0000
vt 0.8200 0.6985 0.0000
vt 0.2230 0.7595 0.0000
vt 0.2240 0.7455 0.0000
vt 0.2160 0.7465 0.0000
vt 0.2030 0.7875 0.0000
vt 0.1870 0.7715 0.0000
vt 0.1860 0.7855 0.0000
vt 0.2020 0.8025 0.0000
vt 0.1960 0.8145 0.0000
vt 0.1860 0.8005 0.0000
vt 0.1860 0.8155 0.0000
vt 0.2130 0.8405 0.0000
vt 0.2160 0.8295 0.0000
vt 0.2140 0.8305 0.0000
vt 0.2110 0.8485 0.0000
vt 0.2100 0.8315 0.0000
vt 0.2200 0.8195 0.0000
vt 0.2160 0.8185 0.0000
vt 0.1980 0.8485 0.0000
vt 0.2100 0.8185 0.0000
vt 0.5610 0.9175 0.0000
vt 0.5590 0.9115 0.0000
vt 0.5660 0.9155 0.0000
vt 0.5650 0.9095 0.0000
vt 0.5700 0.9035 0.0000
vt 0.5670 0.9025 0.0000
vt 0.5180 0.1395 0.0000
vt 0.5030 0.1535 0.0000
vt 0.5090 0.1335 0.0000
vt 0.4990 0.1265 0.0000
vt 0.5560 0.9305 0.0000
vt 0.5550 0.9245 0.0000
vt 0.5550 0.9685 0.0000
vt 0.5550 0.9705 0.0000
vt 0.5490 0.9685 0.0000
vt 0.5490 0.9705 0.0000
vt 0.5420 0.9705 0.0000
vt 0.5510 0.9625 0.0000
vt 0.5290 0.9685 0.0000
vt 0.5740 0.9745 0.0000
vt 0.5750 0.9715 0.0000
vt 0.5790 0.9755 0.0000
vt 0.5790 0.9725 0.0000
vt 0.5840 0.9355 0.0000
vt 0.5840 0.9395 0.0000
vt 0.5800 0.9365 0.0000
vt 0.5800 0.9395 0.0000
vt 0.5840 0.9545 0.0000
vt 0.5910 0.9525 0.0000
vt 0.5840 0.9575 0.0000
vt 0.5900 0.9555 0.0000
vt 0.5800 0.9535 0.0000
vt 0.5800 0.9565 0.0000
vt 0.5810 0.9565 0.0000
vt 0.5800 0.9585 0.0000
vt 0.5760 0.9565 0.0000
vt 0.5760 0.9585 0.0000
vt 0.5860 0.9585 0.0000
vt 0.5860 0.9605 0.0000
vt 0.5840 0.9745 0.0000
vt 0.5850 0.9725 0.0000
vt 0.5640 0.9295 0.0000
vt 0.5720 0.9285 0.0000
vt 0.5680 0.9285 0.0000
vt 0.5800 0.9205 0.0000
vt 0.5800 0.9275 0.0000
vt 0.5750 0.9215 0.0000
vt 0.5760 0.9275 0.0000
vt 0.5810 0.9345 0.0000
vt 0.5770 0.9345 0.0000
vt 0.6050 0.1635 0.0000
vt 0.6050 0.1755 0.0000
vt 0.5980 0.1645 0.0000
vt 0.5980 0.1755 0.0000
vt 0.5890 0.1655 0.0000
vt 0.5890 0.1755 0.0000
vt 0.5850 0.1665 0.0000
vt 0.5850 0.1755 0.0000
vt 0.5620 0.1675 0.0000
vt 0.5620 0.1755 0.0000
vt 0.5600 0.2115 0.0000
vt 0.5600 0.2155 0.0000
vt 0.5980 0.2235 0.0000
vt 0.5910 0.2225 0.0000
vt 0.5980 0.2195 0.0000
vt 0.5920 0.2175 0.0000
vt 0.5990 0.2075 0.0000
vt 0.5930 0.2065 0.0000
vt 0.5830 0.2055 0.0000
vt 0.5800 0.2055 0.0000
vt 0.5610 0.2025 0.0000
vt 0.6010 0.1965 0.0000
vt 0.5940 0.1965 0.0000
vt 0.6010 0.1915 0.0000
vt 0.5830 0.2315 0.0000
vt 0.5840 0.2345 0.0000
vt 0.5940 0.1915 0.0000
vt 0.5320 0.2255 0.0000
vt 0.5180 0.2165 0.0000
vt 0.5280 0.2065 0.0000
vt 0.5490 0.2135 0.0000
vt 0.5520 0.2125 0.0000
vt 0.5500 0.2165 0.0000
vt 0.5450 0.2155 0.0000
vt 0.5580 0.1755 0.0000
vt 0.5600 0.1365 0.0000
vt 0.5600 0.1395 0.0000
vt 0.5970 0.1285 0.0000
vt 0.5970 0.1325 0.0000
vt 0.5900 0.1295 0.0000
vt 0.5910 0.1345 0.0000
vt 0.6000 0.1605 0.0000
vt 0.5930 0.1605 0.0000
vt 0.5990 0.1555 0.0000
vt 0.5930 0.1555 0.0000
vt 0.5980 0.1445 0.0000
vt 0.5920 0.1455 0.0000
vt 0.5830 0.1455 0.0000
vt 0.5800 0.1455 0.0000
vt 0.5610 0.1485 0.0000
vt 0.5390 0.2295 0.0000
vt 0.5680 0.2195 0.0000
vt 0.5690 0.2235 0.0000
vt 0.5300 0.9465 0.0000
vt 0.5670 0.9575 0.0000
vt 0.5670 0.9605 0.0000
vt 0.5580 0.9575 0.0000
vt 0.5580 0.9605 0.0000
vt 0.5750 0.9595 0.0000
vt 0.5760 0.9555 0.0000
vt 0.5830 0.9555 0.0000
vt 0.5830 0.9155 0.0000
vt 0.5830 0.9125 0.0000
vt 0.5900 0.9195 0.0000
vt 0.5900 0.9175 0.0000
vt 0.5860 0.9375 0.0000
vt 0.5500 0.9555 0.0000
vt 0.5490 0.9595 0.0000
vt 0.5410 0.9555 0.0000
vt 0.5420 0.9525 0.0000
vt 0.5760 0.9095 0.0000
vt 0.5750 0.9125 0.0000
vt 0.8700 0.4235 0.0000
vt 0.8740 0.4475 0.0000
vt 0.8740 0.4435 0.0000
vt 0.8690 0.4235 0.0000
vt 0.9420 0.4335 0.0000
vt 0.9570 0.4465 0.0000
vt 0.9370 0.4565 0.0000
vt 0.9750 0.4315 0.0000
vt 0.9720 0.4285 0.0000
vt 0.9850 0.4095 0.0000
vt 0.9820 0.4065 0.0000
vt 0.8740 0.4535 0.0000
vt 0.8690 0.4255 0.0000
vt 0.8680 0.4005 0.0000
vt 0.9800 0.4045 0.0000
vt 0.9700 0.4265 0.0000
vt 0.8980 0.4645 0.0000
vt 0.9750 0.3765 0.0000
vt 0.9790 0.3765 0.0000
vt 0.9700 0.3965 0.0000
vt 0.9740 0.3995 0.0000
vt 0.9640 0.4205 0.0000
vt 0.9600 0.4155 0.0000
vt 0.9500 0.4355 0.0000
vt 0.8710 0.3665 0.0000
vt 0.8940 0.4545 0.0000
vt 0.9560 0.4405 0.0000
vt 0.8910 0.4455 0.0000
vt 0.9390 0.4465 0.0000
vt 0.4710 0.7965 0.0000
vt 0.4920 0.7715 0.0000
vt 0.4160 0.5135 0.0000
vt 0.3770 0.5095 0.0000
vt 0.4410 0.5435 0.0000
vt 0.4330 0.5475 0.0000
vt 0.4440 0.6675 0.0000
vt 0.4760 0.6915 0.0000
vt 0.3550 0.5795 0.0000
vt 0.4350 0.5815 0.0000
vt 0.3320 0.5945 0.0000
vt 0.4960 0.7335 0.0000
vt 0.4430 0.5795 0.0000
vt 0.3740 0.9075 0.0000
vt 0.4410 0.9535 0.0000
vt 0.3290 0.9235 0.0000
vt 0.6870 0.2345 0.0000
vt 0.6870 0.2125 0.0000
vt 0.6870 0.2465 0.0000
vt 0.6870 0.1755 0.0000
vt 0.6870 0.1275 0.0000
vt 0.9090 0.0485 0.0000
vt 0.9110 0.0335 0.0000
vt 0.8760 0.0195 0.0000
vt 0.8760 0.0385 0.0000
vt 0.0310 0.0185 0.0000
vt 0.9340 0.9285 0.0000
vt 0.9470 0.9285 0.0000
vt 0.9470 0.9105 0.0000
vt 0.9340 0.9415 0.0000
vt 0.9460 0.9415 0.0000
vt 0.9340 0.9525 0.0000
vt 0.9450 0.9525 0.0000
vt 0.9420 0.9615 0.0000
vt 0.9350 0.9615 0.0000
vt 0.9480 0.9625 0.0000
vt 0.9470 0.9615 0.0000
vt 0.9310 0.9615 0.0000
vt 0.9280 0.9615 0.0000
vt 0.8830 0.9385 0.0000
vt 0.8830 0.9175 0.0000
vt 0.9110 0.9145 0.0000
vt 0.9580 0.9115 0.0000
vt 0.9620 0.9125 0.0000
vt 0.9570 0.8995 0.0000
vt 0.9600 0.9005 0.0000
vt 0.9280 0.9525 0.0000
vt 0.9240 0.9505 0.0000
vt 0.9530 0.9135 0.0000
vt 0.9380 0.9125 0.0000
vt 0.9260 0.9395 0.0000
vt 0.9580 0.9285 0.0000
vt 0.9610 0.9295 0.0000
vt 0.9400 0.9655 0.0000
vt 0.9360 0.9655 0.0000
vt 0.9540 0.9525 0.0000
vt 0.9520 0.9525 0.0000
vt 0.9580 0.9415 0.0000
vt 0.9560 0.9415 0.0000
vt 0.9550 0.8755 0.0000
vt 0.7840 0.5895 0.0000
vt 0.6290 0.7925 0.0000
vt 0.6870 0.6035 0.0000
vt 0.7410 0.5735 0.0000
vt 0.7920 0.5795 0.0000
vt 0.7910 0.5775 0.0000
vt 0.6960 0.8355 0.0000
vt 0.7450 0.8455 0.0000
vt 0.7450 0.8265 0.0000
vt 0.8250 0.7615 0.0000
vt 0.6900 0.8455 0.0000
vt 0.7470 0.8605 0.0000
vt 0.7860 0.9275 0.0000
vt 0.8290 0.9355 0.0000
vt 0.9430 0.5915 0.0000
vt 0.1950 0.8945 0.0000
vt 0.2030 0.8925 0.0000
vt 0.2490 0.7275 0.0000
vt 0.5550 0.9225 0.0000
vt 0.5790 0.9175 0.0000
vt 0.5750 0.9185 0.0000
vt 0.5850 0.9185 0.0000
vt 0.5870 0.9345 0.0000
vt 0.5810 0.9365 0.0000
vt 0.5770 0.9365 0.0000
vt 0.5390 0.9155 0.0000
vt 0.5270 0.9195 0.0000
vt 0.6050 0.1885 0.0000
vt 0.6050 0.1935 0.0000
vt 0.5720 0.2275 0.0000
vt 0.5760 0.2235 0.0000
vt 0.5810 0.2275 0.0000
vt 0.5680 0.2365 0.0000
vt 0.5640 0.2235 0.0000
vt 0.5580 0.2175 0.0000
vt 0.5280 0.9365 0.0000
vt 0.5280 0.9375 0.0000
vt 0.5310 0.9425 0.0000
vt 0.5310 0.9445 0.0000
vt 0.3490 0.8965 0.0000
vt 0.3590 0.8595 0.0000
vt 0.3670 0.8255 0.0000
vt 0.4590 0.9225 0.0000
vt 0.4480 0.9595 0.0000
vt 0.4050 0.7475 0.0000
vt 0.3910 0.7915 0.0000
vt 0.4450 0.8755 0.0000
vt 0.4080 0.9815 0.0000
vt 0.3690 0.9795 0.0000
vt 0.6480 0.8155 0.0000
vt 0.6690 0.6685 0.0000
vt 0.6970 0.6525 0.0000
vt 0.6500 0.6565 0.0000
vt 0.6770 0.6415 0.0000
vt 0.6520 0.8085 0.0000
vt 0.6150 0.0595 0.0000
vt 0.6150 0.0635 0.0000
vt 0.5060 0.0775 0.0000
vt 0.5050 0.0665 0.0000
vt 0.5110 0.0765 0.0000
vt 0.5110 0.0665 0.0000
vt 0.5860 0.0955 0.0000
vt 0.6070 0.0935 0.0000
vt 0.6060 0.1015 0.0000
vt 0.5090 0.0775 0.0000
vt 0.5090 0.0665 0.0000
vt 0.5850 0.0745 0.0000
vt 0.5600 0.0965 0.0000
vt 0.5850 0.0775 0.0000
vt 0.6080 0.0775 0.0000
vt 0.6060 0.0695 0.0000
vt 0.6160 0.0695 0.0000
vt 0.6050 0.0755 0.0000
vt 0.6170 0.0755 0.0000
vt 0.6060 0.1045 0.0000
vt 0.5220 0.0905 0.0000
vt 0.5130 0.0885 0.0000
vt 0.5110 0.0875 0.0000
vt 0.5150 0.0875 0.0000
vt 0.5310 0.0885 0.0000
vt 0.5560 0.0895 0.0000
vt 0.5850 0.0895 0.0000
vt 0.5040 0.3505 0.0000
vt 0.7330 0.4315 0.0000
vt 0.7310 0.4835 0.0000
vt 0.6240 0.3495 0.0000
vt 0.6250 0.2975 0.0000
vt 0.5970 0.2965 0.0000
vt 0.5600 0.2965 0.0000
vt 0.6610 0.2975 0.0000
vt 0.6610 0.3515 0.0000
vt 0.5330 0.2975 0.0000
vt 0.5130 0.0515 0.0000
vt 0.5840 0.0555 0.0000
vt 0.5330 0.0215 0.0000
vt 0.5270 0.0215 0.0000
vt 0.5140 0.0515 0.0000
vt 0.5080 0.0515 0.0000
vt 0.5480 0.0215 0.0000
vt 0.5300 0.0515 0.0000
vt 0.5960 0.1285 0.0000
vt 0.6030 0.1335 0.0000
vt 0.4390 0.4325 0.0000
vt 0.3800 0.2815 0.0000
vt 0.3760 0.2765 0.0000
vt 0.4260 0.4535 0.0000
vt 0.4060 0.4655 0.0000
vt 0.3760 0.4725 0.0000
vt 0.2250 0.1175 0.0000
vt 0.6860 0.3525 0.0000
vt 0.7180 0.3515 0.0000
vt 0.7320 0.3515 0.0000
vt 0.7410 0.3525 0.0000
vt 0.6600 0.3525 0.0000
vt 0.5120 0.3015 0.0000
vt 0.5030 0.3065 0.0000
vt 0.6860 0.2975 0.0000
vt 0.7210 0.2965 0.0000
vt 0.7380 0.2975 0.0000
vt 0.7460 0.3015 0.0000
vt 0.6600 0.2975 0.0000
vt 0.5610 0.2535 0.0000
vt 0.5330 0.2535 0.0000
vt 0.5150 0.2535 0.0000
vt 0.5060 0.2535 0.0000
vt 0.5970 0.2535 0.0000
vt 0.6240 0.2535 0.0000
vt 0.6600 0.2535 0.0000
vt 0.6850 0.2535 0.0000
vt 0.7190 0.2535 0.0000
vt 0.7360 0.2535 0.0000
vt 0.7430 0.2535 0.0000
vt 0.1720 0.2455 0.0000
vt 0.1960 0.2455 0.0000
vt 0.2230 0.2125 0.0000
vt 0.2210 0.2455 0.0000
vt 0.2520 0.2115 0.0000
vt 0.2530 0.2455 0.0000
vt 0.2770 0.2455 0.0000
vt 0.2990 0.2455 0.0000
vt 0.3200 0.2455 0.0000
vt 0.3430 0.2455 0.0000
vt 0.3670 0.2455 0.0000
vt 0.3900 0.2455 0.0000
vt 0.4220 0.2455 0.0000
vt 0.4550 0.2455 0.0000
vt 0.4690 0.2305 0.0000
vt 0.4640 0.2455 0.0000
vt 0.4870 0.2455 0.0000
vt 0.1950 0.9655 0.0000
vt 0.1880 0.9655 0.0000
vt 0.1830 0.9655 0.0000
vt 0.2280 0.9655 0.0000
vt 0.2250 0.9655 0.0000
vt 0.2200 0.9655 0.0000
vt 0.2130 0.9645 0.0000
vt 0.2030 0.9645 0.0000
vt 0.2110 0.8905 0.0000
vt 0.2170 0.8905 0.0000
vt 0.2230 0.8925 0.0000
vt 0.2280 0.8955 0.0000
vt 0.1830 0.8965 0.0000
vt 0.1880 0.8955 0.0000
vt 0.1800 0.8455 0.0000
vt 0.1850 0.8325 0.0000
vt 0.1900 0.8325 0.0000
vt 0.1070 0.9415 0.0000
vt 0.1010 0.9185 0.0000
vt 0.0970 0.8315 0.0000
vt 0.1420 0.7765 0.0000
vt 0.1090 0.7755 0.0000
vt 0.1520 0.7175 0.0000
vt 0.1190 0.7155 0.0000
vt 0.1570 0.6625 0.0000
vt 0.1270 0.6605 0.0000
vt 0.1620 0.6215 0.0000
vt 0.1360 0.6165 0.0000
vt 0.0470 0.9785 0.0000
vt 0.0450 0.9655 0.0000
vt 0.0470 0.9015 0.0000
vt 0.0470 0.8315 0.0000
vt 0.0490 0.7755 0.0000
vt 0.0540 0.7155 0.0000
vt 0.0610 0.6585 0.0000
vt 0.0720 0.6095 0.0000
vt 0.6090 0.6635 0.0000
vt 0.5810 0.6425 0.0000
vt 0.5750 0.6355 0.0000
vt 0.9430 0.6495 0.0000
vt 0.9450 0.7165 0.0000
vt 0.9450 0.7765 0.0000
vt 0.9450 0.8195 0.0000
vt 0.9430 0.8475 0.0000
vt 0.9440 0.8805 0.0000
vt 0.9430 0.9185 0.0000
vt 0.9430 0.9435 0.0000
vt 0.9380 0.9685 0.0000
vt 0.2120 0.8045 0.0000
vt 0.2240 0.7965 0.0000
vt 0.2200 0.8065 0.0000
vt 0.2270 0.8045 0.0000
vt 0.2240 0.8085 0.0000
vt 0.5620 0.9045 0.0000
vt 0.5570 0.9075 0.0000
vt 0.5520 0.9095 0.0000
vt 0.5490 0.9115 0.0000
vt 0.5430 0.9135 0.0000
vt 0.5210 0.9265 0.0000
vt 0.5190 0.9345 0.0000
vt 0.5560 0.9635 0.0000
vt 0.5640 0.9645 0.0000
vt 0.5680 0.9645 0.0000
vt 0.5720 0.9655 0.0000
vt 0.5750 0.9655 0.0000
vt 0.5800 0.9655 0.0000
vt 0.5860 0.9665 0.0000
vt 0.5880 0.9715 0.0000
vt 0.5870 0.9725 0.0000
vt 0.5680 0.9035 0.0000
vt 0.5660 0.9015 0.0000
vt 0.5650 0.9025 0.0000
vt 0.5590 0.9025 0.0000
vt 0.5580 0.9045 0.0000
vt 0.5540 0.9045 0.0000
vt 0.5540 0.9075 0.0000
vt 0.5500 0.9075 0.0000
vt 0.5490 0.9095 0.0000
vt 0.5470 0.9095 0.0000
vt 0.5460 0.9115 0.0000
vt 0.5420 0.9115 0.0000
vt 0.5420 0.9135 0.0000
vt 0.5370 0.9145 0.0000
vt 0.5380 0.9165 0.0000
vt 0.5270 0.9185 0.0000
vt 0.5290 0.9225 0.0000
vt 0.5230 0.9295 0.0000
vt 0.5190 0.9325 0.0000
vt 0.5190 0.9375 0.0000
vt 0.5520 0.9465 0.0000
vt 0.5570 0.9465 0.0000
vt 0.5670 0.9465 0.0000
vt 0.5710 0.9465 0.0000
vt 0.5750 0.9465 0.0000
vt 0.5800 0.9465 0.0000
vt 0.5840 0.9465 0.0000
vt 0.5920 0.9465 0.0000
vt 0.5980 0.1875 0.0000
vt 0.5890 0.1855 0.0000
vt 0.5850 0.1855 0.0000
vt 0.5620 0.1845 0.0000
vt 0.5980 0.1925 0.0000
vt 0.5850 0.1895 0.0000
vt 0.5620 0.1885 0.0000
vt 0.6200 0.1665 0.0000
vt 0.6160 0.1615 0.0000
vt 0.6050 0.1585 0.0000
vt 0.5980 0.1595 0.0000
vt 0.5850 0.1625 0.0000
vt 0.5620 0.1635 0.0000
vt 0.5770 0.2275 0.0000
vt 0.5750 0.2475 0.0000
vt 0.5650 0.2445 0.0000
vt 0.2030 0.8155 0.0000
vt 0.5660 0.9115 0.0000
vt 0.5670 0.9075 0.0000
vt 0.5570 0.9105 0.0000
vt 0.5580 0.9075 0.0000
vt 0.5490 0.9125 0.0000
vt 0.5410 0.9155 0.0000
vt 0.5420 0.9125 0.0000
vt 0.5350 0.9195 0.0000
vt 0.5350 0.9175 0.0000
vt 0.5310 0.9245 0.0000
vt 0.5280 0.9305 0.0000
vt 0.5300 0.9275 0.0000
vt 0.5340 0.9245 0.0000
vt 0.5400 0.9225 0.0000
vt 0.5470 0.9205 0.0000
vt 0.5560 0.9205 0.0000
vt 0.5650 0.9205 0.0000
vt 0.5730 0.9225 0.0000
vt 0.5810 0.9245 0.0000
vt 0.5900 0.9275 0.0000
vt 0.5950 0.9235 0.0000
vt 0.5770 0.9475 0.0000
vt 0.5690 0.9475 0.0000
vt 0.5600 0.9475 0.0000
vt 0.5510 0.9465 0.0000
vt 0.5430 0.9445 0.0000
vt 0.5350 0.9485 0.0000
vt 0.5370 0.9415 0.0000
vt 0.5320 0.9375 0.0000
vt 0.5290 0.9345 0.0000
vt 0.5290 0.9305 0.0000
vt 0.5330 0.9315 0.0000
vt 0.5380 0.9315 0.0000
vt 0.5450 0.9325 0.0000
vt 0.5530 0.9335 0.0000
vt 0.5620 0.9345 0.0000
vt 0.5710 0.9355 0.0000
vt 0.5790 0.9355 0.0000
vt 0.5970 0.9225 0.0000
vt 0.5890 0.9515 0.0000
vt 0.9160 0.4665 0.0000
vt 0.9150 0.4585 0.0000
vt 0.9450 0.4745 0.0000
vt 0.9630 0.4555 0.0000
vt 0.9770 0.4345 0.0000
vt 0.9860 0.4095 0.0000
vt 0.9870 0.3765 0.0000
vt 0.9840 0.3535 0.0000
vt 0.9050 0.3275 0.0000
vt 0.8750 0.3395 0.0000
vt 0.9840 0.0835 0.0000
vt 0.9530 0.0525 0.0000
vt 0.9120 0.0165 0.0000
vt 0.8760 0.0045 0.0000
vt 0.5600 0.0555 0.0000
vt 0.5870 0.0555 0.0000
vt 0.6060 0.0555 0.0000
vt 0.6140 0.0555 0.0000
vt 0.5610 0.0215 0.0000
vt 0.5410 0.0215 0.0000
vt 0.5320 0.0215 0.0000
vt 0.5720 0.0215 0.0000
vt 0.5840 0.0215 0.0000
vt 0.6020 0.0215 0.0000
vt 0.6070 0.0215 0.0000
vt 0.6000 0.0215 0.0000
vt 0.5820 0.0215 0.0000
vt 0.3710 0.0625 0.0000
vt 0.3610 0.0225 0.0000
vt 0.3290 0.0225 0.0000
vt 0.3360 0.0625 0.0000
vt 0.2530 0.0225 0.0000
vt 0.2530 0.0625 0.0000
vt 0.1760 0.0225 0.0000
vt 0.1690 0.0625 0.0000
vt 0.1440 0.0225 0.0000
vt 0.1350 0.0625 0.0000
vt 0.3400 0.0065 0.0000
vt 0.3140 0.0065 0.0000
vt 0.2530 0.0065 0.0000
vt 0.1910 0.0065 0.0000
vt 0.1660 0.0065 0.0000
vt 0.3290 0.1015 0.0000
vt 0.3610 0.1015 0.0000
vt 0.2530 0.1015 0.0000
vt 0.1760 0.1015 0.0000
vt 0.1440 0.1015 0.0000
vt 0.2530 0.1185 0.0000
vt 0.3200 0.1185 0.0000
vt 0.3480 0.1185 0.0000
vt 0.1850 0.1185 0.0000
vt 0.1570 0.1185 0.0000
vt 0.5580 0.5285 0.0000
vt 0.5580 0.5025 0.0000
vt 0.5550 0.5025 0.0000
vt 0.5550 0.5285 0.0000
vt 0.5530 0.5025 0.0000
vt 0.5530 0.5285 0.0000
vt 0.5480 0.5065 0.0000
vt 0.5480 0.5235 0.0000
vt 0.5440 0.5025 0.0000
vt 0.5440 0.5285 0.0000
vt 0.5410 0.5025 0.0000
vt 0.5410 0.5285 0.0000
vt 0.5380 0.5025 0.0000
vt 0.5380 0.5285 0.0000
vt 0.5360 0.5115 0.0000
vt 0.5360 0.5235 0.0000
vt 0.5330 0.5025 0.0000
vt 0.5330 0.5285 0.0000
vt 0.5300 0.5025 0.0000
vt 0.5300 0.5285 0.0000
vt 0.5270 0.5025 0.0000
vt 0.5270 0.5285 0.0000
vt 0.5250 0.5025 0.0000
vt 0.5250 0.5285 0.0000
vt 0.5210 0.5025 0.0000
vt 0.5210 0.5285 0.0000
vt 0.5180 0.5025 0.0000
vt 0.5180 0.5285 0.0000
vt 0.5130 0.5025 0.0000
vt 0.5130 0.5285 0.0000
vt 0.5100 0.5025 0.0000
vt 0.5100 0.5285 0.0000
vt 0.5070 0.5025 0.0000
vt 0.5070 0.5285 0.0000
vt 0.5050 0.5025 0.0000
vt 0.5050 0.5285 0.0000
vt 0.5020 0.5025 0.0000
vt 0.5020 0.5285 0.0000
vt 0.5600 0.5025 0.0000
vt 0.5600 0.5235 0.0000
vt 0.6580 0.0085 0.0000
vt 0.6870 0.0045 0.0000
vt 0.7170 0.0085 0.0000
vt 0.6400 0.0175 0.0000
vt 0.7350 0.0175 0.0000
vt 0.6300 0.0305 0.0000
vt 0.7450 0.0305 0.0000
vt 0.6310 0.0485 0.0000
vt 0.7430 0.0485 0.0000
vt 0.6380 0.0615 0.0000
vt 0.7370 0.0615 0.0000
vt 0.6370 0.0795 0.0000
vt 0.7380 0.0795 0.0000
vt 0.6370 0.0915 0.0000
vt 0.7380 0.0915 0.0000
vt 0.6440 0.1075 0.0000
vt 0.7310 0.1075 0.0000
vt 0.6620 0.1165 0.0000
vt 0.7130 0.1165 0.0000
vt 0.6870 0.1195 0.0000
vt 0.1020 0.3745 0.0000
vt 0.1140 0.2265 0.0000
vt 0.2040 0.3815 0.0000
vt 0.2120 0.2335 0.0000
vt 0.2770 0.7825 0.0000
vt 0.1960 0.6805 0.0000
vt 0.3330 0.7865 0.0000
vt 0.2740 0.6865 0.0000
vt 0.6000 0.6895 0.0000
vt 0.7240 0.6865 0.0000
vt 0.5670 0.7885 0.0000
vt 0.6570 0.7865 0.0000
vt 0.6230 0.5505 0.0000
vt 0.7730 0.5465 0.0000
vt 0.6300 0.3865 0.0000
vt 0.7910 0.3815 0.0000
vt 0.6180 0.2385 0.0000
vt 0.7710 0.2335 0.0000
vt 0.5940 0.1175 0.0000
vt 0.7300 0.1135 0.0000
vt 0.5540 0.0325 0.0000
vt 0.6540 0.0295 0.0000
vt 0.1510 0.1075 0.0000
vt 0.2360 0.1135 0.0000
vt 0.6760 0.0255 0.0000
vt 0.7590 0.1075 0.0000
vt 0.8020 0.2265 0.0000
vt 0.8220 0.3745 0.0000
vt 0.8020 0.5395 0.0000
vt 0.7480 0.6805 0.0000
vt 0.2310 0.0255 0.0000
vt 0.2930 0.0295 0.0000
vt 0.1330 0.5395 0.0000
vt 0.2270 0.5465 0.0000
vt 0.4280 0.6895 0.0000
vt 0.4440 0.7885 0.0000
vt 0.4150 0.5505 0.0000
vt 0.4060 0.3865 0.0000
vt 0.4040 0.2385 0.0000
vt 0.4050 0.1175 0.0000
vt 0.4160 0.0325 0.0000
vt 0.6750 0.7825 0.0000
# 1376 texture coords

g Inst3D
usemtl 01___Default
s 1
f 1/1 2/2 3/3 
f 4/4 5/5 6/6 
f 7/7 8/8 9/9 
f 10/10 6/6 5/5 
f 11/11 10/10 5/5 
f 12/12 13/13 9/9 
f 14/14 15/15 8/8 
f 16/16 17/17 5/5 
f 17/17 11/18 5/5 
f 18/19 19/20 16/16 
f 15/15 20/21 8/8 
f 20/21 21/22 8/8 
f 8/8 21/22 9/9 
f 21/22 22/23 9/9 
f 9/9 22/23 12/12 
f 22/23 23/24 12/12 
f 20/21 24/25 21/22 
f 25/26 26/27 22/23 
f 22/23 26/27 23/24 
f 26/27 27/28 23/24 
f 28/29 29/30 30/31 
f 28/32 31/33 32/34 
f 33/8 34/7 35/9 
f 31/33 28/32 36/13 
f 6/6 10/10 37/5 
f 10/10 11/11 37/5 
f 36/13 38/12 35/9 
f 28/32 30/31 36/13 
f 30/31 38/12 36/13 
f 30/31 39/35 38/12 
f 39/35 40/24 38/12 
f 41/15 14/14 33/8 
f 42/17 43/16 37/5 
f 11/18 42/17 37/5 
f 34/7 33/8 44/36 
f 45/37 44/36 33/8 
f 46/20 47/19 43/16 
f 47/19 37/5 43/16 
f 48/21 41/15 33/8 
f 49/22 48/21 33/8 
f 49/22 33/8 35/9 
f 50/23 49/22 35/9 
f 50/23 35/9 38/12 
f 40/24 50/23 38/12 
f 51/25 48/21 49/22 
f 52/27 53/26 50/23 
f 52/27 50/23 40/24 
f 54/28 52/27 40/24 
f 55/38 56/39 57/40 
f 58/40 59/41 60/42 
f 61/43 62/44 63/45 
f 62/44 64/46 65/47 
f 65/47 63/45 62/44 
f 56/39 66/48 57/40 
f 67/41 57/40 68/42 
f 69/45 67/41 68/42 
f 70/44 71/43 69/45 
f 72/46 70/44 73/47 
f 69/45 73/47 70/44 
f 74/49 69/45 68/42 
f 68/42 75/50 74/49 
f 69/45 74/49 76/51 
f 77/52 78/52 79/52 
f 78/52 77/52 80/52 
f 81/52 82/52 83/52 
f 82/52 81/52 84/52 
f 85/53 86/53 87/53 
f 85/53 88/53 86/53 
f 89/53 90/53 91/53 
f 89/53 91/53 92/53 
f 93/54 94/55 95/56 
f 96/57 97/58 98/59 
f 99/60 96/57 100/61 
f 101/62 102/63 103/64 
f 104/65 105/66 106/67 
f 107/68 108/69 109/70 
f 105/66 110/71 111/72 
f 110/71 112/73 111/72 
f 112/73 113/74 111/72 
f 113/74 114/75 111/72 
f 113/74 115/76 114/75 
f 105/66 104/65 110/71 
f 111/72 114/75 116/77 
f 110/71 104/65 117/78 
f 118/79 119/80 120/81 
f 121/82 122/83 123/84 
f 124/85 125/86 126/87 
f 127/88 128/89 129/90 
f 130/91 131/92 132/93 
f 133/94 131/92 134/95 
f 135/96 124/85 126/87 
f 131/92 133/94 132/93 
f 119/80 136/97 120/81 
f 128/89 137/98 129/90 
f 138/99 139/100 140/101 
f 141/102 142/103 82/104 
f 143/105 144/106 145/107 
f 146/108 147/109 148/110 
f 64/46 62/44 149/111 
f 62/44 61/43 150/112 
f 151/113 152/114 153/115 
f 154/116 139/117 138/118 
f 139/117 154/116 155/119 
f 156/120 157/121 158/122 
f 159/123 160/124 161/125 
f 162/126 163/127 164/128 
f 163/127 165/129 166/130 
f 145/131 167/132 143/133 
f 139/100 168/134 140/101 
f 169/135 170/136 171/137 
f 172/138 173/139 174/140 
f 175/141 172/138 176/142 
f 177/143 172/138 174/140 
f 178/144 179/145 180/146 
f 181/147 182/148 183/149 
f 181/147 183/149 173/139 
f 175/141 181/147 173/139 
f 184/150 185/151 180/146 
f 184/150 180/146 179/145 
f 186/152 187/153 188/154 
f 183/149 186/152 188/154 
f 183/149 188/154 174/140 
f 173/139 183/149 174/140 
f 189/155 190/156 191/157 
f 192/158 193/159 194/160 
f 195/161 196/162 197/163 
f 198/164 199/165 200/166 
f 201/167 202/168 203/169 
f 204/170 205/171 206/172 
f 207/173 208/174 209/175 
f 207/173 202/168 208/174 
f 202/168 210/176 208/174 
f 202/168 201/167 210/176 
f 211/177 212/178 213/179 
f 214/180 215/181 216/182 
f 217/183 218/184 219/185 
f 217/183 220/186 218/184 
f 220/186 221/187 218/184 
f 222/188 189/155 191/157 
f 179/145 178/144 223/189 
f 224/190 211/177 225/191 
f 196/162 226/192 227/193 
f 226/192 196/162 228/194 
f 196/162 195/161 228/194 
f 212/178 211/177 229/195 
f 211/177 224/190 229/195 
f 230/196 198/164 200/166 
f 231/197 214/180 216/182 
f 205/171 232/198 206/172 
f 233/199 169/135 171/137 
f 170/136 234/200 171/137 
f 235/201 236/202 237/203 
f 173/139 172/138 175/141 
f 238/204 210/205 239/206 
f 238/204 239/206 240/207 
f 241/208 238/204 240/207 
f 242/209 243/210 244/211 
f 245/212 246/213 247/214 
f 248/215 245/212 247/214 
f 248/215 247/214 249/216 
f 250/217 248/215 249/216 
f 251/218 245/212 248/215 
f 252/219 251/218 248/215 
f 252/219 248/215 250/217 
f 253/220 252/219 250/217 
f 237/221 254/222 255/221 
f 254/222 256/223 255/221 
f 257/224 258/225 259/226 
f 260/227 214/228 261/229 
f 262/230 169/231 263/232 
f 264/233 265/234 266/235 
f 264/233 267/236 265/234 
f 268/237 225/238 211/239 
f 269/240 270/241 271/242 
f 272/243 273/240 271/242 
f 273/240 269/240 271/242 
f 274/244 275/245 276/246 
f 277/247 278/248 279/249 
f 275/245 280/250 279/249 
f 189/251 281/252 282/253 
f 283/254 284/255 285/256 
f 193/257 192/258 286/259 
f 286/259 287/260 288/261 
f 286/259 192/258 287/260 
f 192/258 289/262 287/260 
f 290/263 291/264 280/250 
f 292/265 196/266 227/267 
f 278/248 275/245 279/249 
f 275/245 278/248 276/246 
f 280/250 275/245 290/263 
f 293/268 294/269 295/270 
f 296/271 297/272 294/273 
f 298/274 299/275 300/276 
f 299/275 298/274 301/277 
f 302/278 303/279 304/280 
f 305/281 306/282 307/283 
f 308/284 309/285 310/286 
f 311/287 312/288 313/289 
f 314/290 315/291 316/292 
f 317/293 303/279 318/294 
f 306/282 316/292 315/291 
f 307/283 306/282 315/291 
f 305/281 319/295 306/282 
f 319/295 316/292 306/282 
f 320/296 321/297 299/298 
f 322/299 323/300 321/297 
f 324/301 325/302 326/303 
f 327/304 325/302 328/305 
f 329/306 330/307 331/308 
f 332/309 331/308 323/300 
f 322/299 332/309 323/300 
f 333/310 334/311 335/312 
f 336/313 337/314 310/286 
f 318/294 303/279 338/315 
f 326/303 325/302 334/311 
f 307/283 315/291 339/316 
f 340/317 338/315 303/279 
f 302/278 340/317 303/279 
f 341/318 324/301 326/303 
f 342/319 308/284 343/320 
f 344/321 329/306 345/322 
f 321/297 320/296 322/299 
f 341/318 346/323 347/324 
f 346/323 341/318 326/303 
f 341/318 348/325 324/301 
f 347/324 348/325 341/318 
f 347/324 330/307 348/325 
f 308/284 342/319 309/285 
f 330/307 344/321 349/326 
f 344/321 330/307 329/306 
f 350/327 351/328 352/329 
f 353/330 350/327 352/329 
f 354/331 355/332 356/333 
f 355/332 357/334 356/333 
f 355/332 358/335 357/334 
f 359/336 360/337 361/338 
f 362/339 363/340 364/341 
f 365/342 366/343 367/344 
f 368/345 369/346 370/347 
f 371/348 372/349 373/350 
f 374/351 375/352 376/353 
f 374/351 376/353 377/354 
f 369/346 378/355 379/356 
f 379/356 378/355 380/357 
f 381/358 382/359 383/360 
f 382/359 384/361 383/360 
f 382/359 381/358 385/362 
f 385/362 381/358 386/363 
f 381/358 387/364 386/363 
f 386/363 387/364 388/365 
f 387/364 389/366 388/365 
f 387/364 390/367 389/366 
f 386/368 388/369 391/370 
f 388/369 392/371 391/370 
f 388/369 393/372 392/371 
f 386/368 391/370 385/373 
f 391/370 394/374 385/373 
f 391/370 395/375 394/374 
f 382/376 385/373 394/374 
f 396/377 382/376 394/374 
f 391/370 392/371 395/375 
f 393/372 388/369 389/378 
f 397/379 398/380 399/381 
f 400/382 401/383 402/384 
f 399/381 400/382 402/384 
f 403/385 404/386 405/387 
f 404/386 406/388 405/387 
f 406/388 407/389 405/387 
f 408/390 398/380 397/379 
f 402/384 401/383 409/391 
f 404/386 402/384 409/391 
f 401/383 400/382 410/392 
f 409/391 401/383 410/392 
f 410/392 407/389 406/388 
f 410/392 406/388 404/386 
f 409/391 410/392 404/386 
f 370/393 411/394 368/395 
f 412/396 319/397 413/398 
f 414/399 415/400 331/401 
f 415/400 414/399 416/402 
f 417/403 418/404 415/400 
f 419/405 420/406 418/404 
f 421/407 420/408 368/395 
f 416/402 417/403 415/400 
f 414/399 331/401 332/409 
f 319/397 422/410 316/410 
f 372/411 423/412 424/413 
f 56/39 55/38 425/414 
f 426/415 427/416 428/417 
f 429/418 430/419 431/420 
f 382/421 396/422 432/423 
f 320/424 382/421 432/423 
f 433/425 68/42 66/48 
f 57/40 66/48 68/42 
f 396/422 427/416 426/415 
f 434/426 435/427 427/416 
f 436/428 437/429 438/428 
f 73/47 69/45 76/51 
f 439/430 440/431 441/432 
f 67/41 69/45 71/43 
f 430/419 429/418 442/433 
f 443/434 444/435 428/417 
f 445/436 443/434 428/417 
f 66/48 446/437 447/438 
f 448/439 429/418 449/440 
f 429/418 450/441 449/440 
f 429/418 431/420 450/441 
f 431/420 451/442 450/441 
f 431/420 452/443 451/442 
f 57/40 67/41 55/38 
f 332/444 447/438 414/445 
f 453/446 332/444 322/447 
f 66/48 56/39 446/437 
f 430/419 452/443 431/420 
f 454/111 455/448 424/449 
f 455/448 372/450 424/449 
f 456/451 72/46 457/452 
f 417/403 416/402 458/453 
f 71/43 70/44 459/112 
f 70/44 72/46 454/111 
f 460/109 461/108 462/110 
f 75/50 68/42 433/425 
f 447/438 332/444 453/446 
f 463/58 464/57 465/59 
f 464/57 99/60 100/61 
f 464/454 463/455 466/73 
f 467/74 464/454 466/73 
f 99/456 464/454 467/74 
f 468/66 469/65 470/67 
f 471/69 472/68 473/70 
f 474/71 468/66 475/72 
f 466/73 474/71 475/72 
f 467/74 466/73 475/72 
f 469/65 468/66 474/71 
f 469/65 474/71 476/78 
f 477/80 478/79 479/81 
f 480/83 481/82 482/84 
f 483/86 484/85 485/87 
f 486/89 487/88 488/90 
f 489/92 490/91 491/93 
f 489/92 492/94 493/95 
f 484/85 494/96 485/87 
f 492/94 489/92 491/93 
f 495/97 477/80 479/81 
f 496/98 486/89 488/90 
f 139/100 497/99 498/101 
f 499/103 500/102 77/104 
f 501/402 502/403 503/453 
f 372/450 504/448 505/449 
f 504/448 149/111 505/449 
f 506/106 507/105 508/107 
f 509/443 510/419 511/420 
f 512/457 513/447 514/446 
f 515/444 516/438 514/446 
f 517/430 518/431 519/433 
f 520/50 60/42 521/49 
f 522/114 523/113 524/115 
f 139/117 525/116 497/118 
f 525/116 139/117 155/119 
f 526/121 527/120 528/122 
f 529/124 530/123 531/125 
f 532/127 533/126 534/128 
f 535/129 532/127 536/130 
f 537/132 508/131 507/133 
f 538/134 139/100 498/101 
f 539/139 540/138 541/140 
f 542/141 543/136 544/142 
f 540/138 545/143 541/140 
f 546/147 547/458 542/141 
f 547/458 543/136 542/141 
f 548/194 549/149 550/152 
f 551/153 550/152 552/154 
f 550/152 549/149 552/154 
f 552/154 549/149 541/140 
f 549/149 539/139 541/140 
f 553/156 554/155 555/157 
f 556/159 557/158 558/160 
f 559/459 560/183 561/460 
f 562/162 563/161 564/163 
f 565/165 566/164 567/166 
f 568/171 569/170 570/172 
f 571/174 572/173 573/175 
f 574/168 572/173 571/174 
f 575/176 574/168 571/174 
f 576/178 577/177 578/179 
f 579/181 580/180 581/182 
f 582/461 583/462 584/463 
f 585/186 560/183 586/184 
f 587/464 588/465 589/466 
f 561/460 585/186 590/467 
f 560/183 585/186 561/460 
f 554/155 591/188 555/157 
f 592/144 593/145 594/189 
f 577/177 595/190 596/191 
f 597/192 562/162 598/193 
f 562/162 597/192 548/194 
f 563/161 562/162 548/194 
f 577/177 576/178 599/195 
f 595/190 577/177 599/195 
f 583/462 600/468 584/463 
f 566/164 601/196 567/166 
f 580/180 602/197 581/182 
f 603/198 568/171 570/172 
f 604/469 587/464 589/466 
f 605/470 575/205 606/206 
f 575/205 571/471 607/204 
f 559/212 608/215 609/214 
f 609/214 608/215 610/216 
f 608/215 611/217 610/216 
f 559/212 561/218 608/215 
f 561/218 590/219 608/215 
f 608/215 590/219 611/217 
f 590/219 612/220 611/217 
f 613/222 614/221 615/221 
f 616/223 613/222 615/221 
f 580/228 617/227 618/229 
f 619/472 620/473 621/474 
f 619/472 622/475 623/476 
f 624/477 625/478 626/479 
f 620/473 619/472 623/476 
f 627/234 628/233 629/235 
f 596/238 630/237 577/239 
f 631/480 632/243 633/481 
f 634/245 635/244 636/246 
f 637/482 638/483 639/484 
f 640/485 619/472 641/486 
f 634/245 642/248 643/249 
f 642/248 634/245 636/246 
f 644/269 645/268 646/270 
f 647/272 648/271 644/273 
f 649/487 650/488 651/312 
f 652/279 653/278 654/280 
f 655/282 656/281 657/283 
f 658/285 659/284 660/286 
f 661/291 662/290 663/292 
f 664/293 656/281 665/294 
f 666/295 656/281 655/282 
f 667/297 668/296 669/298 
f 670/300 513/299 667/297 
f 671/302 672/301 673/303 
f 674/313 675/489 676/490 
f 677/491 675/489 674/313 
f 676/490 660/286 674/313 
f 678/308 515/309 670/300 
f 515/309 513/299 670/300 
f 649/487 658/285 650/488 
f 679/314 674/313 660/286 
f 652/279 665/294 680/315 
f 680/315 665/294 666/295 
f 665/294 656/281 666/295 
f 671/302 673/303 681/311 
f 666/295 682/492 680/315 
f 682/492 683/317 680/315 
f 680/315 683/317 652/279 
f 683/317 653/278 652/279 
f 672/301 684/318 673/303 
f 659/284 685/319 686/320 
f 687/306 688/321 689/322 
f 668/296 667/297 513/299 
f 690/323 684/318 691/324 
f 684/318 690/323 673/303 
f 692/325 684/318 672/301 
f 692/325 691/324 684/318 
f 693/307 691/324 692/325 
f 685/319 659/284 658/285 
f 688/321 693/307 694/326 
f 693/307 688/321 687/306 
f 355/332 695/335 696/351 
f 697/493 355/332 698/352 
f 355/332 696/351 698/352 
f 699/328 700/327 701/329 
f 700/327 702/330 701/329 
f 703/494 704/340 705/341 
f 704/340 706/339 705/341 
f 707/495 708/496 709/497 
f 710/343 365/342 367/344 
f 365/342 708/496 707/495 
f 699/328 708/496 700/327 
f 708/496 365/342 700/327 
f 700/327 365/342 702/330 
f 365/342 710/343 702/330 
f 369/346 711/345 370/347 
f 372/349 712/348 373/350 
f 713/338 712/348 372/349 
f 714/498 713/338 372/349 
f 698/352 696/351 715/353 
f 716/359 717/358 718/360 
f 719/361 716/359 718/360 
f 717/358 716/359 720/362 
f 717/358 720/362 721/363 
f 722/364 717/358 721/363 
f 722/364 721/363 723/365 
f 724/366 722/364 723/365 
f 725/367 722/364 724/366 
f 723/369 721/368 726/370 
f 727/371 723/369 726/370 
f 728/372 723/369 727/371 
f 726/370 721/368 720/373 
f 729/374 726/370 720/373 
f 730/375 726/370 729/374 
f 720/373 716/376 729/374 
f 716/376 731/377 729/374 
f 732/499 727/371 730/375 
f 727/371 726/370 730/375 
f 723/369 728/372 724/378 
f 733/389 734/390 735/392 
f 736/382 737/380 738/381 
f 737/380 397/379 738/381 
f 736/382 738/381 739/384 
f 740/386 403/385 405/387 
f 741/388 740/386 405/387 
f 742/383 743/391 735/392 
f 744/394 370/393 711/395 
f 745/407 744/394 711/395 
f 666/397 746/396 682/398 
f 747/400 748/399 678/401 
f 748/399 747/400 501/402 
f 749/404 502/403 747/400 
f 750/406 751/405 749/404 
f 750/408 745/407 711/395 
f 502/403 501/402 747/400 
f 678/401 748/399 515/409 
f 752/410 666/397 663/410 
f 714/412 372/411 505/413 
f 753/38 754/39 755/414 
f 756/418 757/500 758/439 
f 759/501 760/451 761/502 
f 510/419 509/443 762/503 
f 510/419 756/418 511/420 
f 731/422 716/421 763/423 
f 716/421 668/424 763/423 
f 732/416 731/422 764/415 
f 765/427 766/426 732/416 
f 437/429 436/428 767/428 
f 513/447 512/457 668/424 
f 63/45 65/47 768/51 
f 769/432 770/504 518/431 
f 518/431 517/430 769/432 
f 771/505 772/506 773/505 
f 774/507 773/505 772/506 
f 757/500 756/418 518/431 
f 518/431 756/418 519/433 
f 756/418 510/419 519/433 
f 668/424 512/457 763/423 
f 775/435 776/434 777/417 
f 776/434 778/436 777/417 
f 779/437 780/48 516/438 
f 758/439 781/508 782/509 
f 769/432 517/430 776/434 
f 776/434 517/430 778/436 
f 517/430 762/503 778/436 
f 63/45 59/41 61/43 
f 59/41 58/40 753/38 
f 516/438 515/444 748/445 
f 515/444 514/446 513/447 
f 754/39 780/48 779/437 
f 152/510 783/511 153/512 
f 783/511 83/513 153/512 
f 151/514 297/272 296/271 
f 522/510 784/515 785/511 
f 79/513 784/511 524/512 
f 79/52 78/52 786/52 
f 81/52 83/52 787/52 
f 783/511 152/510 788/515 
f 784/511 522/510 524/512 
f 152/114 151/113 789/516 
f 523/113 522/114 790/516 
f 647/272 523/514 648/271 
f 791/517 792/518 87/519 
f 793/520 794/521 795/522 
f 796/523 797/524 798/525 
f 799/521 800/526 801/527 
f 802/528 85/529 803/530 
f 803/530 85/529 87/519 
f 804/531 85/529 805/532 
f 797/524 796/523 806/533 
f 807/534 808/535 805/532 
f 809/536 810/537 802/528 
f 792/518 809/536 802/528 
f 808/535 810/537 811/538 
f 812/539 813/540 814/541 
f 85/529 812/539 88/542 
f 805/532 85/529 807/534 
f 85/529 802/528 807/534 
f 802/528 803/530 792/518 
f 803/530 87/519 792/518 
f 792/518 791/517 815/543 
f 812/539 814/541 88/542 
f 816/544 817/545 818/546 
f 817/545 816/544 819/547 
f 820/544 817/545 821/547 
f 822/548 817/545 819/547 
f 817/545 820/544 818/546 
f 817/545 822/548 823/549 
f 824/548 817/545 823/549 
f 817/545 824/548 821/547 
f 825/550 826/551 827/552 
f 828/550 829/551 830/553 
f 831/554 832/555 833/55 
f 834/554 835/555 836/552 
f 833/55 832/555 837/54 
f 832/555 831/554 827/552 
f 826/551 825/550 838/553 
f 828/550 834/554 836/552 
f 829/551 828/550 836/552 
f 839/556 840/557 841/558 
f 839/556 842/559 843/560 
f 844/54 835/555 845/55 
f 827/552 831/554 825/550 
f 838/553 846/561 826/551 
f 847/561 830/553 829/551 
f 837/54 832/555 848/562 
f 848/562 849/563 837/54 
f 835/555 834/554 845/55 
f 835/555 844/54 848/562 
f 844/54 849/563 848/562 
f 850/56 844/54 845/55 
f 840/557 851/556 841/558 
f 852/564 839/556 853/565 
f 833/55 837/54 854/56 
f 855/559 851/556 856/560 
f 857/536 858/543 859/518 
f 860/566 861/526 862/527 
f 863/521 864/520 865/522 
f 866/524 867/523 868/525 
f 869/524 870/567 871/568 
f 869/524 871/568 872/569 
f 869/524 872/569 873/570 
f 861/526 874/521 862/527 
f 870/567 869/524 875/571 
f 89/529 876/531 877/532 
f 867/523 866/524 878/533 
f 879/535 880/534 877/532 
f 881/537 857/536 882/528 
f 857/536 859/518 882/528 
f 858/543 857/536 883/572 
f 884/540 885/539 886/541 
f 885/539 89/529 92/542 
f 89/529 877/532 880/534 
f 887/556 888/559 889/560 
f 890/530 882/528 859/518 
f 891/517 859/518 858/543 
f 886/541 885/539 92/542 
f 892/545 893/544 894/546 
f 893/544 892/545 895/547 
f 892/545 896/544 897/547 
f 892/545 898/548 895/547 
f 896/544 892/545 894/546 
f 898/548 892/545 899/549 
f 892/545 900/548 899/549 
f 900/548 892/545 897/547 
f 901/551 902/550 903/552 
f 904/551 905/550 906/553 
f 907/555 908/554 94/55 
f 909/555 910/554 911/552 
f 907/555 94/55 93/54 
f 908/554 907/555 903/552 
f 902/550 901/551 912/553 
f 910/554 905/550 911/552 
f 905/550 904/551 911/552 
f 913/557 914/556 915/558 
f 916/559 914/556 917/560 
f 909/555 918/54 919/55 
f 908/554 903/552 902/550 
f 920/561 912/553 901/551 
f 906/553 921/561 904/551 
f 907/555 93/54 922/562 
f 923/563 922/562 93/54 
f 910/554 909/555 919/55 
f 918/54 909/555 922/562 
f 923/563 918/54 922/562 
f 918/54 924/56 919/55 
f 925/564 887/556 926/565 
f 887/556 913/557 915/558 
f 914/556 927/564 928/565 
f 481/82 537/132 507/133 
f 167/132 121/82 143/133 
f 535/129 533/126 532/127 
f 162/126 165/129 163/127 
f 122/83 121/82 167/132 
f 481/82 480/83 537/132 
f 929/573 930/574 931/575 
f 931/575 930/574 932/576 
f 933/30 4/4 934/577 
f 934/577 4/4 6/6 
f 935/33 7/7 13/13 
f 13/13 7/7 9/9 
f 936/578 937/579 938/580 
f 938/580 937/579 939/581 
f 940/582 941/583 15/15 
f 15/15 941/583 20/21 
f 942/584 929/573 943/585 
f 943/585 929/573 931/575 
f 944/586 942/584 945/587 
f 945/587 942/584 943/585 
f 946/588 24/25 941/583 
f 941/583 24/25 20/21 
f 947/589 25/26 946/588 
f 946/588 25/26 24/25 
f 948/590 26/27 947/589 
f 947/589 26/27 25/26 
f 27/28 26/27 949/591 
f 949/591 26/27 948/590 
f 950/592 951/593 937/579 
f 937/579 951/593 939/581 
f 952/594 953/595 950/592 
f 950/592 953/595 951/593 
f 954/596 955/597 956/598 
f 956/598 955/597 957/599 
f 955/597 958/600 957/599 
f 957/599 958/600 959/601 
f 958/600 944/586 959/601 
f 959/601 944/586 945/587 
f 24/25 25/26 21/22 
f 21/22 25/26 22/23 
f 952/602 960/603 961/604 
f 961/604 960/603 962/605 
f 963/606 964/607 965/608 
f 965/608 964/607 966/609 
f 954/610 966/609 967/611 
f 967/611 966/609 964/607 
f 963/606 965/608 968/612 
f 968/612 965/608 969/613 
f 970/1 968/612 971/614 
f 971/614 968/612 969/613 
f 970/1 971/614 972/3 
f 972/3 971/614 973/615 
f 974/2 975/616 976/617 
f 976/617 975/616 977/618 
f 978/619 976/617 979/620 
f 979/620 976/617 977/618 
f 978/619 979/620 962/605 
f 962/605 979/620 961/604 
f 34/7 31/33 35/9 
f 35/9 31/33 36/13 
f 29/30 980/4 30/31 
f 30/31 980/4 39/35 
f 31/33 34/7 32/34 
f 32/34 34/7 44/36 
f 981/593 961/592 982/581 
f 982/581 961/592 979/579 
f 953/595 952/594 981/593 
f 981/593 952/594 961/592 
f 53/26 51/25 50/23 
f 50/23 51/25 49/22 
f 983/621 984/622 889/560 
f 889/560 984/622 985/623 
f 888/559 986/624 889/560 
f 889/560 986/624 983/621 
f 987/624 988/625 916/559 
f 916/559 988/625 989/626 
f 100/61 96/57 990/627 
f 990/627 96/57 98/59 
f 991/628 992/629 993/630 
f 993/630 992/629 994/631 
f 992/629 995/632 994/631 
f 994/631 995/632 996/633 
f 994/631 996/633 997/634 
f 997/634 996/633 998/635 
f 995/632 992/629 141/636 
f 141/636 992/629 107/637 
f 995/632 141/636 84/638 
f 84/638 141/636 82/639 
f 999/640 1000/641 81/642 
f 81/642 1000/641 84/638 
f 81/643 787/644 999/645 
f 999/645 787/644 1001/646 
f 787/644 1002/647 1001/646 
f 1001/646 1002/647 1003/648 
f 996/633 995/632 1000/641 
f 1000/641 995/632 84/638 
f 993/630 994/631 1004/649 
f 1004/649 994/631 997/634 
f 1005/650 1006/651 1007/652 
f 1007/652 1006/651 1008/653 
f 1009/654 1010/655 1011/656 
f 1011/656 1010/655 1012/657 
f 1010/655 1005/650 1012/657 
f 1012/657 1005/650 1007/652 
f 1002/647 1013/658 1003/648 
f 1003/648 1013/658 1014/659 
f 1013/660 1015/661 1014/662 
f 1014/662 1015/661 1016/663 
f 1015/661 1009/654 1016/663 
f 1016/663 1009/654 1011/656 
f 108/664 107/637 991/628 
f 991/628 107/637 992/629 
f 109/70 1017/665 107/68 
f 107/68 1017/665 141/666 
f 297/667 117/78 294/668 
f 294/668 117/78 104/65 
f 106/67 105/66 1018/669 
f 1018/669 105/66 1019/670 
f 105/66 111/72 1019/670 
f 1019/670 111/72 116/77 
f 108/69 110/71 109/70 
f 109/70 110/71 117/78 
f 117/78 297/667 109/70 
f 109/70 297/667 1017/665 
f 1020/671 295/672 1018/669 
f 1018/669 295/672 106/67 
f 133/94 135/96 132/93 
f 132/93 135/96 126/87 
f 1021/673 134/95 119/80 
f 119/80 134/95 131/92 
f 119/80 118/79 1021/673 
f 1021/673 118/79 1022/674 
f 1023/675 1024/676 1025/677 
f 1025/677 1024/676 1026/678 
f 102/63 101/62 1026/679 
f 1026/679 101/62 1025/677 
f 1024/676 1023/675 144/680 
f 144/680 1023/675 145/131 
f 123/84 122/83 1027/681 
f 1027/681 122/83 1028/682 
f 101/62 103/64 1029/683 
f 1029/683 103/64 1030/684 
f 1029/683 1030/684 1028/682 
f 1028/682 1030/684 1027/681 
f 125/86 130/91 126/87 
f 126/87 130/91 132/93 
f 1031/685 1032/686 166/130 
f 166/130 1032/686 163/127 
f 140/101 163/127 138/99 
f 138/99 163/127 1032/686 
f 774/507 1033/687 773/505 
f 773/505 1033/687 1034/688 
f 64/46 1035/452 65/47 
f 65/47 1035/452 1036/689 
f 1017/690 1037/514 141/691 
f 141/691 1037/514 142/692 
f 296/271 1038/693 1039/694 
f 1039/694 1038/693 1040/695 
f 789/516 151/113 1039/694 
f 1039/694 151/113 296/271 
f 294/269 293/268 296/271 
f 296/271 293/268 1038/693 
f 1041/696 1024/697 1042/698 
f 1042/698 1024/697 144/699 
f 1043/700 158/122 1044/701 
f 1044/701 158/122 1045/702 
f 154/116 156/120 155/119 
f 155/119 156/120 1046/703 
f 156/120 158/122 1046/703 
f 1046/703 158/122 1043/700 
f 1045/702 158/122 1047/704 
f 1047/704 158/122 157/121 
f 1044/701 1045/702 1048/705 
f 1048/705 1045/702 1049/706 
f 138/118 1032/707 154/116 
f 154/116 1032/707 156/120 
f 1045/702 1047/704 1049/706 
f 1049/706 1047/704 102/708 
f 157/121 156/120 1031/685 
f 1031/685 156/120 1032/707 
f 1006/651 160/124 1008/653 
f 1008/653 160/124 159/123 
f 168/134 164/128 140/101 
f 140/101 164/128 163/127 
f 1050/709 1051/710 1052/711 
f 1052/711 1051/710 1053/712 
f 169/135 233/199 1050/709 
f 1050/709 233/199 1051/710 
f 254/713 237/203 1054/714 
f 1054/714 237/203 236/202 
f 1055/715 1056/716 180/717 
f 180/717 1056/716 178/718 
f 1057/719 182/148 1058/720 
f 1058/720 182/148 181/147 
f 226/192 228/194 1057/719 
f 1057/719 228/194 182/148 
f 1059/721 1060/722 1061/723 
f 1061/723 1060/722 270/724 
f 1061/723 270/724 185/151 
f 185/151 270/724 269/725 
f 1062/726 1061/723 184/150 
f 184/150 1061/723 185/151 
f 185/151 269/725 180/146 
f 180/146 269/725 1055/727 
f 190/156 189/155 1059/721 
f 1059/721 189/155 1060/722 
f 1063/728 1064/729 1065/730 
f 1065/730 1064/729 1066/731 
f 198/164 230/196 197/163 
f 197/163 230/196 195/161 
f 1067/732 1068/733 1069/734 
f 1069/734 1068/733 1070/735 
f 201/167 203/169 1067/732 
f 1067/732 203/169 1068/733 
f 1071/736 1072/737 1073/738 
f 1073/738 1072/737 1074/739 
f 232/198 205/171 212/178 
f 212/178 205/171 213/179 
f 1071/736 1073/738 1075/740 
f 1075/740 1073/738 1076/741 
f 214/180 231/197 225/191 
f 225/191 231/197 224/190 
f 1077/742 1078/743 1079/744 
f 1079/744 1078/743 1080/745 
f 289/746 1081/747 1077/742 
f 1077/742 1081/747 1078/743 
f 289/746 192/158 1081/747 
f 1081/747 192/158 194/160 
f 283/748 1065/730 1082/749 
f 1082/749 1065/730 1066/731 
f 1083/468 1084/750 1058/720 
f 1058/720 1084/750 1057/719 
f 1085/461 1086/751 1087/463 
f 1087/463 1086/751 1088/752 
f 1089/753 1090/754 1091/755 
f 1091/755 1090/754 1092/756 
f 219/185 218/184 1089/753 
f 1089/753 218/184 1090/754 
f 1084/750 1093/469 1057/719 
f 1057/719 1093/469 226/192 
f 1086/751 1094/465 1088/752 
f 1088/752 1094/465 1095/466 
f 1090/754 1096/757 1092/756 
f 1092/756 1096/757 1097/758 
f 218/184 221/187 1090/754 
f 1090/754 221/187 1096/757 
f 1093/469 257/464 226/192 
f 226/192 257/464 227/193 
f 215/181 214/180 1080/745 
f 1080/745 214/180 1079/744 
f 189/155 222/188 1063/728 
f 1063/728 222/188 1064/729 
f 205/171 204/170 1076/741 
f 1076/741 204/170 1075/740 
f 199/165 198/164 1070/735 
f 1070/735 198/164 1069/734 
f 1094/465 1086/751 1097/758 
f 1097/758 1086/751 1092/756 
f 1086/751 1085/461 1092/756 
f 1092/756 1085/461 1091/755 
f 236/202 235/201 1053/712 
f 1053/712 235/201 1052/711 
f 241/208 240/207 1098/759 
f 1098/759 240/207 1099/760 
f 1098/759 1099/760 1100/761 
f 1100/761 1099/760 1101/762 
f 1102/763 1103/764 1104/765 
f 1104/765 1103/764 1105/766 
f 1104/765 1105/766 1106/767 
f 1106/767 1105/766 1107/768 
f 1108/769 244/211 1109/770 
f 1109/770 244/211 243/210 
f 1110/771 1111/772 1112/773 
f 1112/773 1111/772 1113/774 
f 1112/773 247/214 1110/771 
f 1110/771 247/214 246/213 
f 247/214 1112/773 249/216 
f 249/216 1112/773 1114/775 
f 1114/775 1112/773 1115/776 
f 1115/776 1112/773 1113/774 
f 1116/777 242/209 1117/778 
f 1117/778 242/209 244/211 
f 1117/778 244/211 1118/779 
f 1118/779 244/211 1108/769 
f 250/217 249/216 1119/780 
f 1119/780 249/216 1114/775 
f 1119/780 1114/775 1120/781 
f 1120/781 1114/775 1115/776 
f 258/225 1116/777 259/226 
f 259/226 1116/777 1117/778 
f 259/226 1117/778 292/265 
f 292/265 1117/778 1118/779 
f 253/220 250/217 1121/782 
f 1121/782 250/217 1119/780 
f 237/221 255/221 235/783 
f 235/783 255/221 1122/784 
f 1121/782 1119/780 1123/785 
f 1123/785 1119/780 1120/781 
f 257/224 259/226 227/267 
f 227/267 259/226 292/265 
f 1124/786 1125/787 1126/479 
f 1126/479 1125/787 1127/788 
f 1128/789 264/233 1129/790 
f 1129/790 264/233 266/235 
f 1130/791 170/792 1129/790 
f 1129/790 170/792 1128/789 
f 1106/767 1107/768 1131/481 
f 1131/481 1107/768 1132/793 
f 270/241 1060/794 271/242 
f 271/242 1060/794 1133/795 
f 291/264 290/263 1055/715 
f 1055/715 290/263 1056/716 
f 189/251 282/253 1060/794 
f 1060/794 282/253 1133/795 
f 1065/796 1134/797 1063/798 
f 1063/798 1134/797 1135/799 
f 283/254 285/256 1065/796 
f 1065/796 285/256 1134/797 
f 214/228 225/238 261/229 
f 261/229 225/238 268/237 
f 1077/800 1079/801 1136/802 
f 1136/802 1079/801 1137/803 
f 1136/802 287/260 1077/800 
f 1077/800 287/260 289/262 
f 287/260 1136/802 288/261 
f 288/261 1136/802 1138/804 
f 1138/804 1136/802 1139/805 
f 1139/805 1136/802 1137/803 
f 1140/806 260/227 1141/807 
f 1141/807 260/227 261/229 
f 1141/807 261/229 1142/808 
f 1142/808 261/229 268/237 
f 258/225 257/224 1120/781 
f 1120/781 257/224 1123/785 
f 1116/777 258/225 1115/776 
f 1115/776 258/225 1120/781 
f 242/209 1116/777 1113/774 
f 1113/774 1116/777 1115/776 
f 243/210 242/209 1111/772 
f 1111/772 242/209 1113/774 
f 1103/764 1102/763 1101/762 
f 1101/762 1102/763 1100/761 
f 214/228 260/227 1079/801 
f 1079/801 260/227 1137/803 
f 260/227 1140/806 1137/803 
f 1137/803 1140/806 1139/805 
f 281/252 189/251 1135/799 
f 1135/799 189/251 1063/798 
f 1143/809 1144/477 1145/475 
f 1145/475 1144/477 1146/472 
f 262/230 1128/230 169/230 
f 169/230 1128/230 170/230 
f 263/232 169/231 1147/810 
f 1147/810 169/231 1050/811 
f 1144/477 1143/809 1126/479 
f 1126/479 1143/809 1124/786 
f 295/812 294/668 106/67 
f 106/67 294/668 104/65 
f 1148/813 1149/814 1150/815 
f 1150/815 1149/814 1151/816 
f 1152/817 1153/818 1154/819 
f 1154/819 1153/818 298/274 
f 1155/820 1156/821 1157/822 
f 1157/822 1156/821 1158/823 
f 301/277 1159/824 299/275 
f 299/275 1159/824 320/167 
f 1150/815 1151/816 1160/825 
f 1160/825 1151/816 1161/826 
f 1161/826 397/827 1160/825 
f 1160/825 397/827 399/828 
f 1149/814 1148/813 1152/817 
f 1152/817 1148/813 1153/818 
f 1162/829 1156/821 1163/830 
f 1163/830 1156/821 1155/820 
f 1164/831 337/314 1165/832 
f 1165/832 337/314 1166/833 
f 308/284 1164/831 343/320 
f 343/320 1164/831 1167/834 
f 1168/490 1169/488 327/304 
f 327/304 1169/488 325/302 
f 325/302 324/301 328/305 
f 328/305 324/301 1170/835 
f 311/287 313/289 328/305 
f 328/305 313/289 327/304 
f 313/289 1171/489 327/304 
f 327/304 1171/489 1168/490 
f 1172/491 1166/833 336/313 
f 336/313 1166/833 337/314 
f 302/278 304/280 1173/836 
f 1173/836 304/280 1174/837 
f 1175/838 302/278 1176/839 
f 1176/839 302/278 1173/836 
f 1175/838 1176/839 1177/840 
f 1177/840 1176/839 1178/841 
f 1177/840 1178/841 345/322 
f 345/322 1178/841 344/321 
f 315/291 314/290 339/316 
f 339/316 314/290 1179/842 
f 1167/834 339/316 1180/843 
f 1180/843 339/316 1179/842 
f 343/320 1167/834 1181/844 
f 1181/844 1167/834 1180/843 
f 1182/845 1178/841 1183/846 
f 1183/846 1178/841 1176/839 
f 349/326 344/321 1182/845 
f 1182/845 344/321 1178/841 
f 307/283 339/316 1184/847 
f 1184/847 339/316 1165/832 
f 330/307 347/324 331/308 
f 331/308 347/324 323/300 
f 1185/848 1186/849 1187/850 
f 1187/850 1186/849 1188/851 
f 1189/852 1190/853 1188/851 
f 1188/851 1190/853 1187/850 
f 311/287 328/305 1191/854 
f 1191/854 328/305 1170/835 
f 342/319 343/320 1192/855 
f 1192/855 343/320 1181/844 
f 308/284 310/286 1164/831 
f 1164/831 310/286 337/314 
f 1164/831 1165/832 1167/834 
f 1167/834 1165/832 339/316 
f 1165/832 1166/833 1184/847 
f 1184/847 1166/833 1193/856 
f 1183/846 1176/839 1194/857 
f 1194/857 1176/839 1173/836 
f 1195/858 1193/856 1172/491 
f 1172/491 1193/856 1166/833 
f 1194/857 1173/836 1196/859 
f 1196/859 1173/836 1174/837 
f 1197/860 362/339 1198/861 
f 1198/861 362/339 364/341 
f 354/331 356/333 1197/860 
f 1197/860 356/333 362/339 
f 360/337 359/336 1199/862 
f 1199/862 359/336 1200/863 
f 1199/862 1201/864 360/337 
f 360/337 1201/864 1202/865 
f 1203/495 1204/866 1205/497 
f 1205/497 1204/866 1206/867 
f 353/330 1207/868 1208/869 
f 1208/869 1207/868 1202/865 
f 353/330 352/329 1207/868 
f 1207/868 352/329 1209/870 
f 357/334 363/340 356/333 
f 356/333 363/340 362/339 
f 1210/871 1211/494 1206/867 
f 1206/867 1211/494 1205/497 
f 1201/864 1212/872 1202/865 
f 1202/865 1212/872 1208/869 
f 360/337 1202/865 361/338 
f 361/338 1202/865 1207/868 
f 1207/868 1209/870 361/338 
f 361/338 1209/870 423/498 
f 1213/873 374/351 1214/874 
f 1214/874 374/351 377/354 
f 368/345 1215/875 369/346 
f 369/346 1215/875 378/355 
f 378/355 1213/873 380/357 
f 380/357 1213/873 1214/874 
f 1216/876 1217/877 383/360 
f 383/360 1217/877 381/358 
f 384/361 1218/878 383/360 
f 383/360 1218/878 1216/876 
f 1217/877 1219/879 381/358 
f 381/358 1219/879 387/364 
f 1219/879 1220/880 387/364 
f 387/364 1220/880 390/367 
f 389/378 390/881 393/372 
f 393/372 390/881 1221/882 
f 1222/883 1221/882 1220/884 
f 1220/884 1221/882 390/881 
f 1223/885 402/384 403/385 
f 403/385 402/384 404/386 
f 1224/886 1225/887 421/407 
f 421/407 1225/887 1226/888 
f 1227/889 1228/890 1224/886 
f 1224/886 1228/890 1225/887 
f 1229/891 1230/892 1227/889 
f 1227/889 1230/892 1228/890 
f 1230/892 1229/891 1231/893 
f 1231/893 1229/891 1232/894 
f 413/398 1233/895 412/396 
f 412/396 1233/895 1234/896 
f 422/410 1235/897 316/410 
f 316/410 1235/897 314/898 
f 370/899 1192/900 411/394 
f 411/394 1192/900 1181/901 
f 1236/902 1237/903 1238/904 
f 1238/904 1237/903 1239/905 
f 1235/897 1240/906 314/898 
f 314/898 1240/906 1179/907 
f 1241/908 419/405 417/403 
f 417/403 419/405 418/404 
f 1180/909 1179/907 1242/910 
f 1242/910 1179/907 1240/906 
f 1181/901 1180/909 411/394 
f 411/394 1180/909 1242/910 
f 1243/911 1244/912 1236/902 
f 1236/902 1244/912 1237/903 
f 1245/913 1231/893 1246/914 
f 1246/914 1231/893 1232/894 
f 1233/895 1247/915 1234/896 
f 1234/896 1247/915 1248/916 
f 1247/915 1249/917 1248/916 
f 1248/916 1249/917 1250/918 
f 1250/918 1249/917 1243/911 
f 1243/911 1249/917 1244/912 
f 1251/919 1241/908 458/453 
f 458/453 1241/908 417/403 
f 1252/501 462/110 1253/502 
f 1253/502 462/110 1254/920 
f 432/423 396/422 1255/921 
f 1255/921 396/422 426/415 
f 1256/922 460/109 1252/501 
f 1252/501 460/109 462/110 
f 1256/922 438/428 460/109 
f 460/109 438/428 437/429 
f 461/108 460/109 1257/923 
f 1257/923 460/109 437/429 
f 1258/924 461/108 1259/925 
f 1259/925 461/108 1257/923 
f 444/435 1255/921 428/417 
f 428/417 1255/921 426/415 
f 435/427 445/436 427/416 
f 427/416 445/436 428/417 
f 1260/926 1261/504 1262/927 
f 1262/927 1261/504 1263/928 
f 73/47 76/51 1264/689 
f 1264/689 76/51 1265/929 
f 453/446 1266/930 447/438 
f 447/438 1266/930 1267/931 
f 1266/930 1260/926 1267/931 
f 1267/931 1260/926 1262/927 
f 1268/508 75/50 1263/928 
f 1263/928 75/50 1262/927 
f 416/932 446/437 458/933 
f 458/933 446/437 56/39 
f 416/932 414/445 446/437 
f 446/437 414/445 447/438 
f 1267/931 433/425 447/438 
f 447/438 433/425 66/48 
f 461/108 1258/924 462/110 
f 462/110 1258/924 1254/920 
f 1269/509 1265/929 74/49 
f 74/49 1265/929 76/51 
f 459/112 70/44 424/413 
f 424/413 70/44 454/111 
f 458/933 56/39 1251/919 
f 1251/919 56/39 425/414 
f 1226/888 418/404 421/407 
f 421/407 418/404 420/408 
f 74/49 75/50 1269/509 
f 1269/509 75/50 1268/508 
f 459/112 424/413 1209/934 
f 1209/934 424/413 423/412 
f 457/452 72/46 1264/689 
f 1264/689 72/46 73/47 
f 433/425 1267/931 75/50 
f 75/50 1267/931 1262/927 
f 464/57 100/61 465/59 
f 465/59 100/61 990/627 
f 1270/629 1271/628 1272/631 
f 1272/631 1271/628 1273/630 
f 1274/632 1270/629 1275/633 
f 1275/633 1270/629 1272/631 
f 1275/633 1272/631 998/635 
f 998/635 1272/631 997/634 
f 1276/641 1277/640 80/638 
f 80/638 1277/640 78/642 
f 786/644 78/643 1278/646 
f 1278/646 78/643 1277/645 
f 1279/647 786/644 1280/648 
f 1280/648 786/644 1278/646 
f 1274/632 1275/633 80/638 
f 80/638 1275/633 1276/641 
f 1272/631 1273/630 997/634 
f 997/634 1273/630 1004/649 
f 1281/651 1282/650 1283/653 
f 1283/653 1282/650 1284/652 
f 1285/655 1286/654 1287/657 
f 1287/657 1286/654 1288/656 
f 1282/650 1285/655 1284/652 
f 1284/652 1285/655 1287/657 
f 1289/658 1279/647 1290/659 
f 1290/659 1279/647 1280/648 
f 1291/661 1289/660 1292/663 
f 1292/663 1289/660 1290/662 
f 1286/654 1291/661 1288/656 
f 1288/656 1291/661 1292/663 
f 466/73 463/455 474/71 
f 474/71 463/455 471/69 
f 1293/665 473/70 500/666 
f 500/666 473/70 472/68 
f 476/78 647/667 469/65 
f 469/65 647/667 644/668 
f 474/71 471/69 476/78 
f 476/78 471/69 473/70 
f 647/667 476/78 1293/665 
f 1293/665 476/78 473/70 
f 494/96 492/94 485/87 
f 485/87 492/94 491/93 
f 493/95 1294/673 489/92 
f 489/92 1294/673 477/80 
f 486/89 496/98 1295/935 
f 1295/935 496/98 1296/936 
f 478/79 477/80 1297/674 
f 1297/674 477/80 1294/673 
f 1298/676 1299/675 1300/678 
f 1300/678 1299/675 1301/677 
f 1299/675 1298/676 508/131 
f 508/131 1298/676 506/680 
f 480/83 482/84 1302/682 
f 1302/682 482/84 1303/681 
f 1304/64 1305/62 1306/684 
f 1306/684 1305/62 1307/683 
f 1306/684 1307/683 1303/681 
f 1303/681 1307/683 1302/682 
f 490/91 483/86 491/93 
f 491/93 483/86 485/87 
f 1308/686 1309/685 532/127 
f 532/127 1309/685 536/130 
f 532/127 498/101 1308/686 
f 1308/686 498/101 497/99 
f 505/413 150/112 714/412 
f 714/412 150/112 1310/934 
f 1293/690 500/691 1311/514 
f 1311/514 500/691 499/514 
f 1312/693 648/271 1313/695 
f 1313/695 648/271 1314/694 
f 523/113 790/516 648/271 
f 648/271 790/516 1314/694 
f 523/514 647/272 1311/514 
f 1311/514 647/272 1293/937 
f 645/268 644/269 1312/693 
f 1312/693 644/269 648/271 
f 528/122 1043/700 1315/702 
f 1315/702 1043/700 1044/701 
f 527/120 525/116 1046/703 
f 1046/703 525/116 155/119 
f 528/122 527/120 1043/700 
f 1043/700 527/120 1046/703 
f 528/122 1315/702 526/121 
f 526/121 1315/702 1316/704 
f 1315/702 1044/701 1317/706 
f 1317/706 1044/701 1048/705 
f 1308/707 497/118 527/120 
f 527/120 497/118 525/116 
f 1316/704 1315/702 1318/708 
f 1318/708 1315/702 1317/706 
f 527/120 526/121 1308/707 
f 1308/707 526/121 1309/685 
f 529/124 1281/651 530/123 
f 530/123 1281/651 1283/653 
f 534/128 538/134 532/127 
f 532/127 538/134 498/101 
f 546/147 1319/720 547/458 
f 547/458 1319/720 1320/938 
f 1321/722 1322/721 1323/724 
f 1323/724 1322/721 1324/723 
f 1323/724 1324/723 1325/725 
f 1325/725 1324/723 1326/151 
f 1325/725 1326/151 1327/727 
f 1327/727 1326/151 1328/146 
f 554/155 553/156 1321/722 
f 1321/722 553/156 1322/721 
f 1329/729 1330/728 1331/731 
f 1331/731 1330/728 1332/730 
f 601/196 566/164 563/161 
f 563/161 566/164 564/163 
f 1333/733 1334/732 1335/735 
f 1335/735 1334/732 1336/734 
f 1337/169 605/167 1333/733 
f 1333/733 605/167 1334/732 
f 572/173 1338/737 573/175 
f 573/175 1338/737 1339/739 
f 1338/737 1340/736 1339/739 
f 1339/739 1340/736 1341/738 
f 568/171 603/198 578/179 
f 578/179 603/198 576/178 
f 1341/738 1340/736 1342/741 
f 1342/741 1340/736 1343/740 
f 602/197 580/180 595/190 
f 595/190 580/180 596/191 
f 1344/743 1345/742 1346/745 
f 1346/745 1345/742 1347/744 
f 1348/747 1349/746 1344/743 
f 1344/743 1349/746 1345/742 
f 557/158 1349/746 558/160 
f 558/160 1349/746 1348/747 
f 1332/730 1350/748 1331/731 
f 1331/731 1350/748 1351/749 
f 600/468 583/462 1319/720 
f 1319/720 583/462 1320/938 
f 1352/753 1353/939 1354/755 
f 1354/755 1353/939 1355/940 
f 1356/185 1357/941 1352/753 
f 1352/753 1357/941 1353/939 
f 1358/187 1359/757 612/942 
f 612/942 1359/757 1360/943 
f 587/464 604/469 598/193 
f 598/193 604/469 597/192 
f 1360/943 1359/757 1361/944 
f 1361/944 1359/757 1362/758 
f 580/180 579/181 1347/744 
f 1347/744 579/181 1346/745 
f 591/188 554/155 1329/729 
f 1329/729 554/155 1330/728 
f 569/170 568/171 1343/740 
f 1343/740 568/171 1342/741 
f 566/164 565/165 1336/734 
f 1336/734 565/165 1335/735 
f 588/465 587/464 1362/758 
f 1362/758 587/464 1361/944 
f 583/462 582/461 1355/940 
f 1355/940 582/461 1354/755 
f 540/138 1363/945 545/143 
f 545/143 1363/945 1364/946 
f 606/206 1365/947 605/470 
f 605/470 1365/947 1334/948 
f 1366/211 1367/769 583/210 
f 583/210 1367/769 1320/770 
f 1368/773 609/214 1369/775 
f 1369/775 609/214 610/216 
f 1368/773 1369/775 1370/774 
f 1370/774 1369/775 1371/776 
f 1366/211 1372/778 1367/769 
f 1367/769 1372/778 1373/779 
f 610/216 611/217 1369/775 
f 1369/775 611/217 1374/780 
f 1369/775 1374/780 1371/776 
f 1371/776 1374/780 1375/781 
f 1372/778 1376/226 1373/779 
f 1373/779 1376/226 1377/265 
f 611/217 612/220 1374/780 
f 1374/780 612/220 1360/782 
f 1378/949 638/483 1379/950 
f 1379/950 638/483 1380/951 
f 638/483 1378/949 639/484 
f 639/484 1378/949 1381/952 
f 1382/953 621/474 1378/949 
f 1378/949 621/474 1381/952 
f 615/221 614/221 1383/784 
f 1383/784 614/221 1384/783 
f 1374/780 1360/782 1375/781 
f 1375/781 1360/782 1361/785 
f 1385/810 1382/953 1379/950 
f 1379/950 1382/953 1378/949 
f 640/485 1386/954 625/478 
f 625/478 1386/954 1387/789 
f 641/486 619/472 1382/953 
f 1382/953 619/472 621/474 
f 1388/787 1389/786 1390/788 
f 1390/788 1389/786 626/479 
f 628/233 1387/789 629/235 
f 629/235 1387/789 1391/790 
f 543/792 547/791 1387/789 
f 1387/789 547/791 1391/790 
f 1327/715 1392/264 1325/240 
f 1325/240 1392/264 1393/240 
f 596/238 580/228 630/237 
f 630/237 580/228 618/229 
f 1347/801 1345/800 1394/803 
f 1394/803 1345/800 1395/802 
f 1396/260 1395/802 1349/262 
f 1349/262 1395/802 1345/800 
f 1395/802 1396/260 1397/804 
f 1397/804 1396/260 1398/261 
f 1395/802 1397/804 1394/803 
f 1394/803 1397/804 1399/805 
f 617/227 1400/806 618/229 
f 618/229 1400/806 1401/807 
f 618/229 1401/807 630/237 
f 630/237 1401/807 1402/808 
f 587/224 1403/225 1361/785 
f 1361/785 1403/225 1375/781 
f 1403/225 1404/777 1375/781 
f 1375/781 1404/777 1371/776 
f 1404/777 1405/209 1371/776 
f 1371/776 1405/209 1370/774 
f 617/227 580/228 1394/803 
f 1394/803 580/228 1347/801 
f 1400/806 617/227 1399/805 
f 1399/805 617/227 1394/803 
f 624/477 1406/809 619/472 
f 619/472 1406/809 622/475 
f 641/486 1407/232 640/485 
f 640/485 1407/232 1386/954 
f 1387/230 1386/230 543/230 
f 543/230 1386/230 1408/230 
f 1385/810 1407/232 1382/953 
f 1382/953 1407/232 641/486 
f 1406/809 624/477 1389/786 
f 1389/786 624/477 626/479 
f 625/478 624/477 640/485 
f 640/485 624/477 619/472 
f 625/478 1409/247 626/479 
f 626/479 1409/247 1390/788 
f 1387/789 628/233 625/478 
f 625/478 628/233 1409/247 
f 644/668 646/812 469/65 
f 469/65 646/812 470/67 
f 1410/955 1411/956 1412/957 
f 1412/957 1411/956 403/958 
f 1149/814 1413/813 1151/816 
f 1151/816 1413/813 1414/815 
f 1415/818 1152/817 1416/274 
f 1416/274 1152/817 1154/819 
f 1151/816 1414/815 1161/826 
f 1161/826 1414/815 1417/825 
f 397/827 1161/826 738/828 
f 738/828 1161/826 1417/825 
f 1413/813 1149/814 1415/818 
f 1415/818 1149/814 1152/817 
f 679/314 1418/831 1419/833 
f 1419/833 1418/831 1420/832 
f 1418/831 659/284 1421/834 
f 1421/834 659/284 686/320 
f 1419/833 677/491 679/314 
f 679/314 677/491 674/313 
f 654/280 653/278 1422/837 
f 1422/837 653/278 1423/836 
f 653/278 1424/838 1423/836 
f 1423/836 1424/838 1425/839 
f 1425/839 1424/838 1426/841 
f 1426/841 1424/838 1427/840 
f 1426/841 1427/840 688/321 
f 688/321 1427/840 689/322 
f 662/290 661/291 1428/842 
f 1428/842 661/291 1429/316 
f 1429/316 1421/834 1428/842 
f 1428/842 1421/834 1430/843 
f 1421/834 686/320 1430/843 
f 1430/843 686/320 1431/844 
f 1426/841 1432/845 1425/839 
f 1425/839 1432/845 1433/846 
f 688/321 694/326 1426/841 
f 1426/841 694/326 1432/845 
f 686/320 685/319 1431/844 
f 1431/844 685/319 1434/855 
f 660/286 659/284 679/314 
f 679/314 659/284 1418/831 
f 1420/832 1418/831 1429/316 
f 1429/316 1418/831 1421/834 
f 1425/839 1433/846 1423/836 
f 1423/836 1433/846 1435/857 
f 1423/836 1435/857 1422/837 
f 1422/837 1435/857 1436/859 
f 660/286 676/490 658/285 
f 658/285 676/490 650/488 
f 1437/959 1438/875 1439/873 
f 1439/873 1438/875 1440/355 
f 1441/960 696/351 1442/961 
f 1442/961 696/351 695/335 
f 1439/873 696/351 1437/959 
f 1437/959 696/351 1441/960 
f 1443/336 1444/337 1200/863 
f 1200/863 1444/337 1199/862 
f 1201/864 1199/862 1445/865 
f 1445/865 1199/862 1444/337 
f 1446/354 1447/874 1448/962 
f 1448/962 1447/874 1449/963 
f 1450/964 1451/965 704/340 
f 704/340 1451/965 1452/334 
f 701/329 702/330 1310/870 
f 1310/870 702/330 1453/868 
f 704/340 1452/334 706/339 
f 706/339 1452/334 1454/333 
f 704/340 703/494 708/496 
f 708/496 703/494 709/497 
f 1450/964 704/340 699/328 
f 699/328 704/340 708/496 
f 1212/872 1201/864 1455/869 
f 1455/869 1201/864 1445/865 
f 1310/870 1453/868 714/498 
f 714/498 1453/868 713/338 
f 697/493 698/352 1456/966 
f 1456/966 698/352 715/353 
f 1447/874 1457/357 1449/963 
f 1449/963 1457/357 1458/967 
f 1459/356 1460/968 1457/357 
f 1457/357 1460/968 1458/967 
f 1438/875 711/345 1440/355 
f 1440/355 711/345 369/346 
f 1217/877 1216/876 717/358 
f 717/358 1216/876 718/360 
f 1218/878 719/361 1216/876 
f 1216/876 719/361 718/360 
f 1219/879 1217/877 722/364 
f 722/364 1217/877 717/358 
f 1220/880 1219/879 725/367 
f 725/367 1219/879 722/364 
f 732/499 730/375 731/377 
f 731/377 730/375 729/374 
f 725/881 724/378 1461/882 
f 1461/882 724/378 728/372 
f 1461/882 1222/883 725/881 
f 725/881 1222/883 1220/884 
f 739/384 1412/885 740/386 
f 740/386 1412/885 403/385 
f 1462/887 1463/886 1464/888 
f 1464/888 1463/886 745/407 
f 1465/890 1466/889 1462/887 
f 1462/887 1466/889 1463/886 
f 1467/892 1468/891 1465/890 
f 1465/890 1468/891 1466/889 
f 1468/891 1467/892 1469/894 
f 1469/894 1467/892 1470/893 
f 1471/895 682/398 1472/896 
f 1472/896 682/398 746/396 
f 1473/897 752/410 662/898 
f 662/898 752/410 663/410 
f 1434/900 370/899 1431/901 
f 1431/901 370/899 744/394 
f 1474/903 1475/902 1476/905 
f 1476/905 1475/902 1477/904 
f 1478/906 1473/897 1428/907 
f 1428/907 1473/897 662/898 
f 751/405 1479/908 749/404 
f 749/404 1479/908 502/403 
f 1428/907 1430/909 1478/906 
f 1478/906 1430/909 1480/910 
f 1430/909 1431/901 1480/910 
f 1480/910 1431/901 744/394 
f 1481/912 1482/911 1474/903 
f 1474/903 1482/911 1475/902 
f 1470/893 1483/913 1469/894 
f 1469/894 1483/913 1484/914 
f 1485/915 1471/895 1486/916 
f 1486/916 1471/895 1472/896 
f 1487/917 1485/915 1488/918 
f 1488/918 1485/915 1486/916 
f 1487/917 1488/918 1481/912 
f 1481/912 1488/918 1482/911 
f 1479/908 1489/919 502/403 
f 502/403 1489/919 503/453 
f 148/110 759/501 1490/920 
f 1490/920 759/501 761/502 
f 731/422 763/423 764/415 
f 764/415 763/423 1491/921 
f 147/109 1492/922 148/110 
f 148/110 1492/922 759/501 
f 1493/441 1036/689 1494/442 
f 1494/442 1036/689 1035/452 
f 767/428 1492/922 437/429 
f 437/429 1492/922 147/109 
f 147/109 146/108 437/429 
f 437/429 146/108 1257/923 
f 146/108 1495/924 1257/923 
f 1257/923 1495/924 1259/925 
f 514/446 1496/930 512/457 
f 512/457 1496/930 1497/969 
f 1498/970 1499/971 1500/972 
f 1500/972 1499/971 1501/973 
f 770/504 1502/926 1503/928 
f 1503/928 1502/926 1504/927 
f 1505/974 1502/926 769/432 
f 769/432 1502/926 770/504 
f 1501/973 1034/688 1500/972 
f 1500/972 1034/688 1033/687 
f 766/426 765/427 1500/972 
f 1500/972 765/427 1498/970 
f 768/51 65/47 1506/929 
f 1506/929 65/47 1036/689 
f 758/439 757/500 781/508 
f 781/508 757/500 1503/928 
f 519/433 510/419 517/430 
f 517/430 510/419 762/503 
f 1496/930 514/446 1507/931 
f 1507/931 514/446 516/438 
f 520/50 781/508 1504/927 
f 1504/927 781/508 1503/928 
f 763/423 512/457 1491/921 
f 1491/921 512/457 1497/969 
f 779/437 501/932 754/39 
f 754/39 501/932 503/933 
f 748/445 501/932 516/438 
f 516/438 501/932 779/437 
f 1508/425 1507/931 780/48 
f 780/48 1507/931 516/438 
f 1505/974 769/432 775/435 
f 775/435 769/432 776/434 
f 1495/924 146/108 1490/920 
f 1490/920 146/108 148/110 
f 1036/689 1493/441 1506/929 
f 1506/929 1493/441 1509/440 
f 62/44 150/112 149/111 
f 149/111 150/112 505/413 
f 754/39 503/933 755/414 
f 755/414 503/933 1489/919 
f 749/404 1464/888 750/408 
f 750/408 1464/888 745/407 
f 518/431 770/504 757/500 
f 757/500 770/504 1503/928 
f 520/50 521/49 781/508 
f 781/508 521/49 782/509 
f 77/104 79/513 499/103 
f 499/103 79/513 524/512 
f 784/52 79/52 1279/52 
f 1279/52 79/52 786/52 
f 83/513 82/104 153/512 
f 153/512 82/104 142/103 
f 83/52 783/52 787/52 
f 787/52 783/52 1002/52 
f 1311/514 499/514 523/514 
f 523/514 499/514 524/514 
f 142/514 1037/514 153/514 
f 153/514 1037/514 151/514 
f 297/272 151/514 1017/690 
f 1017/690 151/514 1037/514 
f 794/521 1510/975 795/522 
f 795/522 1510/975 1511/976 
f 1510/975 799/521 1511/976 
f 1511/976 799/521 801/527 
f 1512/977 1513/978 1514/979 
f 1514/979 1513/978 1515/980 
f 1516/981 791/517 1517/982 
f 1517/982 791/517 1518/983 
f 1519/984 1520/985 1512/977 
f 1512/977 1520/985 1513/978 
f 1521/567 1522/568 1519/984 
f 1519/984 1522/568 1520/985 
f 797/524 793/520 798/525 
f 798/525 793/520 1523/986 
f 1514/979 1515/980 796/523 
f 796/523 1515/980 806/533 
f 807/534 802/528 808/535 
f 808/535 802/528 810/537 
f 810/537 809/536 811/538 
f 811/538 809/536 1524/572 
f 815/543 791/517 1525/987 
f 1525/987 791/517 1516/981 
f 1525/987 1516/981 1526/571 
f 1526/571 1516/981 1527/988 
f 1528/989 1527/988 1517/982 
f 1517/982 1527/988 1516/981 
f 1529/990 1530/991 1531/992 
f 1531/992 1530/991 1532/993 
f 813/540 812/539 1532/993 
f 1532/993 812/539 1531/992 
f 87/519 86/994 791/517 
f 791/517 86/994 1518/983 
f 814/541 813/540 1518/983 
f 1518/983 813/540 1517/982 
f 1517/982 813/540 1528/989 
f 1528/989 813/540 1532/993 
f 1530/991 1533/566 1532/993 
f 1532/993 1533/566 1528/989 
f 1533/566 800/526 1528/989 
f 1528/989 800/526 1527/988 
f 800/526 1534/524 1527/988 
f 1527/988 1534/524 1526/571 
f 1521/567 1519/984 1535/995 
f 1535/995 1519/984 1536/996 
f 1519/984 1512/977 1536/996 
f 1536/996 1512/977 1537/997 
f 1512/977 1514/979 1537/997 
f 1537/997 1514/979 1538/998 
f 1514/979 796/523 1538/998 
f 1538/998 796/523 1539/999 
f 796/523 798/525 1539/999 
f 1539/999 798/525 1540/1000 
f 798/525 1523/986 1540/1000 
f 1540/1000 1523/986 1541/1001 
f 1542/1002 1543/564 840/557 
f 840/557 1543/564 851/556 
f 852/564 1542/1002 839/556 
f 839/556 1542/1002 840/557 
f 1544/626 841/558 855/559 
f 855/559 841/558 851/556 
f 846/561 1545/1003 826/551 
f 826/551 1545/1003 1546/1004 
f 1546/1004 1545/1003 829/551 
f 829/551 1545/1003 847/561 
f 1547/625 1544/626 1548/624 
f 1548/624 1544/626 855/559 
f 1549/1005 1550/622 1551/1006 
f 1551/1006 1550/622 1552/1007 
f 1552/1007 1550/622 1553/1008 
f 1553/1008 1550/622 1554/623 
f 1555/1009 1556/1010 1551/1006 
f 1551/1006 1556/1010 1549/1005 
f 1556/1010 831/554 1549/1005 
f 1549/1005 831/554 833/55 
f 1549/1005 833/55 1550/622 
f 1550/622 833/55 854/56 
f 1547/625 1557/624 1544/626 
f 1544/626 1557/624 842/559 
f 1548/624 855/559 1558/621 
f 1558/621 855/559 856/560 
f 1559/623 853/565 843/560 
f 843/560 853/565 839/556 
f 1559/623 843/560 1560/622 
f 1560/622 843/560 1561/621 
f 1561/621 843/560 1557/624 
f 1557/624 843/560 842/559 
f 1544/626 842/559 841/558 
f 841/558 842/559 839/556 
f 1562/565 1563/1011 1554/623 
f 1554/623 1563/1011 1553/1008 
f 1564/1012 872/569 1565/985 
f 1565/985 872/569 871/568 
f 1566/975 863/521 1567/976 
f 1567/976 863/521 865/522 
f 874/521 1566/975 862/527 
f 862/527 1566/975 1567/976 
f 869/524 873/570 861/526 
f 861/526 873/570 1568/1013 
f 1569/1014 1570/1015 1571/1016 
f 1571/1016 1570/1015 1572/1017 
f 1573/1018 1569/1014 1574/1019 
f 1574/1019 1569/1014 1571/1016 
f 1575/978 1576/977 1577/980 
f 1577/980 1576/977 1578/979 
f 891/517 1579/981 1580/983 
f 1580/983 1579/981 1581/982 
f 871/568 870/567 1565/985 
f 1565/985 870/567 1582/984 
f 864/520 866/524 1583/986 
f 1583/986 866/524 868/525 
f 1577/980 1578/979 878/533 
f 878/533 1578/979 867/523 
f 857/536 881/537 883/572 
f 883/572 881/537 1584/538 
f 883/572 1584/538 1585/995 
f 1585/995 1584/538 1586/996 
f 858/543 883/572 1587/987 
f 1587/987 883/572 1585/995 
f 891/517 858/543 1579/981 
f 1579/981 858/543 1587/987 
f 1579/981 1587/987 1588/988 
f 1588/988 1587/987 875/571 
f 1588/988 1589/989 1579/981 
f 1579/981 1589/989 1581/982 
f 1590/991 1591/990 1592/993 
f 1592/993 1591/990 1593/992 
f 885/539 884/540 1593/992 
f 1593/992 884/540 1592/993 
f 86/994 88/1020 1518/983 
f 1518/983 88/1020 814/1021 
f 889/560 985/623 887/556 
f 887/556 985/623 926/565 
f 91/994 90/519 1580/983 
f 1580/983 90/519 891/517 
f 1580/983 1581/982 886/541 
f 886/541 1581/982 884/540 
f 916/559 989/626 914/556 
f 914/556 989/626 915/558 
f 884/540 1581/982 1592/993 
f 1592/993 1581/982 1589/989 
f 917/560 1594/621 916/559 
f 916/559 1594/621 987/624 
f 92/1020 91/994 886/1021 
f 886/1021 91/994 1580/983 
f 860/566 1590/991 1589/989 
f 1589/989 1590/991 1592/993 
f 861/526 860/566 1588/988 
f 1588/988 860/566 1589/989 
f 869/524 861/526 875/571 
f 875/571 861/526 1588/988 
f 1587/987 1585/995 875/571 
f 875/571 1585/995 870/567 
f 1582/984 870/567 1586/996 
f 1586/996 870/567 1585/995 
f 1578/979 1576/977 1595/998 
f 1595/998 1576/977 1596/997 
f 867/523 1578/979 1597/999 
f 1597/999 1578/979 1595/998 
f 868/525 867/523 1598/1000 
f 1598/1000 867/523 1597/999 
f 1583/986 868/525 1599/1001 
f 1599/1001 868/525 1598/1000 
f 925/564 1600/1002 887/556 
f 887/556 1600/1002 913/557 
f 1600/1002 927/564 913/557 
f 913/557 927/564 914/556 
f 915/558 989/626 887/556 
f 887/556 989/626 888/559 
f 1601/1003 920/561 1602/1004 
f 1602/1004 920/561 901/551 
f 1601/1003 1602/1004 921/561 
f 921/561 1602/1004 904/551 
f 989/626 988/625 888/559 
f 888/559 988/625 986/624 
f 960/603 952/602 950/604 
f 1603/605 960/603 950/604 
f 1603/605 950/604 937/620 
f 1604/619 1603/605 937/620 
f 1604/619 937/620 936/618 
f 1605/617 1604/619 936/618 
f 1605/617 936/618 930/616 
f 2/2 1605/617 930/616 
f 2/2 930/616 929/615 
f 3/3 2/2 929/615 
f 3/3 929/615 942/614 
f 1/1 3/3 942/614 
f 1/1 942/614 944/613 
f 1606/612 1/1 944/613 
f 1606/612 944/613 958/608 
f 1607/606 1606/612 958/608 
f 1607/606 958/608 955/609 
f 1608/607 1607/606 955/609 
f 1608/607 955/609 954/610 
f 967/611 1608/607 954/610 
f 2/2 1/1 1606/612 
f 1605/617 2/2 1606/612 
f 1605/617 1606/612 1607/606 
f 1604/619 1605/617 1607/606 
f 1604/619 1607/606 1608/607 
f 1603/605 1604/619 1608/607 
f 1603/605 1608/607 967/611 
f 960/603 1603/605 967/611 
f 960/603 967/611 964/607 
f 962/605 960/603 964/607 
f 962/605 964/607 963/606 
f 978/619 962/605 963/606 
f 978/619 963/606 968/612 
f 976/617 978/619 968/612 
f 976/617 968/612 970/1 
f 974/2 976/617 970/1 
f 974/2 970/1 972/3 
f 975/616 974/2 972/3 
f 975/616 972/3 973/615 
f 930/574 936/578 938/580 
f 932/576 930/574 938/580 
f 932/576 938/580 1609/1022 
f 949/591 932/576 1609/1022 
f 949/591 1609/1022 19/20 
f 27/28 949/591 19/20 
f 27/28 19/20 18/19 
f 23/24 27/28 18/19 
f 23/24 18/19 1610/35 
f 12/12 23/24 1610/35 
f 12/12 1610/35 1611/31 
f 13/13 12/12 1611/31 
f 13/13 1611/31 28/32 
f 935/33 13/13 28/32 
f 935/33 28/32 32/34 
f 7/7 935/33 32/34 
f 7/7 32/34 44/36 
f 8/8 7/7 44/36 
f 8/8 44/36 45/37 
f 14/1023 8/8 45/37 
f 14/1023 45/37 33/8 
f 932/576 949/591 948/590 
f 931/575 932/576 948/590 
f 931/575 948/590 947/589 
f 943/585 931/575 947/589 
f 943/585 947/589 946/588 
f 945/587 943/585 946/588 
f 945/587 946/588 941/583 
f 959/601 945/587 941/583 
f 959/601 941/583 940/582 
f 957/599 959/601 940/582 
f 957/599 940/582 1612/1024 
f 956/598 957/599 1612/1024 
f 956/598 1612/1024 1613/582 
f 1614/599 956/598 1613/582 
f 1614/599 1613/582 1615/583 
f 1616/601 1614/599 1615/583 
f 1616/601 1615/583 1617/588 
f 1618/587 1616/601 1617/588 
f 1618/587 1617/588 1619/589 
f 1620/585 1618/587 1619/589 
f 1620/585 1619/589 1621/590 
f 1622/575 1620/585 1621/590 
f 1622/575 1621/590 1623/591 
f 1624/576 1622/575 1623/591 
f 1624/576 1623/591 1625/1022 
f 1626/580 1624/576 1625/1022 
f 1626/580 1625/1022 1627/1025 
f 982/581 1626/580 1627/1025 
f 982/581 1627/1025 1628/1026 
f 981/593 982/581 1628/1026 
f 981/593 1628/1026 1629/1027 
f 953/595 981/593 1629/1027 
f 953/595 1629/1027 1630/1026 
f 951/593 953/595 1630/1026 
f 951/593 1630/1026 1631/1025 
f 939/581 951/593 1631/1025 
f 939/581 1631/1025 1609/1022 
f 938/580 939/581 1609/1022 
f 940/582 15/15 14/14 
f 1612/1024 940/582 14/14 
f 1612/1024 14/14 41/15 
f 1613/582 1612/1024 41/15 
f 1613/582 41/15 48/21 
f 1615/583 1613/582 48/21 
f 1615/583 48/21 51/25 
f 1617/588 1615/583 51/25 
f 1617/588 51/25 53/26 
f 1619/589 1617/588 53/26 
f 1619/589 53/26 52/27 
f 1621/590 1619/589 52/27 
f 1621/590 52/27 54/28 
f 1623/591 1621/590 54/28 
f 1623/591 54/28 46/20 
f 1625/1022 1623/591 46/20 
f 1625/1022 46/20 43/16 
f 1627/1025 1625/1022 43/16 
f 1627/1025 43/16 42/17 
f 1628/1026 1627/1025 42/17 
f 1628/1026 42/17 11/18 
f 1629/1027 1628/1026 11/18 
f 1629/1027 11/18 17/17 
f 1630/1026 1629/1027 17/17 
f 1630/1026 17/17 16/16 
f 1631/1025 1630/1026 16/16 
f 1631/1025 16/16 19/20 
f 1609/1022 1631/1025 19/20 
f 18/19 16/16 5/5 
f 1610/35 18/19 5/5 
f 1610/35 5/5 4/4 
f 1611/31 1610/35 4/4 
f 1611/31 4/4 933/30 
f 28/32 1611/31 933/30 
f 28/32 933/30 934/577 
f 29/30 28/32 934/577 
f 29/30 934/577 6/6 
f 980/4 29/30 6/6 
f 980/4 6/6 37/5 
f 39/35 980/4 37/5 
f 39/35 37/5 47/19 
f 40/24 39/35 47/19 
f 40/24 47/19 46/20 
f 54/28 40/24 46/20 
f 982/581 979/579 977/578 
f 1626/580 982/581 977/578 
f 1626/580 977/578 975/574 
f 1624/576 1626/580 975/574 
f 1624/576 975/574 973/573 
f 1622/575 1624/576 973/573 
f 1622/575 973/573 971/584 
f 1620/585 1622/575 971/584 
f 1620/585 971/584 969/586 
f 1618/587 1620/585 969/586 
f 1618/587 969/586 965/600 
f 1616/601 1618/587 965/600 
f 1616/601 965/600 966/597 
f 1614/599 1616/601 966/597 
f 1614/599 966/597 954/596 
f 956/598 1614/599 954/596 
f 754/39 753/38 58/40 
f 780/48 754/39 58/40 
f 780/48 58/40 60/42 
f 1508/425 780/48 60/42 
f 1508/425 60/42 520/50 
f 1507/931 1508/425 520/50 
f 1507/931 520/50 1504/927 
f 1496/930 1507/931 1504/927 
f 1496/930 1504/927 1502/926 
f 1497/969 1496/930 1502/926 
f 1497/969 1502/926 1505/974 
f 1491/921 1497/969 1505/974 
f 1491/921 1505/974 775/435 
f 764/415 1491/921 775/435 
f 764/415 775/435 777/417 
f 732/416 764/415 777/417 
f 732/416 777/417 778/436 
f 765/427 732/416 778/436 
f 765/427 778/436 762/503 
f 1498/970 765/427 762/503 
f 1498/970 762/503 509/443 
f 1499/971 1498/970 509/443 
f 1499/971 509/443 760/451 
f 1501/973 1499/971 760/451 
f 1501/973 760/451 759/501 
f 1034/688 1501/973 759/501 
f 1034/688 759/501 1492/922 
f 773/505 1034/688 1492/922 
f 773/505 1492/922 767/428 
f 771/505 773/505 767/428 
f 771/505 767/428 436/428 
f 1632/505 771/505 436/428 
f 1632/505 436/428 438/428 
f 1633/688 1632/505 438/428 
f 1633/688 438/428 1256/922 
f 1634/973 1633/688 1256/922 
f 1634/973 1256/922 1252/501 
f 1635/971 1634/973 1252/501 
f 1635/971 1252/501 456/451 
f 452/443 1635/971 456/451 
f 452/443 456/451 457/452 
f 451/442 452/443 457/452 
f 451/442 457/452 1264/689 
f 450/441 451/442 1264/689 
f 450/441 1264/689 1265/929 
f 449/440 450/441 1265/929 
f 449/440 1265/929 1269/509 
f 448/439 449/440 1269/509 
f 448/439 1269/509 1268/508 
f 1636/500 448/439 1268/508 
f 1636/500 1268/508 1263/928 
f 440/431 1636/500 1263/928 
f 440/431 1263/928 1261/504 
f 441/432 440/431 1261/504 
f 441/432 1261/504 1260/926 
f 1637/974 441/432 1260/926 
f 1637/974 1260/926 1266/930 
f 1638/969 1637/974 1266/930 
f 1638/969 1266/930 453/446 
f 1639/457 1638/969 453/446 
f 1639/457 453/446 322/447 
f 320/424 1639/457 322/447 
f 60/42 59/41 63/45 
f 521/49 60/42 63/45 
f 521/49 63/45 768/51 
f 782/509 521/49 768/51 
f 782/509 768/51 1506/929 
f 758/439 782/509 1506/929 
f 758/439 1506/929 1509/440 
f 756/418 758/439 1509/440 
f 756/418 1509/440 1493/441 
f 511/420 756/418 1493/441 
f 511/420 1493/441 1494/442 
f 509/443 511/420 1494/442 
f 509/443 1494/442 1035/452 
f 760/451 509/443 1035/452 
f 760/451 1035/452 64/46 
f 761/502 760/451 64/46 
f 761/502 64/46 149/111 
f 1490/920 761/502 149/111 
f 1490/920 149/111 504/448 
f 1495/924 1490/920 504/448 
f 1495/924 504/448 372/450 
f 1259/925 1495/924 372/450 
f 1259/925 372/450 455/448 
f 1258/924 1259/925 455/448 
f 1258/924 455/448 454/111 
f 1254/920 1258/924 454/111 
f 1254/920 454/111 72/46 
f 1253/502 1254/920 72/46 
f 1253/502 72/46 456/451 
f 1252/501 1253/502 456/451 
f 1640/1028 896/1028 894/1028 
f 1641/1028 1640/1028 894/1028 
f 1641/1028 894/1028 893/1028 
f 1642/1028 1641/1028 893/1028 
f 1642/1028 893/1028 895/1028 
f 1643/1028 1642/1028 895/1028 
f 1643/1028 895/1028 898/1028 
f 1644/1028 1643/1028 898/1028 
f 1644/1028 898/1028 899/1028 
f 1645/1028 1644/1028 899/1028 
f 1645/1028 899/1028 900/1028 
f 1646/1028 1645/1028 900/1028 
f 1646/1028 900/1028 897/1028 
f 1647/1028 1646/1028 897/1028 
f 1647/1028 897/1028 896/1028 
f 1640/1028 1647/1028 896/1028 
f 1648/1028 822/1028 819/1028 
f 1649/1028 1648/1028 819/1028 
f 1649/1028 819/1028 816/1028 
f 1650/1028 1649/1028 816/1028 
f 1650/1028 816/1028 818/1028 
f 1651/1028 1650/1028 818/1028 
f 1651/1028 818/1028 820/1028 
f 1652/1028 1651/1028 820/1028 
f 1652/1028 820/1028 821/1028 
f 1653/1028 1652/1028 821/1028 
f 1653/1028 821/1028 824/1028 
f 1654/1028 1653/1028 824/1028 
f 1654/1028 824/1028 823/1028 
f 1655/1028 1654/1028 823/1028 
f 1655/1028 823/1028 822/1028 
f 1648/1028 1655/1028 822/1028 
f 914/556 928/565 1656/623 
f 917/560 914/556 1656/623 
f 917/560 1656/623 1657/622 
f 1594/621 917/560 1657/622 
f 1594/621 1657/622 924/56 
f 987/624 1594/621 924/56 
f 987/624 924/56 918/54 
f 988/625 987/624 918/54 
f 988/625 918/54 923/563 
f 986/624 988/625 923/563 
f 986/624 923/563 93/54 
f 983/621 986/624 93/54 
f 983/621 93/54 95/56 
f 984/622 983/621 95/56 
f 984/622 95/56 94/55 
f 1658/1005 984/622 94/55 
f 1658/1005 94/55 908/554 
f 1659/1010 1658/1005 908/554 
f 1659/1010 908/554 902/550 
f 1660/1029 1659/1010 902/550 
f 1660/1029 902/550 912/553 
f 1661/1030 1660/1029 912/553 
f 1661/1030 912/553 920/561 
f 1662/1031 1661/1030 920/561 
f 1662/1031 920/561 1601/1003 
f 1663/1032 1662/1031 1601/1003 
f 1663/1032 1601/1003 921/561 
f 1664/1031 1663/1032 921/561 
f 1664/1031 921/561 906/553 
f 1665/1030 1664/1031 906/553 
f 1665/1030 906/553 905/550 
f 1666/1029 1665/1030 905/550 
f 1666/1029 905/550 910/554 
f 1667/1033 1666/1029 910/554 
f 1667/1033 910/554 919/55 
f 1668/1005 1667/1033 919/55 
f 1668/1005 919/55 924/56 
f 1657/622 1668/1005 924/56 
f 1669/1008 1656/623 928/565 
f 1670/1011 1669/1008 928/565 
f 1670/1011 928/565 927/564 
f 1671/1034 1670/1011 927/564 
f 1671/1034 927/564 1600/1002 
f 1672/1035 1671/1034 1600/1002 
f 1672/1035 1600/1002 925/564 
f 1673/1034 1672/1035 925/564 
f 1673/1034 925/564 926/565 
f 1674/1011 1673/1034 926/565 
f 1674/1011 926/565 985/623 
f 1675/1008 1674/1011 985/623 
f 1675/1008 985/623 984/622 
f 1676/1007 1675/1008 984/622 
f 1676/1007 984/622 1658/1005 
f 1677/1006 1676/1007 1658/1005 
f 1677/1006 1658/1005 1659/1010 
f 1678/1009 1677/1006 1659/1010 
f 1678/1009 1659/1010 1660/1029 
f 1679/1036 1678/1009 1660/1029 
f 1679/1036 1660/1029 1661/1030 
f 1680/1037 1679/1036 1661/1030 
f 1680/1037 1661/1030 1662/1031 
f 1681/1038 1680/1037 1662/1031 
f 1681/1038 1662/1031 1663/1032 
f 1682/1039 1681/1038 1663/1032 
f 1682/1039 1663/1032 1664/1031 
f 1683/1038 1682/1039 1664/1031 
f 1683/1038 1664/1031 1665/1030 
f 1684/1037 1683/1038 1665/1030 
f 1684/1037 1665/1030 1666/1029 
f 1685/1036 1684/1037 1666/1029 
f 1685/1036 1666/1029 1667/1033 
f 1686/1040 1685/1036 1667/1033 
f 1686/1040 1667/1033 1668/1005 
f 1687/1006 1686/1040 1668/1005 
f 1687/1006 1668/1005 1657/622 
f 1688/1007 1687/1006 1657/622 
f 1688/1007 1657/622 1656/623 
f 1669/1008 1688/1007 1656/623 
f 1689/1041 1669/1008 1670/1011 
f 1690/1042 1689/1041 1670/1011 
f 1690/1042 1670/1011 1671/1034 
f 1691/1043 1690/1042 1671/1034 
f 1691/1043 1671/1034 1672/1035 
f 1692/1044 1691/1043 1672/1035 
f 1692/1044 1672/1035 1673/1034 
f 1693/1043 1692/1044 1673/1034 
f 1693/1043 1673/1034 1674/1011 
f 1694/1042 1693/1043 1674/1011 
f 1694/1042 1674/1011 1675/1008 
f 1695/1041 1694/1042 1675/1008 
f 1695/1041 1675/1008 1676/1007 
f 1696/1045 1695/1041 1676/1007 
f 1696/1045 1676/1007 1677/1006 
f 1697/1046 1696/1045 1677/1006 
f 1697/1046 1677/1006 1678/1009 
f 1698/1047 1697/1046 1678/1009 
f 1698/1047 1678/1009 1679/1036 
f 1699/1048 1698/1047 1679/1036 
f 1699/1048 1679/1036 1680/1037 
f 1700/1049 1699/1048 1680/1037 
f 1700/1049 1680/1037 1681/1038 
f 1701/1050 1700/1049 1681/1038 
f 1701/1050 1681/1038 1682/1039 
f 1702/1051 1701/1050 1682/1039 
f 1702/1051 1682/1039 1683/1038 
f 1703/1050 1702/1051 1683/1038 
f 1703/1050 1683/1038 1684/1037 
f 1704/1049 1703/1050 1684/1037 
f 1704/1049 1684/1037 1685/1036 
f 1705/1048 1704/1049 1685/1036 
f 1705/1048 1685/1036 1686/1040 
f 1706/1047 1705/1048 1686/1040 
f 1706/1047 1686/1040 1687/1006 
f 1707/1046 1706/1047 1687/1006 
f 1707/1046 1687/1006 1688/1007 
f 1708/1045 1707/1046 1688/1007 
f 1708/1045 1688/1007 1669/1008 
f 1689/1041 1708/1045 1669/1008 
f 97/58 108/664 991/628 
f 98/59 97/58 991/628 
f 98/59 991/628 993/630 
f 990/627 98/59 993/630 
f 990/627 993/630 1004/649 
f 465/59 990/627 1004/649 
f 465/59 1004/649 1273/630 
f 463/58 465/59 1273/630 
f 463/58 1273/630 1271/628 
f 471/664 463/58 1271/628 
f 471/664 1271/628 1270/629 
f 472/637 471/664 1270/629 
f 472/637 1270/629 1274/632 
f 500/636 472/637 1274/632 
f 500/636 1274/632 80/638 
f 77/639 500/636 80/638 
f 998/635 996/633 1000/641 
f 1709/1052 998/635 1000/641 
f 1709/1052 1000/641 999/640 
f 1710/1053 1709/1052 999/640 
f 1710/1053 999/640 1001/1054 
f 1711/1055 1710/1053 1001/1054 
f 1711/1055 1001/1054 1003/1056 
f 1712/1057 1711/1055 1003/1056 
f 1712/1057 1003/1056 1014/662 
f 1713/1058 1712/1057 1014/662 
f 1713/1058 1014/662 1016/663 
f 1714/1059 1713/1058 1016/663 
f 1714/1059 1016/663 1011/656 
f 1715/1060 1714/1059 1011/656 
f 1715/1060 1011/656 1012/657 
f 1716/1061 1715/1060 1012/657 
f 1716/1061 1012/657 1007/652 
f 1717/1062 1716/1061 1007/652 
f 1717/1062 1007/652 1008/653 
f 1718/1063 1717/1062 1008/653 
f 1718/1063 1008/653 159/123 
f 1719/1064 1718/1063 159/123 
f 1719/1064 159/123 161/125 
f 1720/1065 1719/1064 161/125 
f 1720/1065 161/125 1721/1066 
f 1722/1067 1720/1065 1721/1066 
f 1722/1067 1721/1066 139/1068 
f 1723/1066 1722/1067 139/1068 
f 110/71 108/69 97/455 
f 112/73 110/71 97/455 
f 112/73 97/455 96/454 
f 113/74 112/73 96/454 
f 113/74 96/454 99/456 
f 115/76 113/74 99/456 
f 115/76 99/456 467/74 
f 114/75 115/76 467/74 
f 114/75 467/74 475/72 
f 116/77 114/75 475/72 
f 116/77 475/72 468/66 
f 1019/670 116/77 468/66 
f 1019/670 468/66 470/67 
f 1018/669 1019/670 470/67 
f 1018/669 470/67 646/672 
f 1020/671 1018/669 646/672 
f 128/89 1724/1069 223/1070 
f 124/85 128/89 223/1070 
f 124/85 223/1070 178/1071 
f 125/86 124/85 178/1071 
f 125/86 178/1071 1056/1072 
f 130/91 125/86 1056/1072 
f 130/91 1056/1072 290/1073 
f 131/92 130/91 290/1073 
f 131/92 290/1073 275/1074 
f 119/80 131/92 275/1074 
f 119/80 275/1074 274/1075 
f 136/97 119/80 274/1075 
f 136/97 274/1075 1725/1076 
f 127/88 136/97 1725/1076 
f 127/88 1725/1076 1724/1069 
f 128/89 127/88 1724/1069 
f 136/97 127/88 129/90 
f 120/81 136/97 129/90 
f 120/81 129/90 137/98 
f 118/79 120/81 137/98 
f 118/79 137/98 1726/936 
f 1022/674 118/79 1726/936 
f 1022/674 1726/936 1727/1077 
f 1021/673 1022/674 1727/1077 
f 1021/673 1727/1077 1728/1078 
f 134/95 1021/673 1728/1078 
f 134/95 1728/1078 1729/1079 
f 133/94 134/95 1729/1079 
f 133/94 1729/1079 1730/1080 
f 135/96 133/94 1730/1080 
f 135/96 1730/1080 1731/1081 
f 124/85 135/96 1731/1081 
f 124/85 1731/1081 1732/1082 
f 128/89 124/85 1732/1082 
f 128/89 1732/1082 1733/935 
f 137/98 128/89 1733/935 
f 137/98 1733/935 1726/936 
f 1729/1079 1025/677 101/62 
f 1730/1080 1729/1079 101/62 
f 1730/1080 101/62 1029/683 
f 1731/1081 1730/1080 1029/683 
f 1731/1081 1029/683 1028/682 
f 1732/1082 1731/1081 1028/682 
f 1732/1082 1028/682 122/83 
f 1733/935 1732/1082 122/83 
f 1733/935 122/83 167/132 
f 1726/936 1733/935 167/132 
f 1726/936 167/132 145/131 
f 1727/1077 1726/936 145/131 
f 1727/1077 145/131 1023/675 
f 1728/1078 1727/1077 1023/675 
f 1728/1078 1023/675 1025/677 
f 1729/1079 1728/1078 1025/677 
f 103/64 102/63 1047/1083 
f 1030/684 103/64 1047/1083 
f 1030/684 1047/1083 157/1084 
f 1027/681 1030/684 157/1084 
f 1027/681 157/1084 1031/1085 
f 123/1086 1027/681 1031/1085 
f 123/1086 1031/1085 166/130 
f 121/1087 123/1086 166/130 
f 121/1087 166/130 165/129 
f 143/105 121/1087 165/129 
f 143/105 165/129 162/126 
f 144/106 143/105 162/126 
f 144/106 162/126 1734/1088 
f 1042/1089 144/106 1734/1088 
f 1042/1089 1734/1088 1735/1090 
f 1040/1091 1042/1089 1735/1090 
f 1040/1091 1735/1090 1736/1092 
f 1039/1093 1040/1091 1736/1092 
f 1039/1093 1736/1092 1737/1094 
f 789/1095 1039/1093 1737/1094 
f 789/1095 1737/1094 1738/1096 
f 152/510 789/1095 1738/1096 
f 152/510 1738/1096 788/515 
f 168/134 139/100 1721/1097 
f 164/128 168/134 1721/1097 
f 164/128 1721/1097 161/1098 
f 162/126 164/128 161/1098 
f 162/126 161/1098 160/1099 
f 1734/1088 162/126 160/1099 
f 1734/1088 160/1099 1006/1100 
f 1735/1090 1734/1088 1006/1100 
f 1735/1090 1006/1100 1005/1101 
f 1736/1092 1735/1090 1005/1101 
f 1736/1092 1005/1101 1010/1102 
f 1737/1094 1736/1092 1010/1102 
f 1737/1094 1010/1102 1009/1103 
f 1738/1096 1737/1094 1009/1103 
f 1738/1096 1009/1103 1015/1104 
f 788/515 1738/1096 1015/1104 
f 788/515 1015/1104 1013/658 
f 783/511 788/515 1013/658 
f 783/511 1013/658 1002/647 
f 1300/679 1301/677 1305/62 
f 1318/63 1300/679 1305/62 
f 1318/63 1305/62 1304/64 
f 1316/1083 1318/63 1304/64 
f 1316/1083 1304/64 1306/684 
f 526/1084 1316/1083 1306/684 
f 526/1084 1306/684 1303/681 
f 1309/1085 526/1084 1303/681 
f 1309/1085 1303/681 482/1086 
f 536/130 1309/1085 482/1086 
f 536/130 482/1086 481/1087 
f 535/129 536/130 481/1087 
f 535/129 481/1087 507/105 
f 533/126 535/129 507/105 
f 533/126 507/105 506/106 
f 1739/1088 533/126 506/106 
f 1739/1088 506/106 1740/1089 
f 1741/1090 1739/1088 1740/1089 
f 1741/1090 1740/1089 1313/1091 
f 1742/1092 1741/1090 1313/1091 
f 1742/1092 1313/1091 1314/1093 
f 1743/1094 1742/1092 1314/1093 
f 1743/1094 1314/1093 790/1095 
f 1744/1096 1743/1094 790/1095 
f 1744/1096 790/1095 522/510 
f 785/515 1744/1096 522/510 
f 766/426 1500/972 1033/687 
f 1745/1105 766/426 1033/687 
f 1745/1105 1033/687 774/507 
f 1746/1106 1745/1105 774/507 
f 1746/1106 774/507 772/506 
f 1747/1107 1746/1106 772/506 
f 1747/1107 772/506 1748/507 
f 1749/1106 1747/1107 1748/507 
f 1749/1106 1748/507 1750/687 
f 1751/1105 1749/1106 1750/687 
f 1751/1105 1750/687 1752/972 
f 434/426 1751/1105 1752/972 
f 434/426 1752/972 1753/970 
f 435/427 434/426 1753/970 
f 435/427 1753/970 1754/503 
f 445/436 435/427 1754/503 
f 445/436 1754/503 439/430 
f 443/434 445/436 439/430 
f 443/434 439/430 441/432 
f 444/435 443/434 441/432 
f 444/435 441/432 1637/974 
f 1255/921 444/435 1637/974 
f 1255/921 1637/974 1638/969 
f 432/423 1255/921 1638/969 
f 432/423 1638/969 1639/457 
f 320/424 432/423 1639/457 
f 701/1108 1310/934 150/112 
f 699/1109 701/1108 150/112 
f 699/1109 150/112 61/43 
f 1450/1110 699/1109 61/43 
f 1450/1110 61/43 59/41 
f 1451/1111 1450/1110 59/41 
f 1451/1111 59/41 753/38 
f 1442/1112 1451/1111 753/38 
f 1442/1112 753/38 755/414 
f 1441/1113 1442/1112 755/414 
f 1441/1113 755/414 1489/919 
f 1437/1114 1441/1113 1489/919 
f 1437/1114 1489/919 1479/908 
f 1438/1115 1437/1114 1479/908 
f 1438/1115 1479/908 751/405 
f 711/1116 1438/1115 751/405 
f 711/1116 751/405 750/406 
f 1042/698 1040/695 1038/693 
f 1041/696 1042/698 1038/693 
f 1041/696 1038/693 293/268 
f 1755/1117 1041/696 293/268 
f 1755/1117 293/268 295/1118 
f 1756/1119 1755/1117 295/1118 
f 1756/1119 295/1118 1020/1120 
f 1757/1121 1756/1119 1020/1120 
f 1757/1121 1020/1120 646/1118 
f 1758/1119 1757/1121 646/1118 
f 1758/1119 646/1118 645/268 
f 1759/1117 1758/1119 645/268 
f 1759/1117 645/268 1312/693 
f 1760/696 1759/1117 1312/693 
f 1760/696 1312/693 1313/695 
f 1740/698 1760/696 1313/695 
f 1054/714 236/202 1053/712 
f 1761/1122 1054/714 1053/712 
f 1761/1122 1053/712 1051/710 
f 1762/1123 1761/1122 1051/710 
f 1762/1123 1051/710 233/199 
f 1763/1124 1762/1123 233/199 
f 1763/1124 233/199 171/137 
f 1764/1125 1763/1124 171/137 
f 1764/1125 171/137 234/200 
f 1765/1126 1764/1125 234/200 
f 1765/1126 234/200 176/142 
f 1766/945 1765/1126 176/142 
f 1766/945 176/142 172/138 
f 1767/946 1766/945 172/138 
f 1767/946 172/138 177/143 
f 1768/1127 1767/946 177/143 
f 1768/1127 177/143 174/140 
f 1724/1128 1768/1127 174/140 
f 1724/1128 174/140 188/154 
f 223/189 1724/1128 188/154 
f 223/189 188/154 187/153 
f 179/145 223/189 187/153 
f 179/145 187/153 186/152 
f 184/150 179/145 186/152 
f 184/150 186/152 229/195 
f 1062/726 184/150 229/195 
f 1062/726 229/195 224/190 
f 1769/1129 1062/726 224/190 
f 1769/1129 224/190 231/197 
f 1770/1130 1769/1129 231/197 
f 1770/1130 231/197 216/182 
f 1771/1131 1770/1130 216/182 
f 1771/1131 216/182 215/181 
f 1772/1132 1771/1131 215/181 
f 1772/1132 215/181 1080/745 
f 1773/1133 1772/1132 1080/745 
f 1773/1133 1080/745 1078/743 
f 1774/1134 1773/1133 1078/743 
f 1774/1134 1078/743 1081/747 
f 1775/1135 1774/1134 1081/747 
f 1775/1135 1081/747 194/160 
f 1776/1136 1775/1135 194/160 
f 1776/1136 194/160 193/159 
f 284/1137 1776/1136 193/159 
f 176/142 234/200 170/136 
f 175/141 176/142 170/136 
f 175/141 170/136 1130/458 
f 181/147 175/141 1130/458 
f 181/147 1130/458 1109/938 
f 1058/720 181/147 1109/938 
f 1058/720 1109/938 243/462 
f 1083/468 1058/720 243/462 
f 1083/468 243/462 1087/463 
f 1084/750 1083/468 1087/463 
f 1084/750 1087/463 1088/752 
f 1093/469 1084/750 1088/752 
f 1093/469 1088/752 1095/466 
f 257/464 1093/469 1095/466 
f 257/464 1095/466 1094/465 
f 1123/944 257/464 1094/465 
f 1123/944 1094/465 1097/758 
f 1121/943 1123/944 1097/758 
f 1121/943 1097/758 1096/757 
f 253/942 1121/943 1096/757 
f 253/942 1096/757 221/187 
f 252/467 253/942 221/187 
f 252/467 221/187 220/186 
f 251/460 252/467 220/186 
f 251/460 220/186 217/183 
f 245/459 251/460 217/183 
f 245/459 217/183 219/185 
f 246/941 245/459 219/185 
f 246/941 219/185 1089/753 
f 1110/939 246/941 1089/753 
f 1110/939 1089/753 1091/755 
f 1111/940 1110/939 1091/755 
f 1111/940 1091/755 1085/461 
f 243/462 1111/940 1085/461 
f 243/462 1085/461 1087/463 
f 256/1138 254/713 1777/1139 
f 1778/1140 256/1138 1777/1139 
f 1778/1140 1777/1139 1779/1141 
f 1780/1142 1778/1140 1779/1141 
f 1780/1142 1779/1141 1781/1143 
f 1782/1144 1780/1142 1781/1143 
f 1782/1144 1781/1143 1783/1145 
f 1784/1146 1782/1144 1783/1145 
f 1784/1146 1783/1145 1785/1147 
f 1145/1148 1784/1146 1785/1147 
f 1145/1148 1785/1147 1786/1149 
f 1143/1150 1145/1148 1786/1149 
f 1143/1150 1786/1149 1787/1151 
f 1124/1152 1143/1150 1787/1151 
f 1124/1152 1787/1151 1788/1153 
f 1125/1154 1124/1152 1788/1153 
f 1125/1154 1788/1153 1789/1127 
f 276/1155 1125/1154 1789/1127 
f 276/1155 1789/1127 1725/1156 
f 274/1157 276/1155 1725/1156 
f 1777/1139 254/713 1054/714 
f 1779/1141 1777/1139 1054/714 
f 1779/1141 1054/714 1761/1122 
f 1781/1143 1779/1141 1761/1122 
f 1781/1143 1761/1122 1762/1123 
f 1783/1145 1781/1143 1762/1123 
f 1783/1145 1762/1123 1763/1124 
f 1785/1147 1783/1145 1763/1124 
f 1785/1147 1763/1124 1764/1125 
f 1786/1149 1785/1147 1764/1125 
f 1786/1149 1764/1125 1765/1126 
f 1787/1151 1786/1149 1765/1126 
f 1787/1151 1765/1126 1766/945 
f 1788/1153 1787/1151 1766/945 
f 1788/1153 1766/945 1767/946 
f 1789/1127 1788/1153 1767/946 
f 1789/1127 1767/946 1768/1127 
f 1725/1156 1789/1127 1768/1127 
f 1725/1156 1768/1127 1724/1128 
f 183/149 182/148 228/194 
f 186/152 183/149 228/194 
f 186/152 228/194 1790/1158 
f 229/195 186/152 1790/1158 
f 229/195 1790/1158 1791/1159 
f 212/178 229/195 1791/1159 
f 212/178 1791/1159 1792/1160 
f 232/198 212/178 1792/1160 
f 232/198 1792/1160 1793/1161 
f 206/172 232/198 1793/1161 
f 206/172 1793/1161 1794/1162 
f 204/170 206/172 1794/1162 
f 204/170 1794/1162 1795/1163 
f 1075/740 204/170 1795/1163 
f 1075/740 1795/1163 1796/1164 
f 1071/736 1075/740 1796/1164 
f 1071/736 1796/1164 1797/1165 
f 1072/737 1071/736 1797/1165 
f 1072/737 1797/1165 207/173 
f 1074/739 1072/737 207/173 
f 1074/739 207/173 209/175 
f 1061/723 1062/726 1769/1129 
f 1059/721 1061/723 1769/1129 
f 1059/721 1769/1129 1770/1130 
f 190/156 1059/721 1770/1130 
f 190/156 1770/1130 1771/1131 
f 191/157 190/156 1771/1131 
f 191/157 1771/1131 1772/1132 
f 222/188 191/157 1772/1132 
f 222/188 1772/1132 1773/1133 
f 1064/729 222/188 1773/1133 
f 1064/729 1773/1133 1774/1134 
f 1066/731 1064/729 1774/1134 
f 1066/731 1774/1134 1775/1135 
f 1082/749 1066/731 1775/1135 
f 1082/749 1775/1135 1776/1136 
f 283/748 1082/749 1776/1136 
f 283/748 1776/1136 284/1137 
f 202/168 207/173 1797/1165 
f 203/169 202/168 1797/1165 
f 203/169 1797/1165 1796/1164 
f 1068/733 203/169 1796/1164 
f 1068/733 1796/1164 1795/1163 
f 1070/735 1068/733 1795/1163 
f 1070/735 1795/1163 1794/1162 
f 199/165 1070/735 1794/1162 
f 199/165 1794/1162 1793/1161 
f 200/166 199/165 1793/1161 
f 200/166 1793/1161 1792/1160 
f 230/196 200/166 1792/1160 
f 230/196 1792/1160 1791/1159 
f 195/161 230/196 1791/1159 
f 195/161 1791/1159 1790/1158 
f 228/194 195/161 1790/1158 
f 240/207 239/206 1798/947 
f 1099/760 240/207 1798/947 
f 1099/760 1798/947 1799/1166 
f 1101/762 1099/760 1799/1166 
f 1101/762 1799/1166 1800/1167 
f 1103/764 1101/762 1800/1167 
f 1103/764 1800/1167 1801/1168 
f 1105/766 1103/764 1801/1168 
f 1105/766 1801/1168 1802/1169 
f 1107/768 1105/766 1802/1169 
f 1107/768 1802/1169 265/234 
f 1132/793 1107/768 265/234 
f 1132/793 265/234 267/236 
f 1131/481 1132/793 267/236 
f 1131/481 267/236 272/243 
f 1803/480 1131/481 272/243 
f 1803/480 272/243 271/242 
f 1142/808 1803/480 271/242 
f 1142/808 271/242 1133/795 
f 1141/807 1142/808 1133/795 
f 1141/807 1133/795 282/253 
f 1140/806 1141/807 282/253 
f 1140/806 282/253 281/252 
f 1139/805 1140/806 281/252 
f 1139/805 281/252 1135/799 
f 1138/804 1139/805 1135/799 
f 1138/804 1135/799 1134/797 
f 288/261 1138/804 1134/797 
f 288/261 1134/797 285/256 
f 286/259 288/261 285/256 
f 286/259 285/256 284/255 
f 193/257 286/259 284/255 
f 239/206 210/205 201/470 
f 1798/947 239/206 201/470 
f 1798/947 201/470 1067/948 
f 1799/1166 1798/947 1067/948 
f 1799/1166 1067/948 1069/1170 
f 1800/1167 1799/1166 1069/1170 
f 1800/1167 1069/1170 198/1171 
f 1801/1168 1800/1167 198/1171 
f 1801/1168 198/1171 197/1172 
f 1802/1169 1801/1168 197/1172 
f 1802/1169 197/1172 196/266 
f 265/234 1802/1169 196/266 
f 265/234 196/266 292/265 
f 266/235 265/234 292/265 
f 266/235 292/265 1118/779 
f 1129/790 266/235 1118/779 
f 1129/790 1118/779 1108/769 
f 1130/791 1129/790 1108/769 
f 1130/791 1108/769 1109/770 
f 208/471 210/205 238/204 
f 209/1173 208/471 238/204 
f 209/1173 238/204 241/208 
f 1074/1174 209/1173 241/208 
f 1074/1174 241/208 1098/759 
f 1073/1175 1074/1174 1098/759 
f 1073/1175 1098/759 1100/761 
f 1076/1176 1073/1175 1100/761 
f 1076/1176 1100/761 1102/763 
f 205/1177 1076/1176 1102/763 
f 205/1177 1102/763 1104/765 
f 213/1178 205/1177 1104/765 
f 213/1178 1104/765 1106/767 
f 211/239 213/1178 1106/767 
f 211/239 1106/767 1131/481 
f 268/237 211/239 1131/481 
f 268/237 1131/481 1803/480 
f 1142/808 268/237 1803/480 
f 1147/810 1050/811 1052/1179 
f 1804/950 1147/810 1052/1179 
f 1804/950 1052/1179 235/783 
f 1805/951 1804/950 235/783 
f 1805/951 235/783 1122/784 
f 1806/483 1805/951 1122/784 
f 1806/483 1122/784 255/221 
f 1807/482 1806/483 255/221 
f 1807/482 255/221 256/223 
f 1808/484 1807/482 256/223 
f 1808/484 256/223 1778/1180 
f 1809/952 1808/484 1778/1180 
f 1809/952 1778/1180 1780/1181 
f 1810/474 1809/952 1780/1181 
f 1810/474 1780/1181 1782/473 
f 1146/472 1810/474 1782/473 
f 1146/472 1782/473 1784/476 
f 1145/475 1146/472 1784/476 
f 1805/951 1806/483 1811/949 
f 1804/950 1805/951 1811/949 
f 1804/950 1811/949 1812/953 
f 1147/810 1804/950 1812/953 
f 1147/810 1812/953 1813/486 
f 263/232 1147/810 1813/486 
f 263/232 1813/486 1814/485 
f 262/954 263/232 1814/485 
f 262/954 1814/485 1815/478 
f 1128/789 262/954 1815/478 
f 1128/789 1815/478 277/247 
f 264/233 1128/789 277/247 
f 264/233 277/247 279/249 
f 267/236 264/233 279/249 
f 267/236 279/249 280/250 
f 272/243 267/236 280/250 
f 272/243 280/250 291/264 
f 273/240 272/243 291/264 
f 273/240 291/264 1055/715 
f 269/240 273/240 1055/715 
f 1125/787 276/246 278/248 
f 1127/788 1125/787 278/248 
f 1127/788 278/248 277/247 
f 1126/479 1127/788 277/247 
f 1126/479 277/247 1815/478 
f 1144/477 1126/479 1815/478 
f 1144/477 1815/478 1814/485 
f 1146/472 1144/477 1814/485 
f 1146/472 1814/485 1813/486 
f 1810/474 1146/472 1813/486 
f 1810/474 1813/486 1812/953 
f 1809/952 1810/474 1812/953 
f 1809/952 1812/953 1811/949 
f 1808/484 1809/952 1811/949 
f 1808/484 1811/949 1806/483 
f 1807/482 1808/484 1806/483 
f 1026/1182 1024/697 1041/696 
f 102/708 1026/1182 1041/696 
f 102/708 1041/696 1755/1117 
f 1049/706 102/708 1755/1117 
f 1049/706 1755/1117 1756/1119 
f 1048/705 1049/706 1756/1119 
f 1048/705 1756/1119 1757/1121 
f 1317/706 1048/705 1757/1121 
f 1317/706 1757/1121 1758/1119 
f 1318/708 1317/706 1758/1119 
f 1318/708 1758/1119 1759/1117 
f 1300/1182 1318/708 1759/1117 
f 1300/1182 1759/1117 1760/696 
f 1298/697 1300/1182 1760/696 
f 1298/697 1760/696 1740/698 
f 506/699 1298/697 1740/698 
f 1162/829 1163/830 1816/1183 
f 1817/1184 1162/829 1816/1183 
f 1817/1184 1816/1183 1818/1185 
f 1819/1186 1817/1184 1818/1185 
f 1819/1186 1818/1185 1820/1187 
f 1821/1146 1819/1186 1820/1187 
f 1821/1146 1820/1187 1822/1188 
f 1823/1189 1821/1146 1822/1188 
f 1823/1189 1822/1188 1824/1190 
f 1825/1191 1823/1189 1824/1190 
f 1825/1191 1824/1190 1826/1192 
f 1827/1192 1825/1191 1826/1192 
f 1827/1192 1826/1192 1828/1193 
f 1829/1192 1827/1192 1828/1193 
f 1829/1192 1828/1193 1830/1194 
f 1831/1190 1829/1192 1830/1194 
f 1831/1190 1830/1194 1832/1195 
f 1833/1188 1831/1190 1832/1195 
f 1833/1188 1832/1195 1834/1196 
f 1835/1187 1833/1188 1834/1196 
f 1835/1187 1834/1196 1836/1197 
f 1837/1185 1835/1187 1836/1197 
f 1837/1185 1836/1197 1838/1198 
f 1839/1183 1837/1185 1838/1198 
f 1839/1183 1838/1198 1840/1199 
f 1841/830 1839/1183 1840/1199 
f 1841/830 1840/1199 1842/1200 
f 1843/820 1841/830 1842/1200 
f 1843/820 1842/1200 1844/1201 
f 1845/822 1843/820 1844/1201 
f 1845/822 1844/1201 716/1202 
f 719/1203 1845/822 716/1202 
f 301/277 298/274 1153/818 
f 1846/1204 301/277 1153/818 
f 1846/1204 1153/818 1148/813 
f 1847/1205 1846/1204 1148/813 
f 1847/1205 1148/813 1150/815 
f 1848/1206 1847/1205 1150/815 
f 1848/1206 1150/815 1160/825 
f 1849/1207 1848/1206 1160/825 
f 1849/1207 1160/825 399/828 
f 1850/1208 1849/1207 399/828 
f 1850/1208 399/828 402/1209 
f 1851/1210 1850/1208 402/1209 
f 1851/1210 402/1209 1223/957 
f 1852/1211 1851/1210 1223/957 
f 1852/1211 1223/957 1853/955 
f 1854/1212 1852/1211 1853/955 
f 1854/1212 1853/955 1828/1193 
f 1855/1213 1854/1212 1828/1193 
f 1855/1213 1828/1193 1856/1194 
f 1857/1214 1855/1213 1856/1194 
f 1857/1214 1856/1194 1858/1195 
f 1859/1215 1857/1214 1858/1195 
f 1859/1215 1858/1195 1860/1196 
f 1861/1216 1859/1215 1860/1196 
f 1861/1216 1860/1196 1862/1197 
f 1863/1217 1861/1216 1862/1197 
f 1863/1217 1862/1197 1864/1198 
f 1865/1218 1863/1217 1864/1198 
f 1865/1218 1864/1198 1866/1199 
f 1867/1219 1865/1218 1866/1199 
f 1867/1219 1866/1199 1868/1200 
f 1869/1220 1867/1219 1868/1200 
f 1869/1220 1868/1200 1870/1201 
f 1159/824 1869/1220 1870/1201 
f 1159/824 1870/1201 382/1202 
f 320/167 1159/824 382/1202 
f 1159/824 301/277 1846/1204 
f 1869/1220 1159/824 1846/1204 
f 1869/1220 1846/1204 1847/1205 
f 1867/1219 1869/1220 1847/1205 
f 1867/1219 1847/1205 1848/1206 
f 1865/1218 1867/1219 1848/1206 
f 1865/1218 1848/1206 1849/1207 
f 1863/1217 1865/1218 1849/1207 
f 1863/1217 1849/1207 1850/1208 
f 1861/1216 1863/1217 1850/1208 
f 1861/1216 1850/1208 1851/1210 
f 1859/1215 1861/1216 1851/1210 
f 1859/1215 1851/1210 1852/1211 
f 1857/1214 1859/1215 1852/1211 
f 1857/1214 1852/1211 1854/1212 
f 1855/1213 1857/1214 1854/1212 
f 1158/823 1218/1221 384/1203 
f 1157/822 1158/823 384/1203 
f 1157/822 384/1203 382/1202 
f 1155/820 1157/822 382/1202 
f 1155/820 382/1202 1870/1201 
f 1163/830 1155/820 1870/1201 
f 1163/830 1870/1201 1868/1200 
f 1816/1183 1163/830 1868/1200 
f 1816/1183 1868/1200 1866/1199 
f 1818/1185 1816/1183 1866/1199 
f 1818/1185 1866/1199 1864/1198 
f 1820/1187 1818/1185 1864/1198 
f 1820/1187 1864/1198 1862/1197 
f 1822/1188 1820/1187 1862/1197 
f 1822/1188 1862/1197 1860/1196 
f 1824/1190 1822/1188 1860/1196 
f 1824/1190 1860/1196 1858/1195 
f 1826/1192 1824/1190 1858/1195 
f 1826/1192 1858/1195 1856/1194 
f 1828/1193 1826/1192 1856/1194 
f 298/274 300/276 1871/1222 
f 1154/819 298/274 1871/1222 
f 1154/819 1871/1222 1872/276 
f 1416/274 1154/819 1872/276 
f 1416/274 1872/276 669/275 
f 1873/277 1416/274 669/275 
f 1873/277 669/275 668/167 
f 1874/824 1873/277 668/167 
f 1874/824 668/167 716/1202 
f 1875/1220 1874/824 716/1202 
f 1875/1220 716/1202 1844/1201 
f 1876/1219 1875/1220 1844/1201 
f 1876/1219 1844/1201 1842/1200 
f 1877/1218 1876/1219 1842/1200 
f 1877/1218 1842/1200 1840/1199 
f 1878/1217 1877/1218 1840/1199 
f 1878/1217 1840/1199 1838/1198 
f 1879/1216 1878/1217 1838/1198 
f 1879/1216 1838/1198 1836/1197 
f 1880/1215 1879/1216 1836/1197 
f 1880/1215 1836/1197 1834/1196 
f 1881/1214 1880/1215 1834/1196 
f 1881/1214 1834/1196 1832/1195 
f 1882/1213 1881/1214 1832/1195 
f 1882/1213 1832/1195 1830/1194 
f 1828/1193 1882/1213 1830/1194 
f 334/311 325/302 1169/488 
f 335/312 334/311 1169/488 
f 335/312 1169/488 649/487 
f 333/310 335/312 649/487 
f 333/310 649/487 651/312 
f 681/311 333/310 651/312 
f 681/311 651/312 650/488 
f 671/302 681/311 650/488 
f 671/302 650/488 676/490 
f 1883/304 671/302 676/490 
f 1883/304 676/490 675/489 
f 1884/289 1883/304 675/489 
f 1884/289 675/489 677/491 
f 1885/858 1884/289 677/491 
f 1885/858 677/491 1419/833 
f 1886/856 1885/858 1419/833 
f 1886/856 1419/833 1420/832 
f 1887/847 1886/856 1420/832 
f 1887/847 1420/832 1429/316 
f 657/283 1887/847 1429/316 
f 657/283 1429/316 661/291 
f 655/282 657/283 661/291 
f 655/282 661/291 663/292 
f 666/295 655/282 663/292 
f 317/293 305/281 307/283 
f 1888/1223 317/293 307/283 
f 1888/1223 307/283 1184/847 
f 1889/1224 1888/1223 1184/847 
f 1889/1224 1184/847 1193/856 
f 312/288 1889/1224 1193/856 
f 312/288 1193/856 1195/858 
f 313/289 312/288 1195/858 
f 313/289 1195/858 1172/491 
f 1171/489 313/289 1172/491 
f 1171/489 1172/491 336/313 
f 1168/490 1171/489 336/313 
f 1168/490 336/313 310/286 
f 1169/488 1168/490 310/286 
f 1169/488 310/286 309/285 
f 649/487 1169/488 309/285 
f 303/279 317/293 1888/1223 
f 304/280 303/279 1888/1223 
f 304/280 1888/1223 1889/1224 
f 1174/837 304/280 1889/1224 
f 1174/837 1889/1224 312/288 
f 1196/859 1174/837 312/288 
f 1196/859 312/288 311/287 
f 1194/857 1196/859 311/287 
f 1194/857 311/287 1191/854 
f 1183/846 1194/857 1191/854 
f 1183/846 1191/854 1189/852 
f 1182/845 1183/846 1189/852 
f 1182/845 1189/852 1188/851 
f 349/326 1182/845 1188/851 
f 349/326 1188/851 1186/849 
f 330/307 349/326 1186/849 
f 330/307 1186/849 1185/848 
f 348/325 330/307 1185/848 
f 348/325 1185/848 1187/850 
f 324/301 348/325 1187/850 
f 324/301 1187/850 1190/853 
f 1170/835 324/301 1190/853 
f 1170/835 1190/853 1189/852 
f 1191/854 1170/835 1189/852 
f 305/281 317/293 318/294 
f 319/295 305/281 318/294 
f 319/295 318/294 338/315 
f 413/492 319/295 338/315 
f 413/492 338/315 340/317 
f 1233/1225 413/492 340/317 
f 1233/1225 340/317 302/278 
f 1247/1226 1233/1225 302/278 
f 1247/1226 302/278 1175/838 
f 1249/1227 1247/1226 1175/838 
f 1249/1227 1175/838 1177/840 
f 1244/1228 1249/1227 1177/840 
f 1244/1228 1177/840 345/322 
f 1237/1229 1244/1228 345/322 
f 1237/1229 345/322 329/306 
f 1239/1230 1237/1229 329/306 
f 1239/1230 329/306 331/308 
f 323/300 347/324 346/323 
f 321/297 323/300 346/323 
f 321/297 346/323 326/303 
f 299/298 321/297 326/303 
f 299/298 326/303 334/311 
f 300/1231 299/298 334/311 
f 300/1231 334/311 333/310 
f 1871/1232 300/1231 333/310 
f 1871/1232 333/310 681/311 
f 1872/1231 1871/1232 681/311 
f 1872/1231 681/311 673/303 
f 669/298 1872/1231 673/303 
f 669/298 673/303 690/323 
f 667/297 669/298 690/323 
f 667/297 690/323 691/324 
f 670/300 667/297 691/324 
f 670/300 691/324 693/307 
f 678/308 670/300 693/307 
f 678/308 693/307 687/306 
f 1476/1230 678/308 687/306 
f 1476/1230 687/306 689/322 
f 1474/1229 1476/1230 689/322 
f 1474/1229 689/322 1427/840 
f 1481/1228 1474/1229 1427/840 
f 1481/1228 1427/840 1424/838 
f 1487/1227 1481/1228 1424/838 
f 1487/1227 1424/838 653/278 
f 1485/1226 1487/1227 653/278 
f 1485/1226 653/278 683/317 
f 1471/1225 1485/1226 683/317 
f 1471/1225 683/317 682/492 
f 374/351 358/335 355/332 
f 375/352 374/351 355/332 
f 375/352 355/332 697/493 
f 376/353 375/352 697/493 
f 376/353 697/493 1456/966 
f 377/354 376/353 1456/966 
f 377/354 1456/966 1448/962 
f 1214/874 377/354 1448/962 
f 1214/874 1448/962 1449/963 
f 380/357 1214/874 1449/963 
f 380/357 1449/963 1458/967 
f 379/356 380/357 1458/967 
f 379/356 1458/967 1460/968 
f 369/346 379/356 1460/968 
f 369/346 1460/968 1459/356 
f 1440/355 369/346 1459/356 
f 1440/355 1459/356 1457/357 
f 1439/873 1440/355 1457/357 
f 1439/873 1457/357 1447/874 
f 696/351 1439/873 1447/874 
f 696/351 1447/874 1446/354 
f 715/353 696/351 1446/354 
f 715/353 1446/354 1448/962 
f 1456/966 715/353 1448/962 
f 378/355 1215/875 1890/959 
f 1213/873 378/355 1890/959 
f 1213/873 1890/959 1891/960 
f 374/351 1213/873 1891/960 
f 374/351 1891/960 1892/961 
f 358/335 374/351 1892/961 
f 358/335 1892/961 1893/965 
f 357/334 358/335 1893/965 
f 357/334 1893/965 1894/964 
f 363/340 357/334 1894/964 
f 363/340 1894/964 351/328 
f 1895/496 363/340 351/328 
f 1895/496 351/328 350/327 
f 365/342 1895/496 350/327 
f 365/342 350/327 353/330 
f 366/343 365/342 353/330 
f 366/343 353/330 1208/869 
f 367/344 366/343 1208/869 
f 367/344 1208/869 1212/872 
f 710/343 367/344 1212/872 
f 710/343 1212/872 1455/869 
f 702/330 710/343 1455/869 
f 702/330 1455/869 1445/865 
f 1453/868 702/330 1445/865 
f 1453/868 1445/865 1444/337 
f 713/338 1453/868 1444/337 
f 713/338 1444/337 1443/336 
f 712/348 713/338 1443/336 
f 712/348 1443/336 1200/863 
f 373/350 712/348 1200/863 
f 373/350 1200/863 359/336 
f 371/348 373/350 359/336 
f 371/348 359/336 361/338 
f 372/349 371/348 361/338 
f 372/349 361/338 423/498 
f 1210/871 1198/861 364/341 
f 1211/494 1210/871 364/341 
f 1211/494 364/341 363/340 
f 1205/497 1211/494 363/340 
f 1205/497 363/340 1895/496 
f 1203/495 1205/497 1895/496 
f 1203/495 1895/496 365/342 
f 1204/866 1203/495 365/342 
f 1204/866 365/342 707/495 
f 1206/867 1204/866 707/495 
f 1206/867 707/495 709/497 
f 1210/871 1206/867 709/497 
f 1210/871 709/497 703/494 
f 1198/861 1210/871 703/494 
f 1198/861 703/494 705/341 
f 1197/860 1198/861 705/341 
f 1197/860 705/341 706/339 
f 354/331 1197/860 706/339 
f 354/331 706/339 1454/333 
f 355/332 354/331 1454/333 
f 355/332 1454/333 1452/334 
f 695/335 355/332 1452/334 
f 695/335 1452/334 1451/965 
f 1442/961 695/335 1451/965 
f 396/377 394/374 395/375 
f 427/499 396/377 395/375 
f 427/499 395/375 392/371 
f 434/1233 427/499 392/371 
f 434/1233 392/371 393/372 
f 1751/1234 434/1233 393/372 
f 1751/1234 393/372 1221/882 
f 1749/1235 1751/1234 1221/882 
f 1749/1235 1221/882 1222/883 
f 1747/1236 1749/1235 1222/883 
f 1747/1236 1222/883 1461/882 
f 1746/1235 1747/1236 1461/882 
f 1746/1235 1461/882 728/372 
f 1745/1234 1746/1235 728/372 
f 1745/1234 728/372 727/371 
f 766/1233 1745/1234 727/371 
f 766/1233 727/371 732/499 
f 400/382 399/381 398/380 
f 410/392 400/382 398/380 
f 410/392 398/380 408/390 
f 407/389 410/392 408/390 
f 407/389 408/390 397/379 
f 405/387 407/389 397/379 
f 405/387 397/379 733/389 
f 741/388 405/387 733/389 
f 741/388 733/389 735/392 
f 740/386 741/388 735/392 
f 740/386 735/392 743/391 
f 739/384 740/386 743/391 
f 739/384 743/391 742/383 
f 736/382 739/384 742/383 
f 736/382 742/383 735/392 
f 737/380 736/382 735/392 
f 737/380 735/392 734/390 
f 397/379 737/380 734/390 
f 397/379 734/390 733/389 
f 421/407 368/395 411/394 
f 1224/886 421/407 411/394 
f 1224/886 411/394 1242/910 
f 1227/889 1224/886 1242/910 
f 1227/889 1242/910 1240/906 
f 1229/891 1227/889 1240/906 
f 1229/891 1240/906 1235/897 
f 1232/894 1229/891 1235/897 
f 1232/894 1235/897 422/410 
f 1246/914 1232/894 422/410 
f 1246/914 422/410 319/397 
f 1245/913 1246/914 319/397 
f 1245/913 319/397 412/396 
f 1231/893 1245/913 412/396 
f 1231/893 412/396 1234/896 
f 1230/892 1231/893 1234/896 
f 1230/892 1234/896 1248/916 
f 1228/890 1230/892 1248/916 
f 1228/890 1248/916 1250/918 
f 1225/887 1228/890 1250/918 
f 1225/887 1250/918 1243/911 
f 1226/888 1225/887 1243/911 
f 1226/888 1243/911 1236/902 
f 418/404 1226/888 1236/902 
f 418/404 1236/902 1238/904 
f 415/400 418/404 1238/904 
f 415/400 1238/904 1239/905 
f 331/401 415/400 1239/905 
f 368/1116 420/406 419/405 
f 1215/1115 368/1116 419/405 
f 1215/1115 419/405 1241/908 
f 1890/1114 1215/1115 1241/908 
f 1890/1114 1241/908 1251/919 
f 1891/1113 1890/1114 1251/919 
f 1891/1113 1251/919 425/414 
f 1892/1112 1891/1113 425/414 
f 1892/1112 425/414 55/38 
f 1893/1111 1892/1112 55/38 
f 1893/1111 55/38 67/41 
f 1894/1110 1893/1111 67/41 
f 1894/1110 67/41 71/43 
f 351/1109 1894/1110 71/43 
f 351/1109 71/43 459/112 
f 352/1108 351/1109 459/112 
f 352/1108 459/112 1209/934 
f 772/506 771/505 1632/505 
f 1748/507 772/506 1632/505 
f 1748/507 1632/505 1633/688 
f 1750/687 1748/507 1633/688 
f 1750/687 1633/688 1634/973 
f 1752/972 1750/687 1634/973 
f 1752/972 1634/973 1635/971 
f 1753/970 1752/972 1635/971 
f 1753/970 1635/971 452/443 
f 1754/503 1753/970 452/443 
f 1754/503 452/443 430/419 
f 439/430 1754/503 430/419 
f 439/430 430/419 442/433 
f 440/431 439/430 442/433 
f 440/431 442/433 429/418 
f 1636/500 440/431 429/418 
f 1636/500 429/418 448/439 
f 1275/633 998/635 1709/1052 
f 1276/641 1275/633 1709/1052 
f 1276/641 1709/1052 1710/1053 
f 1277/640 1276/641 1710/1053 
f 1277/640 1710/1053 1711/1055 
f 1278/1054 1277/640 1711/1055 
f 1278/1054 1711/1055 1712/1057 
f 1280/1056 1278/1054 1712/1057 
f 1280/1056 1712/1057 1713/1058 
f 1290/662 1280/1056 1713/1058 
f 1290/662 1713/1058 1714/1059 
f 1292/663 1290/662 1714/1059 
f 1292/663 1714/1059 1715/1060 
f 1288/656 1292/663 1715/1060 
f 1288/656 1715/1060 1716/1061 
f 1287/657 1288/656 1716/1061 
f 1287/657 1716/1061 1717/1062 
f 1284/652 1287/657 1717/1062 
f 1284/652 1717/1062 1718/1063 
f 1283/653 1284/652 1718/1063 
f 1283/653 1718/1063 1719/1064 
f 530/123 1283/653 1719/1064 
f 530/123 1719/1064 1720/1065 
f 531/125 530/123 1720/1065 
f 531/125 1720/1065 1722/1067 
f 1723/1066 531/125 1722/1067 
f 1896/1069 486/89 484/85 
f 594/1070 1896/1069 484/85 
f 594/1070 484/85 483/86 
f 592/1071 594/1070 483/86 
f 592/1071 483/86 490/91 
f 1897/1072 592/1071 490/91 
f 1897/1072 490/91 489/92 
f 1898/1073 1897/1072 489/92 
f 1898/1073 489/92 477/80 
f 634/1074 1898/1073 477/80 
f 634/1074 477/80 495/97 
f 635/1075 634/1074 495/97 
f 635/1075 495/97 487/88 
f 1899/1076 635/1075 487/88 
f 1899/1076 487/88 486/89 
f 1896/1069 1899/1076 486/89 
f 486/89 1295/935 1900/1082 
f 484/85 486/89 1900/1082 
f 484/85 1900/1082 1901/1081 
f 494/96 484/85 1901/1081 
f 494/96 1901/1081 1902/1080 
f 492/94 494/96 1902/1080 
f 492/94 1902/1080 1903/1079 
f 493/95 492/94 1903/1079 
f 493/95 1903/1079 1904/1078 
f 1294/673 493/95 1904/1078 
f 1294/673 1904/1078 1905/1077 
f 1297/674 1294/673 1905/1077 
f 1297/674 1905/1077 1296/936 
f 478/79 1297/674 1296/936 
f 478/79 1296/936 496/98 
f 479/81 478/79 496/98 
f 479/81 496/98 488/90 
f 495/97 479/81 488/90 
f 495/97 488/90 487/88 
f 1301/677 1903/1079 1902/1080 
f 1305/62 1301/677 1902/1080 
f 1305/62 1902/1080 1901/1081 
f 1307/683 1305/62 1901/1081 
f 1307/683 1901/1081 1900/1082 
f 1302/682 1307/683 1900/1082 
f 1302/682 1900/1082 1295/935 
f 480/83 1302/682 1295/935 
f 480/83 1295/935 1296/936 
f 537/132 480/83 1296/936 
f 537/132 1296/936 1905/1077 
f 508/131 537/132 1905/1077 
f 508/131 1905/1077 1904/1078 
f 1299/675 508/131 1904/1078 
f 1299/675 1904/1078 1903/1079 
f 1301/677 1299/675 1903/1079 
f 1723/1097 139/100 538/134 
f 531/1098 1723/1097 538/134 
f 531/1098 538/134 534/128 
f 529/1099 531/1098 534/128 
f 529/1099 534/128 533/126 
f 1281/1100 529/1099 533/126 
f 1281/1100 533/126 1739/1088 
f 1282/1101 1281/1100 1739/1088 
f 1282/1101 1739/1088 1741/1090 
f 1285/1102 1282/1101 1741/1090 
f 1285/1102 1741/1090 1742/1092 
f 1286/1103 1285/1102 1742/1092 
f 1286/1103 1742/1092 1743/1094 
f 1291/1104 1286/1103 1743/1094 
f 1291/1104 1743/1094 1744/1096 
f 1289/658 1291/1104 1744/1096 
f 1289/658 1744/1096 785/515 
f 1279/647 1289/658 785/515 
f 1279/647 785/515 784/511 
f 1906/202 1907/714 1908/1122 
f 1909/712 1906/202 1908/1122 
f 1909/712 1908/1122 1910/1123 
f 1911/710 1909/712 1910/1123 
f 1911/710 1910/1123 1912/1124 
f 1913/199 1911/710 1912/1124 
f 1913/199 1912/1124 1914/1125 
f 1915/137 1913/199 1914/1125 
f 1915/137 1914/1125 1916/1126 
f 1917/200 1915/137 1916/1126 
f 1917/200 1916/1126 1363/945 
f 544/142 1917/200 1363/945 
f 544/142 1363/945 540/138 
f 542/141 544/142 540/138 
f 542/141 540/138 539/139 
f 546/147 542/141 539/139 
f 546/147 539/139 549/149 
f 1918/148 546/147 549/149 
f 1918/148 549/149 548/194 
f 1919/719 1918/148 548/194 
f 1919/719 548/194 597/192 
f 1920/750 1919/719 597/192 
f 1920/750 597/192 604/469 
f 1921/752 1920/750 604/469 
f 1921/752 604/469 589/466 
f 1922/751 1921/752 589/466 
f 1922/751 589/466 588/465 
f 1923/756 1922/751 588/465 
f 1923/756 588/465 1362/758 
f 1924/754 1923/756 1362/758 
f 1924/754 1362/758 1359/757 
f 586/184 1924/754 1359/757 
f 586/184 1359/757 1358/187 
f 585/186 586/184 1358/187 
f 585/186 1358/187 612/942 
f 590/467 585/186 612/942 
f 1917/200 544/142 543/136 
f 1915/137 1917/200 543/136 
f 1915/137 543/136 1408/135 
f 1913/199 1915/137 1408/135 
f 1913/199 1408/135 1925/709 
f 1911/710 1913/199 1925/709 
f 1911/710 1925/709 1926/711 
f 1909/712 1911/710 1926/711 
f 1909/712 1926/711 1384/201 
f 1906/202 1909/712 1384/201 
f 1906/202 1384/201 614/203 
f 1907/714 1906/202 614/203 
f 1907/714 614/203 613/713 
f 1927/1139 1907/714 613/713 
f 1927/1139 613/713 616/1138 
f 1928/1140 1927/1139 616/1138 
f 1927/1139 1928/1140 1929/1142 
f 1930/1141 1927/1139 1929/1142 
f 1930/1141 1929/1142 620/1144 
f 1931/1143 1930/1141 620/1144 
f 1931/1143 620/1144 623/1146 
f 1932/1145 1931/1143 623/1146 
f 1932/1145 623/1146 622/1148 
f 1933/1147 1932/1145 622/1148 
f 1933/1147 622/1148 1406/1150 
f 1934/1149 1933/1147 1406/1150 
f 1934/1149 1406/1150 1389/1152 
f 1935/1151 1934/1149 1389/1152 
f 1935/1151 1389/1152 1388/1154 
f 1936/1153 1935/1151 1388/1154 
f 1936/1153 1388/1154 636/1155 
f 1937/1127 1936/1153 636/1155 
f 1937/1127 636/1155 635/1157 
f 1899/1156 1937/1127 635/1157 
f 1907/714 1927/1139 1930/1141 
f 1908/1122 1907/714 1930/1141 
f 1908/1122 1930/1141 1931/1143 
f 1910/1123 1908/1122 1931/1143 
f 1910/1123 1931/1143 1932/1145 
f 1912/1124 1910/1123 1932/1145 
f 1912/1124 1932/1145 1933/1147 
f 1914/1125 1912/1124 1933/1147 
f 1914/1125 1933/1147 1934/1149 
f 1916/1126 1914/1125 1934/1149 
f 1916/1126 1934/1149 1935/1151 
f 1363/945 1916/1126 1935/1151 
f 1363/945 1935/1151 1936/1153 
f 1364/946 1363/945 1936/1153 
f 1364/946 1936/1153 1937/1127 
f 1938/1127 1364/946 1937/1127 
f 1938/1127 1937/1127 1899/1156 
f 1896/1128 1938/1127 1899/1156 
f 545/143 1364/946 1938/1127 
f 541/140 545/143 1938/1127 
f 541/140 1938/1127 1896/1128 
f 552/154 541/140 1896/1128 
f 552/154 1896/1128 594/189 
f 551/153 552/154 594/189 
f 551/153 594/189 593/145 
f 550/152 551/153 593/145 
f 550/152 593/145 1939/150 
f 599/195 550/152 1939/150 
f 599/195 1939/150 1940/726 
f 595/190 599/195 1940/726 
f 595/190 1940/726 1941/1129 
f 602/197 595/190 1941/1129 
f 602/197 1941/1129 1942/1130 
f 581/182 602/197 1942/1130 
f 581/182 1942/1130 1943/1131 
f 579/181 581/182 1943/1131 
f 579/181 1943/1131 1944/1132 
f 1346/745 579/181 1944/1132 
f 1346/745 1944/1132 1945/1133 
f 1344/743 1346/745 1945/1133 
f 1344/743 1945/1133 1946/1134 
f 1348/747 1344/743 1946/1134 
f 1348/747 1946/1134 1947/1135 
f 558/160 1348/747 1947/1135 
f 558/160 1947/1135 1948/1136 
f 556/159 558/160 1948/1136 
f 556/159 1948/1136 1949/1137 
f 593/145 592/144 1328/146 
f 1939/150 593/145 1328/146 
f 1939/150 1328/146 1326/151 
f 1940/726 1939/150 1326/151 
f 1940/726 1326/151 1324/723 
f 1941/1129 1940/726 1324/723 
f 1941/1129 1324/723 1322/721 
f 1942/1130 1941/1129 1322/721 
f 1942/1130 1322/721 553/156 
f 1943/1131 1942/1130 553/156 
f 1943/1131 553/156 555/157 
f 1944/1132 1943/1131 555/157 
f 1944/1132 555/157 591/188 
f 1945/1133 1944/1132 591/188 
f 1945/1133 591/188 1329/729 
f 1946/1134 1945/1133 1329/729 
f 1946/1134 1329/729 1331/731 
f 1947/1135 1946/1134 1331/731 
f 1947/1135 1331/731 1351/749 
f 1948/1136 1947/1135 1351/749 
f 1948/1136 1351/749 1350/748 
f 1949/1137 1948/1136 1350/748 
f 1328/717 592/718 1897/716 
f 1327/715 1328/717 1897/716 
f 1327/715 1897/716 1898/263 
f 1392/264 1327/715 1898/263 
f 1392/264 1898/263 1950/250 
f 1393/240 1392/264 1950/250 
f 1393/240 1950/250 632/243 
f 1951/242 1393/240 632/243 
f 1951/242 632/243 631/480 
f 1952/795 1951/242 631/480 
f 1952/795 631/480 1402/808 
f 1953/253 1952/795 1402/808 
f 1953/253 1402/808 1401/807 
f 1954/252 1953/253 1401/807 
f 1954/252 1401/807 1400/806 
f 1955/799 1954/252 1400/806 
f 1955/799 1400/806 1399/805 
f 1956/797 1955/799 1399/805 
f 1956/797 1399/805 1397/804 
f 1957/256 1956/797 1397/804 
f 1957/256 1397/804 1398/261 
f 1958/259 1957/256 1398/261 
f 1958/259 1398/261 1396/260 
f 557/258 1958/259 1396/260 
f 557/258 1396/260 1349/262 
f 546/147 1918/148 1919/719 
f 1319/720 546/147 1919/719 
f 1319/720 1919/719 1920/750 
f 600/468 1319/720 1920/750 
f 600/468 1920/750 1921/752 
f 584/463 600/468 1921/752 
f 584/463 1921/752 1922/751 
f 582/461 584/463 1922/751 
f 582/461 1922/751 1923/756 
f 1354/755 582/461 1923/756 
f 1354/755 1923/756 1924/754 
f 1352/753 1354/755 1924/754 
f 1352/753 1924/754 586/184 
f 1356/185 1352/753 586/184 
f 1356/185 586/184 560/183 
f 1357/941 1356/185 560/183 
f 1357/941 560/183 559/459 
f 550/152 599/195 1959/1158 
f 548/194 550/152 1959/1158 
f 548/194 1959/1158 1960/1159 
f 563/161 548/194 1960/1159 
f 563/161 1960/1159 1961/1160 
f 601/196 563/161 1961/1160 
f 601/196 1961/1160 1962/1161 
f 567/166 601/196 1962/1161 
f 567/166 1962/1161 1963/1162 
f 565/165 567/166 1963/1162 
f 565/165 1963/1162 1964/1163 
f 1335/735 565/165 1964/1163 
f 1335/735 1964/1163 1965/1164 
f 1333/733 1335/735 1965/1164 
f 1333/733 1965/1164 1966/1165 
f 1337/169 1333/733 1966/1165 
f 1337/169 1966/1165 574/168 
f 605/167 1337/169 574/168 
f 605/167 574/168 575/176 
f 572/173 574/168 1966/1165 
f 1338/737 572/173 1966/1165 
f 1338/737 1966/1165 1965/1164 
f 1340/736 1338/737 1965/1164 
f 1340/736 1965/1164 1964/1163 
f 1343/740 1340/736 1964/1163 
f 1343/740 1964/1163 1963/1162 
f 569/170 1343/740 1963/1162 
f 569/170 1963/1162 1962/1161 
f 570/172 569/170 1962/1161 
f 570/172 1962/1161 1961/1160 
f 603/198 570/172 1961/1160 
f 603/198 1961/1160 1960/1159 
f 576/178 603/198 1960/1159 
f 576/178 1960/1159 1959/1158 
f 599/195 576/178 1959/1158 
f 1334/948 1365/947 1967/1166 
f 1336/1170 1334/948 1967/1166 
f 1336/1170 1967/1166 1968/1167 
f 566/1171 1336/1170 1968/1167 
f 566/1171 1968/1167 1969/1168 
f 564/1172 566/1171 1969/1168 
f 564/1172 1969/1168 1970/1169 
f 562/266 564/1172 1970/1169 
f 562/266 1970/1169 627/234 
f 1377/265 562/266 627/234 
f 1377/265 627/234 629/235 
f 1373/779 1377/265 629/235 
f 1373/779 629/235 1391/790 
f 1367/769 1373/779 1391/790 
f 1367/769 1391/790 547/791 
f 1320/770 1367/769 547/791 
f 606/206 1971/207 1972/760 
f 1365/947 606/206 1972/760 
f 1365/947 1972/760 1973/762 
f 1967/1166 1365/947 1973/762 
f 1967/1166 1973/762 1974/764 
f 1968/1167 1967/1166 1974/764 
f 1968/1167 1974/764 1975/766 
f 1969/1168 1968/1167 1975/766 
f 1969/1168 1975/766 1976/768 
f 1970/1169 1969/1168 1976/768 
f 1970/1169 1976/768 1977/793 
f 627/234 1970/1169 1977/793 
f 627/234 1977/793 1978/236 
f 628/233 627/234 1978/236 
f 628/233 1978/236 643/249 
f 1409/247 628/233 643/249 
f 1409/247 643/249 642/248 
f 1390/788 1409/247 642/248 
f 1390/788 642/248 636/246 
f 1388/787 1390/788 636/246 
f 606/206 575/205 607/204 
f 1971/207 606/206 607/204 
f 1971/207 607/204 1979/208 
f 1972/760 1971/207 1979/208 
f 1972/760 1979/208 1980/759 
f 1973/762 1972/760 1980/759 
f 1973/762 1980/759 1981/761 
f 1974/764 1973/762 1981/761 
f 1974/764 1981/761 1982/763 
f 1975/766 1974/764 1982/763 
f 1975/766 1982/763 1983/765 
f 1976/768 1975/766 1983/765 
f 1976/768 1983/765 1984/767 
f 1977/793 1976/768 1984/767 
f 1977/793 1984/767 633/481 
f 1978/236 1977/793 633/481 
f 1978/236 633/481 632/243 
f 643/249 1978/236 632/243 
f 643/249 632/243 1950/250 
f 634/245 643/249 1950/250 
f 634/245 1950/250 1898/263 
f 607/204 571/471 573/1173 
f 1979/208 607/204 573/1173 
f 1979/208 573/1173 1339/1174 
f 1980/759 1979/208 1339/1174 
f 1980/759 1339/1174 1341/1175 
f 1981/761 1980/759 1341/1175 
f 1981/761 1341/1175 1342/1176 
f 1982/763 1981/761 1342/1176 
f 1982/763 1342/1176 568/1177 
f 1983/765 1982/763 568/1177 
f 1983/765 568/1177 578/1178 
f 1984/767 1983/765 578/1178 
f 1984/767 578/1178 577/239 
f 633/481 1984/767 577/239 
f 633/481 577/239 630/237 
f 631/480 633/481 630/237 
f 631/480 630/237 1402/808 
f 1357/213 559/212 609/214 
f 1353/771 1357/213 609/214 
f 1353/771 609/214 1368/773 
f 1355/772 1353/771 1368/773 
f 1355/772 1368/773 1370/774 
f 583/210 1355/772 1370/774 
f 583/210 1370/774 1405/209 
f 1366/211 583/210 1405/209 
f 1366/211 1405/209 1404/777 
f 1372/778 1366/211 1404/777 
f 1372/778 1404/777 1403/225 
f 1376/226 1372/778 1403/225 
f 1376/226 1403/225 587/224 
f 1377/265 1376/226 587/224 
f 1377/265 587/224 598/267 
f 562/266 1377/265 598/267 
f 621/474 620/473 1929/1181 
f 1381/952 621/474 1929/1181 
f 1381/952 1929/1181 1928/1180 
f 639/484 1381/952 1928/1180 
f 639/484 1928/1180 616/223 
f 637/482 639/484 616/223 
f 637/482 616/223 615/221 
f 638/483 637/482 615/221 
f 638/483 615/221 1383/784 
f 1380/951 638/483 1383/784 
f 1380/951 1383/784 1384/783 
f 1379/950 1380/951 1384/783 
f 1379/950 1384/783 1926/1179 
f 1385/810 1379/950 1926/1179 
f 1385/810 1926/1179 1925/811 
f 1407/232 1385/810 1925/811 
f 1407/232 1925/811 1408/231 
f 1386/230 1407/232 1408/231 
f 1325/240 1393/240 1951/242 
f 1323/241 1325/240 1951/242 
f 1323/241 1951/242 1952/795 
f 1321/794 1323/241 1952/795 
f 1321/794 1952/795 1953/253 
f 554/251 1321/794 1953/253 
f 554/251 1953/253 1954/252 
f 1330/798 554/251 1954/252 
f 1330/798 1954/252 1955/799 
f 1332/796 1330/798 1955/799 
f 1332/796 1955/799 1956/797 
f 1350/254 1332/796 1956/797 
f 1350/254 1956/797 1957/256 
f 1949/255 1350/254 1957/256 
f 1949/255 1957/256 1958/259 
f 556/257 1949/255 1958/259 
f 556/257 1958/259 557/258 
f 1416/274 1873/277 1985/1204 
f 1415/818 1416/274 1985/1204 
f 1415/818 1985/1204 1986/1205 
f 1413/813 1415/818 1986/1205 
f 1413/813 1986/1205 1987/1206 
f 1414/815 1413/813 1987/1206 
f 1414/815 1987/1206 1988/1207 
f 1417/825 1414/815 1988/1207 
f 1417/825 1988/1207 1989/1208 
f 738/828 1417/825 1989/1208 
f 738/828 1989/1208 1990/1210 
f 739/1209 738/828 1990/1210 
f 739/1209 1990/1210 1991/1211 
f 1412/957 739/1209 1991/1211 
f 1412/957 1991/1211 1992/1212 
f 1410/955 1412/957 1992/1212 
f 1410/955 1992/1212 1828/1193 
f 1411/956 1410/955 1828/1193 
f 1411/956 1828/1193 1853/955 
f 403/958 1411/956 1853/955 
f 403/958 1853/955 1223/957 
f 1873/277 1874/824 1875/1220 
f 1985/1204 1873/277 1875/1220 
f 1985/1204 1875/1220 1876/1219 
f 1986/1205 1985/1204 1876/1219 
f 1986/1205 1876/1219 1877/1218 
f 1987/1206 1986/1205 1877/1218 
f 1987/1206 1877/1218 1878/1217 
f 1988/1207 1987/1206 1878/1217 
f 1988/1207 1878/1217 1879/1216 
f 1989/1208 1988/1207 1879/1216 
f 1989/1208 1879/1216 1880/1215 
f 1990/1210 1989/1208 1880/1215 
f 1990/1210 1880/1215 1881/1214 
f 1991/1211 1990/1210 1881/1214 
f 1991/1211 1881/1214 1882/1213 
f 1992/1212 1991/1211 1882/1213 
f 1992/1212 1882/1213 1828/1193 
f 719/1203 1218/1221 1158/823 
f 1845/822 719/1203 1158/823 
f 1845/822 1158/823 1156/821 
f 1843/820 1845/822 1156/821 
f 1843/820 1156/821 1162/829 
f 1841/830 1843/820 1162/829 
f 1841/830 1162/829 1817/1184 
f 1839/1183 1841/830 1817/1184 
f 1839/1183 1817/1184 1819/1186 
f 1837/1185 1839/1183 1819/1186 
f 1837/1185 1819/1186 1821/1146 
f 1835/1187 1837/1185 1821/1146 
f 1835/1187 1821/1146 1823/1189 
f 1833/1188 1835/1187 1823/1189 
f 1833/1188 1823/1189 1825/1191 
f 1831/1190 1833/1188 1825/1191 
f 1831/1190 1825/1191 1827/1192 
f 1829/1192 1831/1190 1827/1192 
f 657/283 656/281 664/293 
f 1887/847 657/283 664/293 
f 1887/847 664/293 1993/1223 
f 1886/856 1887/847 1993/1223 
f 1886/856 1993/1223 1994/1224 
f 1885/858 1886/856 1994/1224 
f 1885/858 1994/1224 1995/288 
f 1884/289 1885/858 1995/288 
f 1884/289 1995/288 1996/287 
f 1883/304 1884/289 1996/287 
f 1883/304 1996/287 1997/305 
f 671/302 1883/304 1997/305 
f 671/302 1997/305 1998/835 
f 672/301 671/302 1998/835 
f 672/301 1998/835 1999/853 
f 692/325 672/301 1999/853 
f 692/325 1999/853 2000/850 
f 693/307 692/325 2000/850 
f 693/307 2000/850 2001/848 
f 2002/849 693/307 2001/848 
f 2002/849 2001/848 2000/850 
f 2003/851 2002/849 2000/850 
f 2003/851 2000/850 1999/853 
f 2004/852 2003/851 1999/853 
f 2004/852 1999/853 1998/835 
f 2005/854 2004/852 1998/835 
f 2005/854 1998/835 1997/305 
f 1996/287 2005/854 1997/305 
f 664/293 665/294 652/279 
f 1993/1223 664/293 652/279 
f 1993/1223 652/279 654/280 
f 1994/1224 1993/1223 654/280 
f 1994/1224 654/280 1422/837 
f 1995/288 1994/1224 1422/837 
f 1995/288 1422/837 1436/859 
f 1996/287 1995/288 1436/859 
f 1996/287 1436/859 1435/857 
f 2005/854 1996/287 1435/857 
f 2005/854 1435/857 1433/846 
f 2004/852 2005/854 1433/846 
f 2004/852 1433/846 1432/845 
f 2003/851 2004/852 1432/845 
f 2003/851 1432/845 694/326 
f 2002/849 2003/851 694/326 
f 2002/849 694/326 693/307 
f 744/394 745/407 1463/886 
f 1480/910 744/394 1463/886 
f 1480/910 1463/886 1466/889 
f 1478/906 1480/910 1466/889 
f 1478/906 1466/889 1468/891 
f 1473/897 1478/906 1468/891 
f 1473/897 1468/891 1469/894 
f 752/410 1473/897 1469/894 
f 752/410 1469/894 1484/914 
f 666/397 752/410 1484/914 
f 666/397 1484/914 1483/913 
f 746/396 666/397 1483/913 
f 746/396 1483/913 1470/893 
f 1472/896 746/396 1470/893 
f 1472/896 1470/893 1467/892 
f 1486/916 1472/896 1467/892 
f 1486/916 1467/892 1465/890 
f 1488/918 1486/916 1465/890 
f 1488/918 1465/890 1462/887 
f 1482/911 1488/918 1462/887 
f 1482/911 1462/887 1464/888 
f 1475/902 1482/911 1464/888 
f 1475/902 1464/888 749/404 
f 1477/904 1475/902 749/404 
f 1477/904 749/404 747/400 
f 1476/905 1477/904 747/400 
f 1476/905 747/400 678/401 
f 809/536 792/518 815/543 
f 1524/572 809/536 815/543 
f 1524/572 815/543 1525/987 
f 1535/995 1524/572 1525/987 
f 1535/995 1525/987 1526/571 
f 1521/567 1535/995 1526/571 
f 1521/567 1526/571 1534/524 
f 1522/568 1521/567 1534/524 
f 1522/568 1534/524 2006/569 
f 1520/985 1522/568 2006/569 
f 1520/985 2006/569 2007/1012 
f 1513/978 1520/985 2007/1012 
f 1513/978 2007/1012 2008/1017 
f 1515/980 1513/978 2008/1017 
f 1515/980 2008/1017 2009/1016 
f 806/533 1515/980 2009/1016 
f 806/533 2009/1016 2010/1019 
f 797/524 806/533 2010/1019 
f 797/524 2010/1019 2011/1237 
f 793/520 797/524 2011/1237 
f 793/520 2011/1237 2012/1238 
f 794/521 793/520 2012/1238 
f 794/521 2012/1238 2013/1239 
f 1510/975 794/521 2013/1239 
f 1510/975 2013/1239 2014/1240 
f 799/521 1510/975 2014/1240 
f 799/521 2014/1240 2015/1239 
f 800/526 799/521 2015/1239 
f 800/526 2015/1239 2016/1013 
f 1534/524 800/526 2016/1013 
f 1534/524 2016/1013 2017/570 
f 2006/569 1534/524 2017/570 
f 2006/569 2017/570 2018/1241 
f 2019/1242 2006/569 2018/1241 
f 801/527 800/526 1533/566 
f 1511/976 801/527 1533/566 
f 1511/976 1533/566 1530/991 
f 795/522 1511/976 1530/991 
f 795/522 1530/991 1529/990 
f 793/520 795/522 1529/990 
f 793/520 1529/990 1531/992 
f 1523/986 793/520 1531/992 
f 1523/986 1531/992 812/539 
f 1541/1001 1523/986 812/539 
f 1541/1001 812/539 85/529 
f 1540/1000 1541/1001 85/529 
f 1540/1000 85/529 804/531 
f 1539/999 1540/1000 804/531 
f 1539/999 804/531 805/532 
f 1538/998 1539/999 805/532 
f 1538/998 805/532 808/535 
f 1537/997 1538/998 808/535 
f 1537/997 808/535 811/538 
f 1536/996 1537/997 811/538 
f 1536/996 811/538 1524/572 
f 1535/995 1536/996 1524/572 
f 2006/569 2019/1242 2020/1243 
f 2007/1012 2006/569 2020/1243 
f 2007/1012 2020/1243 2021/1015 
f 2008/1017 2007/1012 2021/1015 
f 2008/1017 2021/1015 2022/1014 
f 2009/1016 2008/1017 2022/1014 
f 2009/1016 2022/1014 2023/1018 
f 2010/1019 2009/1016 2023/1018 
f 2010/1019 2023/1018 2024/1244 
f 2011/1237 2010/1019 2024/1244 
f 2011/1237 2024/1244 2025/1245 
f 2012/1238 2011/1237 2025/1245 
f 2012/1238 2025/1245 2026/1246 
f 2013/1239 2012/1238 2026/1246 
f 2013/1239 2026/1246 2027/1247 
f 2014/1240 2013/1239 2027/1247 
f 2014/1240 2027/1247 2028/1248 
f 2015/1239 2014/1240 2028/1248 
f 2015/1239 2028/1248 2029/1249 
f 2016/1013 2015/1239 2029/1249 
f 2016/1013 2029/1249 2018/1241 
f 2017/570 2016/1013 2018/1241 
f 2030/1250 2031/1251 2032/1252 
f 2033/1253 2030/1250 2032/1252 
f 2033/1253 2032/1252 2034/1254 
f 2035/1255 2033/1253 2034/1254 
f 2035/1255 2034/1254 2036/1256 
f 2037/1257 2035/1255 2036/1256 
f 2037/1257 2036/1256 2038/1258 
f 2039/1259 2037/1257 2038/1258 
f 2039/1259 2038/1258 2040/1256 
f 2041/1257 2039/1259 2040/1256 
f 2041/1257 2040/1256 2042/1254 
f 2043/1255 2041/1257 2042/1254 
f 2043/1255 2042/1254 2044/1252 
f 2045/1253 2043/1255 2044/1252 
f 2045/1253 2044/1252 2031/1251 
f 2030/1250 2045/1253 2031/1251 
f 2031/1251 848/1260 832/1261 
f 2032/1252 2031/1251 832/1261 
f 2032/1252 832/1261 827/1262 
f 2034/1254 2032/1252 827/1262 
f 2034/1254 827/1262 826/1263 
f 2036/1256 2034/1254 826/1263 
f 2036/1256 826/1263 1546/1264 
f 2038/1258 2036/1256 1546/1264 
f 2038/1258 1546/1264 829/1263 
f 2040/1256 2038/1258 829/1263 
f 2040/1256 829/1263 836/1262 
f 2042/1254 2040/1256 836/1262 
f 2042/1254 836/1262 835/1261 
f 2044/1252 2042/1254 835/1261 
f 2044/1252 835/1261 848/1260 
f 2031/1251 2044/1252 848/1260 
f 2046/1265 2045/1253 2030/1250 
f 2047/1266 2046/1265 2030/1250 
f 2047/1266 2030/1250 2033/1253 
f 2048/1265 2047/1266 2033/1253 
f 2048/1265 2033/1253 2035/1255 
f 2049/1267 2048/1265 2035/1255 
f 2049/1267 2035/1255 2037/1257 
f 2050/1268 2049/1267 2037/1257 
f 2050/1268 2037/1257 2039/1259 
f 2051/1269 2050/1268 2039/1259 
f 2051/1269 2039/1259 2041/1257 
f 2052/1268 2051/1269 2041/1257 
f 2052/1268 2041/1257 2043/1255 
f 2053/1267 2052/1268 2043/1255 
f 2053/1267 2043/1255 2045/1253 
f 2046/1265 2053/1267 2045/1253 
f 1653/1270 2053/1267 2046/1265 
f 1652/1271 1653/1270 2046/1265 
f 1652/1271 2046/1265 2047/1266 
f 1651/1272 1652/1271 2047/1266 
f 1651/1272 2047/1266 2048/1265 
f 1650/1271 1651/1272 2048/1265 
f 1650/1271 2048/1265 2049/1267 
f 1649/1270 1650/1271 2049/1267 
f 1649/1270 2049/1267 2050/1268 
f 1648/1273 1649/1270 2050/1268 
f 1648/1273 2050/1268 2051/1269 
f 1655/1274 1648/1273 2051/1269 
f 1655/1274 2051/1269 2052/1268 
f 1654/1273 1655/1274 2052/1268 
f 1654/1273 2052/1268 2053/1267 
f 1653/1270 1654/1273 2053/1267 
f 2054/1275 2055/1276 2056/1277 
f 2057/1278 2054/1275 2056/1277 
f 2057/1278 2056/1277 2058/1279 
f 2059/1280 2057/1278 2058/1279 
f 2059/1280 2058/1279 2060/1281 
f 2061/1282 2059/1280 2060/1281 
f 2061/1282 2060/1281 2062/1283 
f 2063/1284 2061/1282 2062/1283 
f 2063/1284 2062/1283 2064/1285 
f 2065/1286 2063/1284 2064/1285 
f 2065/1286 2064/1285 2066/1287 
f 2067/1288 2065/1286 2066/1287 
f 2067/1288 2066/1287 2068/1289 
f 2069/1290 2067/1288 2068/1289 
f 2069/1290 2068/1289 2070/1291 
f 2071/1292 2069/1290 2070/1291 
f 2071/1292 2070/1291 2072/1293 
f 2073/1294 2071/1292 2072/1293 
f 2073/1294 2072/1293 2074/1295 
f 2075/1296 2073/1294 2074/1295 
f 2075/1296 2074/1295 2076/1297 
f 2077/1298 2075/1296 2076/1297 
f 2077/1298 2076/1297 2078/1299 
f 2079/1300 2077/1298 2078/1299 
f 2079/1300 2078/1299 2080/1301 
f 2081/1302 2079/1300 2080/1301 
f 2081/1302 2080/1301 2082/1303 
f 2083/1304 2081/1302 2082/1303 
f 2083/1304 2082/1303 2084/1305 
f 2085/1306 2083/1304 2084/1305 
f 2085/1306 2084/1305 2086/1307 
f 2087/1308 2085/1306 2086/1307 
f 2087/1308 2086/1307 2088/1309 
f 2089/1310 2087/1308 2088/1309 
f 2089/1310 2088/1309 2090/1311 
f 2091/1312 2089/1310 2090/1311 
f 2091/1312 2090/1311 2092/1313 
f 2093/1314 2091/1312 2092/1313 
f 2093/1314 2092/1313 2055/1276 
f 2054/1275 2093/1314 2055/1276 
f 2072/1315 2070/1316 2068/1317 
f 2074/1318 2072/1315 2068/1317 
f 2074/1318 2068/1317 2066/1319 
f 2076/1320 2074/1318 2066/1319 
f 2076/1320 2066/1319 2064/1321 
f 2078/1322 2076/1320 2064/1321 
f 2078/1322 2064/1321 2062/1323 
f 2080/1324 2078/1322 2062/1323 
f 2080/1324 2062/1323 2060/1325 
f 2082/1326 2080/1324 2060/1325 
f 2082/1326 2060/1325 2058/1327 
f 2084/1328 2082/1326 2058/1327 
f 2084/1328 2058/1327 2056/1329 
f 2086/1330 2084/1328 2056/1329 
f 2086/1330 2056/1329 2055/1331 
f 2088/1332 2086/1330 2055/1331 
f 2088/1332 2055/1331 2092/1333 
f 2090/1334 2088/1332 2092/1333 
f 831/554 1556/1010 2094/1029 
f 825/550 831/554 2094/1029 
f 825/550 2094/1029 2095/1030 
f 838/553 825/550 2095/1030 
f 838/553 2095/1030 2096/1031 
f 846/561 838/553 2096/1031 
f 846/561 2096/1031 2097/1032 
f 1545/1003 846/561 2097/1032 
f 1545/1003 2097/1032 2098/1031 
f 847/561 1545/1003 2098/1031 
f 847/561 2098/1031 2099/1030 
f 830/553 847/561 2099/1030 
f 830/553 2099/1030 2100/1029 
f 828/550 830/553 2100/1029 
f 828/550 2100/1029 2101/1033 
f 834/554 828/550 2101/1033 
f 834/554 2101/1033 2102/1005 
f 845/55 834/554 2102/1005 
f 845/55 2102/1005 1560/622 
f 850/56 845/55 1560/622 
f 850/56 1560/622 1561/621 
f 844/54 850/56 1561/621 
f 844/54 1561/621 1557/624 
f 849/563 844/54 1557/624 
f 849/563 1557/624 1547/625 
f 837/54 849/563 1547/625 
f 837/54 1547/625 1548/624 
f 854/56 837/54 1548/624 
f 854/56 1548/624 1558/621 
f 1550/622 854/56 1558/621 
f 1550/622 1558/621 856/560 
f 1554/623 1550/622 856/560 
f 1554/623 856/560 851/556 
f 1562/565 1554/623 851/556 
f 1562/565 851/556 1543/564 
f 1563/1011 1562/565 1543/564 
f 1563/1011 1543/564 2103/1034 
f 2075/1042 1563/1011 2103/1034 
f 2075/1042 2103/1034 2073/1043 
f 2057/1048 2104/1036 2105/1037 
f 2054/1049 2057/1048 2105/1037 
f 2054/1049 2105/1037 2106/1038 
f 2093/1050 2054/1049 2106/1038 
f 2093/1050 2106/1038 2107/1039 
f 2091/1051 2093/1050 2107/1039 
f 2091/1051 2107/1039 2108/1038 
f 2089/1050 2091/1051 2108/1038 
f 2089/1050 2108/1038 2109/1037 
f 2087/1049 2089/1050 2109/1037 
f 2087/1049 2109/1037 2110/1036 
f 2085/1048 2087/1049 2110/1036 
f 2085/1048 2110/1036 1555/1009 
f 2083/1047 2085/1048 1555/1009 
f 2083/1047 1555/1009 1551/1006 
f 2081/1046 2083/1047 1551/1006 
f 2081/1046 1551/1006 1552/1007 
f 2079/1045 2081/1046 1552/1007 
f 2079/1045 1552/1007 1553/1008 
f 2077/1041 2079/1045 1553/1008 
f 2077/1041 1553/1008 1563/1011 
f 2075/1042 2077/1041 1563/1011 
f 1556/1010 1555/1009 2110/1036 
f 2094/1029 1556/1010 2110/1036 
f 2094/1029 2110/1036 2109/1037 
f 2095/1030 2094/1029 2109/1037 
f 2095/1030 2109/1037 2108/1038 
f 2096/1031 2095/1030 2108/1038 
f 2096/1031 2108/1038 2107/1039 
f 2097/1032 2096/1031 2107/1039 
f 2097/1032 2107/1039 2106/1038 
f 2098/1031 2097/1032 2106/1038 
f 2098/1031 2106/1038 2105/1037 
f 2099/1030 2098/1031 2105/1037 
f 2099/1030 2105/1037 2104/1036 
f 2100/1029 2099/1030 2104/1036 
f 2100/1029 2104/1036 2111/1040 
f 2101/1033 2100/1029 2111/1040 
f 2101/1033 2111/1040 2112/1006 
f 2102/1005 2101/1033 2112/1006 
f 2102/1005 2112/1006 2113/1007 
f 1560/622 2102/1005 2113/1007 
f 1560/622 2113/1007 2114/1008 
f 1559/623 1560/622 2114/1008 
f 1559/623 2114/1008 2115/1011 
f 853/565 1559/623 2115/1011 
f 853/565 2115/1011 2116/1034 
f 852/564 853/565 2116/1034 
f 852/564 2116/1034 2117/1035 
f 1542/1002 852/564 2117/1035 
f 1542/1002 2117/1035 2103/1034 
f 1543/564 1542/1002 2103/1034 
f 2104/1036 2057/1048 2059/1047 
f 2111/1040 2104/1036 2059/1047 
f 2111/1040 2059/1047 2061/1046 
f 2112/1006 2111/1040 2061/1046 
f 2112/1006 2061/1046 2063/1045 
f 2113/1007 2112/1006 2063/1045 
f 2113/1007 2063/1045 2065/1041 
f 2114/1008 2113/1007 2065/1041 
f 2114/1008 2065/1041 2067/1042 
f 2115/1011 2114/1008 2067/1042 
f 2115/1011 2067/1042 2069/1043 
f 2116/1034 2115/1011 2069/1043 
f 2116/1034 2069/1043 2071/1044 
f 2117/1035 2116/1034 2071/1044 
f 2117/1035 2071/1044 2073/1043 
f 2103/1034 2117/1035 2073/1043 
f 859/518 891/517 90/519 
f 890/530 859/518 90/519 
f 890/530 90/519 89/529 
f 882/528 890/530 89/529 
f 882/528 89/529 880/534 
f 881/537 882/528 880/534 
f 881/537 880/534 879/535 
f 1584/538 881/537 879/535 
f 1584/538 879/535 1596/997 
f 1586/996 1584/538 1596/997 
f 1586/996 1596/997 1576/977 
f 1582/984 1586/996 1576/977 
f 1582/984 1576/977 1575/978 
f 1565/985 1582/984 1575/978 
f 1565/985 1575/978 1572/1017 
f 1564/1012 1565/985 1572/1017 
f 1564/1012 1572/1017 1570/1015 
f 2118/1243 1564/1012 1570/1015 
f 860/566 862/527 1567/976 
f 1590/991 860/566 1567/976 
f 1590/991 1567/976 865/522 
f 1591/990 1590/991 865/522 
f 1591/990 865/522 864/520 
f 1593/992 1591/990 864/520 
f 1593/992 864/520 1583/986 
f 885/539 1593/992 1583/986 
f 885/539 1583/986 1599/1001 
f 89/529 885/539 1599/1001 
f 89/529 1599/1001 1598/1000 
f 876/531 89/529 1598/1000 
f 876/531 1598/1000 1597/999 
f 877/532 876/531 1597/999 
f 877/532 1597/999 1595/998 
f 879/535 877/532 1595/998 
f 879/535 1595/998 1596/997 
f 861/526 1568/1013 2119/1239 
f 874/521 861/526 2119/1239 
f 874/521 2119/1239 2120/1240 
f 1566/975 874/521 2120/1240 
f 1566/975 2120/1240 2121/1239 
f 863/521 1566/975 2121/1239 
f 863/521 2121/1239 2122/1238 
f 864/520 863/521 2122/1238 
f 864/520 2122/1238 2123/1237 
f 866/524 864/520 2123/1237 
f 866/524 2123/1237 1574/1019 
f 878/533 866/524 1574/1019 
f 878/533 1574/1019 1571/1016 
f 1577/980 878/533 1571/1016 
f 1577/980 1571/1016 1572/1017 
f 1575/978 1577/980 1572/1017 
f 1573/1018 1574/1019 2123/1237 
f 2124/1244 1573/1018 2123/1237 
f 2124/1244 2123/1237 2122/1238 
f 2125/1245 2124/1244 2122/1238 
f 2125/1245 2122/1238 2121/1239 
f 2126/1246 2125/1245 2121/1239 
f 2126/1246 2121/1239 2120/1240 
f 2127/1247 2126/1246 2120/1240 
f 2127/1247 2120/1240 2119/1239 
f 2128/1248 2127/1247 2119/1239 
f 2128/1248 2119/1239 1568/1013 
f 2129/1249 2128/1248 1568/1013 
f 2129/1249 1568/1013 873/570 
f 2130/1241 2129/1249 873/570 
f 2130/1241 873/570 872/569 
f 2131/1242 2130/1241 872/569 
f 2131/1242 872/569 1564/1012 
f 2118/1243 2131/1242 1564/1012 
f 2132/1251 2133/1250 2134/1253 
f 2135/1252 2132/1251 2134/1253 
f 2135/1252 2134/1253 2136/1255 
f 2137/1254 2135/1252 2136/1255 
f 2137/1254 2136/1255 2138/1257 
f 2139/1256 2137/1254 2138/1257 
f 2139/1256 2138/1257 2140/1259 
f 2141/1258 2139/1256 2140/1259 
f 2141/1258 2140/1259 2142/1257 
f 2143/1256 2141/1258 2142/1257 
f 2143/1256 2142/1257 2144/1255 
f 2145/1254 2143/1256 2144/1255 
f 2145/1254 2144/1255 2146/1253 
f 2147/1252 2145/1254 2146/1253 
f 2147/1252 2146/1253 2133/1250 
f 2132/1251 2147/1252 2133/1250 
f 922/1260 2132/1251 2135/1252 
f 907/1261 922/1260 2135/1252 
f 907/1261 2135/1252 2137/1254 
f 903/1262 907/1261 2137/1254 
f 903/1262 2137/1254 2139/1256 
f 901/1263 903/1262 2139/1256 
f 901/1263 2139/1256 2141/1258 
f 1602/1264 901/1263 2141/1258 
f 1602/1264 2141/1258 2143/1256 
f 904/1263 1602/1264 2143/1256 
f 904/1263 2143/1256 2145/1254 
f 911/1262 904/1263 2145/1254 
f 911/1262 2145/1254 2147/1252 
f 909/1261 911/1262 2147/1252 
f 909/1261 2147/1252 2132/1251 
f 922/1260 909/1261 2132/1251 
f 2146/1253 2148/1265 2149/1266 
f 2133/1250 2146/1253 2149/1266 
f 2133/1250 2149/1266 2150/1265 
f 2134/1253 2133/1250 2150/1265 
f 2134/1253 2150/1265 2151/1267 
f 2136/1255 2134/1253 2151/1267 
f 2136/1255 2151/1267 2152/1268 
f 2138/1257 2136/1255 2152/1268 
f 2138/1257 2152/1268 2153/1269 
f 2140/1259 2138/1257 2153/1269 
f 2140/1259 2153/1269 2154/1268 
f 2142/1257 2140/1259 2154/1268 
f 2142/1257 2154/1268 2155/1267 
f 2144/1255 2142/1257 2155/1267 
f 2144/1255 2155/1267 2148/1265 
f 2146/1253 2144/1255 2148/1265 
f 2155/1267 1647/1270 1640/1271 
f 2148/1265 2155/1267 1640/1271 
f 2148/1265 1640/1271 1641/1272 
f 2149/1266 2148/1265 1641/1272 
f 2149/1266 1641/1272 1642/1271 
f 2150/1265 2149/1266 1642/1271 
f 2150/1265 1642/1271 1643/1270 
f 2151/1267 2150/1265 1643/1270 
f 2151/1267 1643/1270 1644/1273 
f 2152/1268 2151/1267 1644/1273 
f 2152/1268 1644/1273 1645/1274 
f 2153/1269 2152/1268 1645/1274 
f 2153/1269 1645/1274 1646/1273 
f 2154/1268 2153/1269 1646/1273 
f 2154/1268 1646/1273 1647/1270 
f 2155/1267 2154/1268 1647/1270 
f 1705/1278 2156/1277 2157/1276 
f 1704/1275 1705/1278 2157/1276 
f 1704/1275 2157/1276 2158/1313 
f 1703/1314 1704/1275 2158/1313 
f 1703/1314 2158/1313 2159/1311 
f 1702/1312 1703/1314 2159/1311 
f 1702/1312 2159/1311 2160/1309 
f 1701/1310 1702/1312 2160/1309 
f 1701/1310 2160/1309 2161/1307 
f 1700/1308 1701/1310 2161/1307 
f 1700/1308 2161/1307 2162/1305 
f 1699/1306 1700/1308 2162/1305 
f 1699/1306 2162/1305 2163/1303 
f 1698/1304 1699/1306 2163/1303 
f 1698/1304 2163/1303 2164/1301 
f 1697/1302 1698/1304 2164/1301 
f 1697/1302 2164/1301 2165/1299 
f 1696/1300 1697/1302 2165/1299 
f 1696/1300 2165/1299 2166/1297 
f 1695/1298 1696/1300 2166/1297 
f 1695/1298 2166/1297 2167/1295 
f 1694/1296 1695/1298 2167/1295 
f 1694/1296 2167/1295 2168/1293 
f 1693/1294 1694/1296 2168/1293 
f 1693/1294 2168/1293 2169/1291 
f 1692/1292 1693/1294 2169/1291 
f 1692/1292 2169/1291 2170/1289 
f 1691/1290 1692/1292 2170/1289 
f 1691/1290 2170/1289 2171/1287 
f 1690/1288 1691/1290 2171/1287 
f 1690/1288 2171/1287 2172/1285 
f 1689/1286 1690/1288 2172/1285 
f 1689/1286 2172/1285 2173/1283 
f 1708/1284 1689/1286 2173/1283 
f 1708/1284 2173/1283 2174/1281 
f 1707/1282 1708/1284 2174/1281 
f 1707/1282 2174/1281 2175/1279 
f 1706/1280 1707/1282 2175/1279 
f 1706/1280 2175/1279 2156/1277 
f 1705/1278 1706/1280 2156/1277 
f 2170/1317 2169/1316 2168/1315 
f 2171/1319 2170/1317 2168/1315 
f 2171/1319 2168/1315 2167/1318 
f 2172/1321 2171/1319 2167/1318 
f 2172/1321 2167/1318 2166/1320 
f 2173/1323 2172/1321 2166/1320 
f 2173/1323 2166/1320 2165/1322 
f 2174/1325 2173/1323 2165/1322 
f 2174/1325 2165/1322 2164/1324 
f 2175/1327 2174/1325 2164/1324 
f 2175/1327 2164/1324 2163/1326 
f 2156/1329 2175/1327 2163/1326 
f 2156/1329 2163/1326 2162/1328 
f 2157/1331 2156/1329 2162/1328 
f 2157/1331 2162/1328 2161/1330 
f 2158/1333 2157/1331 2161/1330 
f 2158/1333 2161/1330 2160/1332 
f 2159/1334 2158/1333 2160/1332 
usemtl 02___Default
f 2176/1335 2177/1336 2178/1337 
f 2178/1337 2177/1336 2179/1338 
f 2180/1339 2181/1340 2182/1341 
f 2182/1341 2181/1340 2183/1342 
f 2184/1343 2185/1344 2186/1345 
f 2186/1345 2185/1344 2187/1346 
f 2188/1347 2189/1348 2184/1343 
f 2184/1343 2189/1348 2185/1344 
f 2190/1349 2191/1350 2188/1347 
f 2188/1347 2191/1350 2189/1348 
f 2192/1351 2193/1352 2190/1349 
f 2190/1349 2193/1352 2191/1350 
f 2194/1353 2195/1354 2192/1351 
f 2192/1351 2195/1354 2193/1352 
f 2196/1355 2197/1356 2194/1353 
f 2194/1353 2197/1356 2195/1354 
f 2177/1336 2198/1357 2179/1338 
f 2179/1338 2198/1357 2199/1358 
f 2197/1356 2200/1359 2195/1354 
f 2195/1354 2200/1359 2201/1360 
f 2195/1354 2201/1360 2193/1352 
f 2193/1352 2201/1360 2202/1361 
f 2193/1352 2202/1361 2191/1350 
f 2191/1350 2202/1361 2203/1362 
f 2191/1350 2203/1362 2189/1348 
f 2189/1348 2203/1362 2204/1363 
f 2189/1348 2204/1363 2185/1344 
f 2185/1344 2204/1363 2205/1364 
f 2198/1357 2206/1365 2199/1358 
f 2199/1358 2206/1365 2207/1366 
f 2181/1340 2208/1367 2183/1342 
f 2183/1342 2208/1367 2209/1368 
f 2183/1342 2210/1369 2182/1341 
f 2182/1341 2210/1369 2211/1370 
f 2209/1368 2212/1371 2183/1342 
f 2183/1342 2212/1371 2210/1369 
f 2178/1337 2213/1372 2209/1368 
f 2209/1368 2213/1372 2212/1371 
f 2179/1338 2214/1373 2178/1337 
f 2178/1337 2214/1373 2213/1372 
f 2199/1358 2215/1374 2179/1338 
f 2179/1338 2215/1374 2214/1373 
f 2207/1366 2216/1375 2199/1358 
f 2199/1358 2216/1375 2215/1374 
f 2208/1367 2176/1335 2209/1368 
f 2209/1368 2176/1335 2178/1337 
f 2210/1369 2184/1343 2211/1370 
f 2211/1370 2184/1343 2186/1345 
f 2212/1371 2188/1347 2210/1369 
f 2210/1369 2188/1347 2184/1343 
f 2213/1372 2190/1349 2212/1371 
f 2212/1371 2190/1349 2188/1347 
f 2214/1373 2192/1351 2213/1372 
f 2213/1372 2192/1351 2190/1349 
f 2215/1374 2194/1353 2214/1373 
f 2214/1373 2194/1353 2192/1351 
f 2216/1375 2196/1355 2215/1374 
f 2215/1374 2196/1355 2194/1353 
f 2185/1344 2205/1364 2187/1346 
f 2187/1346 2205/1364 2217/1376 
f 2218/1335 2219/1337 2220/1336 
f 2219/1337 2221/1338 2220/1336 
f 2222/1339 2223/1341 2224/1340 
f 2223/1341 2225/1342 2224/1340 
f 2226/1343 2227/1345 2228/1344 
f 2227/1345 2229/1346 2228/1344 
f 2230/1347 2226/1343 2231/1348 
f 2226/1343 2228/1344 2231/1348 
f 2232/1349 2230/1347 2233/1350 
f 2230/1347 2231/1348 2233/1350 
f 2234/1351 2232/1349 2235/1352 
f 2232/1349 2233/1350 2235/1352 
f 2236/1353 2234/1351 2237/1354 
f 2234/1351 2235/1352 2237/1354 
f 2238/1355 2236/1353 2239/1356 
f 2236/1353 2237/1354 2239/1356 
f 2220/1336 2221/1338 2240/1357 
f 2221/1338 2241/1358 2240/1357 
f 2239/1356 2237/1354 2242/1359 
f 2237/1354 2243/1360 2242/1359 
f 2237/1354 2235/1352 2243/1360 
f 2235/1352 2244/1361 2243/1360 
f 2235/1352 2233/1350 2244/1361 
f 2233/1350 2245/1362 2244/1361 
f 2233/1350 2231/1348 2245/1362 
f 2231/1348 2246/1363 2245/1362 
f 2231/1348 2228/1344 2246/1363 
f 2228/1344 2247/1364 2246/1363 
f 2240/1357 2241/1358 2248/1365 
f 2241/1358 2249/1366 2248/1365 
f 2224/1340 2225/1342 2250/1367 
f 2225/1342 2251/1368 2250/1367 
f 2225/1342 2223/1341 2252/1369 
f 2223/1341 2253/1370 2252/1369 
f 2251/1368 2225/1342 2254/1371 
f 2225/1342 2252/1369 2254/1371 
f 2219/1337 2251/1368 2255/1372 
f 2251/1368 2254/1371 2255/1372 
f 2221/1338 2219/1337 2256/1373 
f 2219/1337 2255/1372 2256/1373 
f 2241/1358 2221/1338 2257/1374 
f 2221/1338 2256/1373 2257/1374 
f 2249/1366 2241/1358 2258/1375 
f 2241/1358 2257/1374 2258/1375 
f 2250/1367 2251/1368 2218/1335 
f 2251/1368 2219/1337 2218/1335 
f 2252/1369 2253/1370 2226/1343 
f 2253/1370 2227/1345 2226/1343 
f 2254/1371 2252/1369 2230/1347 
f 2252/1369 2226/1343 2230/1347 
f 2255/1372 2254/1371 2232/1349 
f 2254/1371 2230/1347 2232/1349 
f 2256/1373 2255/1372 2234/1351 
f 2255/1372 2232/1349 2234/1351 
f 2257/1374 2256/1373 2236/1353 
f 2256/1373 2234/1351 2236/1353 
f 2258/1375 2257/1374 2238/1355 
f 2257/1374 2236/1353 2238/1355 
f 2228/1344 2229/1346 2247/1364 
f 2229/1346 2259/1376 2247/1364 
# 0 polygons - 4416 triangles

