# Blender v2.75 (sub 0) OBJ File: 'Import Scene.blend'
# www.blender.org
mtllib Mushroom Trophy.mtl
o Kinoko__m_Metal
v 0.151855 1.053245 -0.149182
v 0.168532 1.077457 -0.165859
v 0.206409 1.077457 -0.116497
v 0.107378 1.053245 -0.183311
v 0.091070 1.035215 -0.155111
v 0.185984 1.053245 -0.104705
v 0.128793 1.035215 -0.126165
v 0.157739 1.035215 -0.088443
v 0.092308 1.020960 -0.089635
v 0.049529 1.020960 -0.116902
v 0.047142 1.035215 -0.173307
v 0.207438 1.053245 -0.052910
v 0.230219 1.077457 -0.059014
v 0.175935 1.035215 -0.044514
v 0.119575 1.020960 -0.046856
v 0.060208 1.014463 -0.057535
v 0.000000 1.012473 -0.065465
v 0.000000 1.035215 -0.179513
v 0.055583 1.053245 -0.204765
v 0.214756 1.053245 0.004730
v 0.238340 1.077457 0.004730
v 0.182141 1.035215 0.004713
v 0.130543 1.020960 0.004730
v 0.068138 1.012473 0.002673
v 0.000000 1.009143 0.004730
v 0.000000 1.053245 -0.212083
v 0.061687 1.077457 -0.227546
v 0.119170 1.077457 -0.203736
v 0.207438 1.053245 0.064925
v 0.230219 1.077457 0.071029
v 0.175935 1.035215 0.056529
v 0.119575 1.020960 0.058872
v 0.060208 1.014463 0.069550
v 0.000000 1.012473 0.077480
v 0.000000 1.077457 -0.235667
v 0.065061 1.106605 -0.240138
v 0.127861 1.116321 -0.218788
v 0.180822 1.116321 -0.178149
v 0.221461 1.116321 -0.125188
v 0.157739 1.035215 0.100458
v 0.185984 1.053245 0.116720
v 0.092308 1.020960 0.101651
v 0.049529 1.020960 0.128917
v 0.000000 1.106605 -0.248703
v 0.184416 1.138325 -0.181743
v 0.230263 1.160329 -0.130269
v 0.256825 1.160329 -0.066143
v 0.247008 1.116321 -0.063512
v 0.128793 1.035215 0.138181
v 0.151855 1.053245 0.161198
v 0.091070 1.035215 0.167127
v 0.000000 1.020960 0.139886
v 0.047142 1.035215 0.185323
v 0.255241 1.188984 -0.065719
v 0.265885 1.160329 0.002673
v 0.262605 1.217639 0.002673
v 0.255721 1.116321 0.002673
v 0.107378 1.053245 0.197384
v 0.055583 1.053245 0.218838
v 0.000000 1.035215 0.191529
v 0.000000 1.053245 0.226155
v 0.256825 1.160329 0.078159
v 0.253657 1.217639 0.077310
v 0.249507 1.245919 0.075169
v 0.247008 1.116321 0.075528
v 0.061687 1.077457 0.239561
v 0.119170 1.077457 0.217808
v 0.000000 1.077457 0.247683
v -0.055583 1.053245 0.218838
v -0.061687 1.077457 0.239561
v 0.227422 1.217639 0.138588
v 0.219981 1.274200 0.134291
v 0.230263 1.160329 0.140228
v 0.221461 1.116321 0.135146
v 0.206409 1.077457 0.128513
v 0.168532 1.077457 0.177874
v 0.179614 1.274200 0.186899
v 0.174077 1.300504 0.181362
v 0.188009 1.160329 0.195294
v 0.180822 1.116321 0.188107
v 0.185690 1.217639 0.192975
v 0.127861 1.116321 0.230804
v 0.127006 1.274200 0.227266
v 0.119176 1.326810 0.213705
v 0.132942 1.160329 0.237548
v 0.131302 1.217639 0.234708
v 0.066185 1.116321 0.256350
v 0.065743 1.274200 0.252642
v 0.061690 1.326810 0.237516
v 0.067967 1.217639 0.260942
v 0.000000 1.116321 0.265064
v 0.000000 1.160329 0.273170
v 0.000000 1.217639 0.269890
v 0.000000 1.274200 0.261297
v 0.000000 1.326810 0.245638
v -0.066186 1.116321 0.256350
v -0.068994 1.159903 0.263940
v -0.067967 1.217639 0.260942
v -0.065743 1.274200 0.252642
v -0.061690 1.326810 0.237516
v -0.127861 1.116321 0.230804
v -0.132943 1.160329 0.237548
v -0.131302 1.217639 0.234708
v -0.127006 1.274200 0.227266
v -0.119176 1.326810 0.213705
v -0.119170 1.077457 0.217808
v -0.180822 1.116321 0.188107
v -0.188009 1.160329 0.195294
v -0.185690 1.217639 0.192975
v -0.179614 1.274200 0.186899
v -0.174077 1.300504 0.181362
v -0.168532 1.077457 0.177874
v -0.107378 1.053245 0.197384
v -0.047142 1.035215 0.185323
v -0.221461 1.116321 0.135146
v -0.230263 1.160329 0.140228
v -0.227423 1.217639 0.138588
v -0.219981 1.274200 0.134291
v -0.206409 1.077457 0.128513
v -0.151855 1.053245 0.161198
v -0.091071 1.035215 0.167127
v -0.049530 1.020960 0.128917
v -0.247008 1.116321 0.075528
v -0.256825 1.160329 0.078159
v -0.253657 1.217639 0.077310
v -0.249507 1.245919 0.075169
v -0.230219 1.077457 0.071029
v -0.185984 1.053245 0.116720
v -0.128793 1.035215 0.138181
v -0.092308 1.020960 0.101651
v -0.060208 1.014463 0.069550
v -0.255721 1.116321 0.002673
v -0.265885 1.160329 0.002673
v -0.262605 1.217639 0.002673
v -0.238340 1.077457 0.004730
v -0.207438 1.053245 0.064925
v -0.157739 1.035215 0.100458
v -0.119575 1.020960 0.058872
v -0.068138 1.012473 0.002673
v -0.247008 1.116321 -0.063513
v -0.256825 1.160329 -0.066143
v -0.255241 1.188984 -0.065719
v -0.230219 1.077457 -0.059014
v -0.214756 1.053245 0.004730
v -0.175935 1.035215 0.056529
v -0.130544 1.020960 0.004730
v -0.119575 1.020960 -0.046856
v -0.060208 1.014463 -0.057535
v -0.221461 1.116321 -0.125188
v -0.230263 1.160329 -0.130269
v -0.206409 1.077457 -0.116497
v -0.207438 1.053245 -0.052910
v -0.182141 1.035215 0.004713
v -0.175935 1.035215 -0.044514
v -0.049530 1.020960 -0.116902
v 0.000000 1.020960 -0.127871
v -0.157739 1.035215 -0.088443
v -0.092308 1.020960 -0.089635
v -0.180822 1.116321 -0.178149
v -0.184416 1.138325 -0.181743
v -0.168532 1.077457 -0.165859
v -0.185984 1.053245 -0.104705
v -0.047142 1.035215 -0.173307
v -0.091071 1.035215 -0.155111
v -0.151855 1.053245 -0.149182
v -0.128793 1.035215 -0.126165
v -0.127861 1.116321 -0.218788
v -0.119170 1.077457 -0.203736
v -0.055583 1.053245 -0.204765
v -0.107378 1.053245 -0.183311
v -0.065061 1.106605 -0.240138
v -0.061687 1.077457 -0.227546
v -0.064491 1.255261 0.255769
v -0.067771 1.268114 0.252978
v -0.068723 1.255517 0.261596
v -0.063309 1.244447 0.257775
v -0.071959 1.268626 0.257562
v -0.072034 1.276318 0.249819
v -0.079729 1.216912 0.269616
v -0.068281 1.216546 0.268483
v -0.078484 1.255309 0.262120
v -0.063257 1.215461 0.262171
v -0.078425 1.275218 0.253547
v -0.076854 1.279874 0.247158
v -0.088661 1.216622 0.266826
v -0.079231 1.177613 0.270480
v -0.069595 1.173951 0.270468
v -0.064047 1.186213 0.264704
v -0.086970 1.254510 0.259565
v -0.089943 1.274688 0.248618
v -0.081753 1.281069 0.244843
v -0.087628 1.177864 0.267630
v -0.079204 1.154749 0.266037
v -0.073404 1.160434 0.269000
v -0.065539 1.172644 0.265177
v -0.094738 1.254486 0.255264
v -0.096926 1.267391 0.247017
v -0.091799 1.275441 0.241545
v -0.086741 1.279431 0.242984
v -0.090686 1.154210 0.261027
v -0.095409 1.176772 0.263446
v -0.072543 1.153111 0.261960
v -0.096798 1.216001 0.262200
v -0.101434 1.254091 0.248257
v -0.096622 1.266698 0.241136
v -0.097193 1.159215 0.258620
v -0.101733 1.172473 0.256578
v -0.077219 1.149018 0.259633
v -0.104104 1.214869 0.253744
v -0.102176 1.242892 0.243180
v -0.100489 1.253795 0.241952
v -0.096417 1.158083 0.252319
v -0.092248 1.152219 0.253547
v -0.100761 1.171085 0.250416
v -0.102514 1.184569 0.249175
v -0.082067 1.147342 0.257448
v -0.103444 1.213806 0.246941
v -0.087091 1.148571 0.255422
v 0.064491 1.255261 0.255769
v 0.068723 1.255517 0.261596
v 0.067771 1.268114 0.252978
v 0.063309 1.244447 0.257775
v 0.068281 1.216546 0.268483
v 0.079729 1.216912 0.269616
v 0.078484 1.255309 0.262120
v 0.071959 1.268626 0.257562
v 0.072034 1.276318 0.249819
v 0.063257 1.215461 0.262171
v 0.069595 1.173951 0.270468
v 0.064047 1.186213 0.264704
v 0.079231 1.177613 0.270480
v 0.088661 1.216622 0.266826
v 0.086970 1.254510 0.259565
v 0.078425 1.275218 0.253547
v 0.076854 1.279874 0.247158
v 0.073404 1.160434 0.269000
v 0.068994 1.159902 0.263940
v 0.065539 1.172644 0.265177
v 0.079204 1.154749 0.266037
v 0.087628 1.177864 0.267630
v 0.094738 1.254486 0.255264
v 0.089943 1.274688 0.248618
v 0.081753 1.281069 0.244843
v 0.072543 1.153111 0.261960
v 0.090686 1.154209 0.261027
v 0.082067 1.147342 0.257448
v 0.077219 1.149018 0.259633
v 0.095409 1.176772 0.263446
v 0.096926 1.267391 0.247017
v 0.091799 1.275441 0.241545
v 0.086741 1.279431 0.242984
v 0.092248 1.152219 0.253547
v 0.097193 1.159215 0.258620
v 0.087091 1.148571 0.255422
v 0.101733 1.172473 0.256578
v 0.096798 1.216000 0.262199
v 0.101434 1.254091 0.248257
v 0.096622 1.266699 0.241136
v 0.096417 1.158083 0.252319
v 0.100761 1.171085 0.250416
v 0.104104 1.214869 0.253744
v 0.102514 1.184569 0.249175
v 0.102176 1.242892 0.243180
v 0.100489 1.253795 0.241952
v 0.103444 1.213806 0.246941
v 0.096210 0.949352 -0.031261
v 0.078427 0.960655 -0.000000
v 0.101161 0.949352 -0.000000
v 0.074589 0.960655 -0.024235
v 0.069927 0.973066 -0.000000
v 0.066504 0.973066 0.021608
v 0.074588 0.960655 0.024235
v 0.098686 0.949352 0.015630
v 0.063449 0.960655 -0.046098
v 0.066504 0.973066 -0.021609
v 0.078427 0.986390 -0.000000
v 0.074588 0.986390 0.024235
v 0.063449 0.986390 0.046098
v 0.056572 0.973066 0.041102
v 0.063449 0.960655 0.046098
v 0.070651 0.949352 -0.070651
v 0.056572 0.973066 -0.041102
v 0.074589 0.986390 -0.024235
v 0.096964 0.998374 0.031505
v 0.101954 0.998374 -0.000000
v 0.082483 0.998374 0.059927
v 0.059927 0.998374 0.082483
v 0.046098 0.986390 0.063449
v 0.041102 0.973066 0.056572
v 0.089026 0.949352 0.045361
v 0.059461 0.949352 -0.081841
v 0.096964 0.998374 -0.031506
v 0.063449 0.986390 -0.046098
v 0.096964 1.002580 0.031505
v 0.101954 1.002580 -0.000000
v 0.031505 0.998374 0.096964
v 0.024235 0.986390 0.074588
v 0.021609 0.973066 0.066504
v 0.046098 0.960655 0.063449
v 0.046098 0.960655 -0.063449
v 0.045361 0.949352 -0.089026
v 0.000000 0.998374 0.101954
v 0.000000 0.986390 0.078427
v 0.000000 0.973066 0.069927
v 0.024235 0.960655 0.074588
v 0.059461 0.949352 0.081841
v 0.070651 0.949352 0.070651
v 0.024235 0.960655 -0.074589
v 0.041102 0.973066 -0.056572
v -0.031505 0.998374 0.096964
v -0.024235 0.986390 0.074588
v -0.021609 0.973066 0.066504
v 0.000000 0.960655 0.078427
v 0.045361 0.949352 0.089026
v 0.046098 0.986390 -0.063449
v 0.021609 0.973066 -0.066504
v 0.082483 0.998374 -0.059927
v -0.059927 0.998374 0.082483
v -0.046098 0.986390 0.063449
v 0.015630 0.949352 0.098686
v 0.059927 0.998374 -0.082483
v 0.024235 0.986390 -0.074589
v 0.000000 0.973066 -0.069927
v 0.096964 1.002580 -0.031506
v 0.000000 0.949352 0.101161
v 0.082483 1.002580 -0.059927
v 0.059927 1.002580 -0.082483
v 0.031505 0.998374 -0.096964
v 0.096964 1.027268 0.031505
v 0.101954 1.027268 -0.000000
v -0.024235 0.960655 0.074588
v 0.031505 1.002580 -0.096964
v 0.082483 1.027268 0.059927
v 0.082483 1.002580 0.059927
v 0.096964 1.027268 -0.031506
v -0.041102 0.973066 0.056572
v -0.046098 0.960655 0.063449
v 0.000000 1.002580 -0.101954
v 0.059927 1.027268 0.082483
v 0.059927 1.002580 0.082483
v 0.082483 1.027268 -0.059927
v -0.082483 0.998374 0.059927
v -0.063449 0.986390 0.046098
v -0.056572 0.973066 0.041102
v 0.031505 1.027268 -0.096964
v 0.000000 1.027268 -0.101954
v 0.031505 1.027268 0.096964
v 0.059927 1.027268 -0.082483
v -0.096964 0.998374 0.031505
v -0.074589 0.986390 0.024235
v -0.059461 0.949352 0.081841
v 0.000000 1.027268 0.101954
v 0.031505 1.002580 0.096964
v -0.096964 1.002580 0.031505
v -0.101954 1.002580 -0.000000
v -0.101954 0.998374 -0.000000
v -0.063449 0.960655 0.046098
v -0.070651 0.949352 0.070651
v -0.031505 1.027268 0.096964
v 0.000000 1.002580 0.101954
v -0.082483 1.002580 0.059927
v -0.066504 0.973066 0.021608
v -0.074589 0.960655 0.024235
v -0.081841 0.949352 0.059461
v -0.059927 1.027268 0.082483
v -0.031505 1.002580 0.096964
v -0.059927 1.002580 0.082483
v -0.082483 1.027268 0.059927
v -0.096964 1.027268 0.031505
v -0.078427 0.986390 -0.000000
v -0.069927 0.973066 -0.000000
v -0.089026 0.949352 0.045361
v -0.101954 1.027268 -0.000000
v -0.096964 1.002580 -0.031506
v -0.096964 0.998374 -0.031506
v -0.074589 0.986390 -0.024235
v -0.066504 0.973066 -0.021609
v -0.078427 0.960655 -0.000000
v -0.096964 1.027268 -0.031506
v -0.082483 1.027268 -0.059927
v -0.082483 1.002580 -0.059927
v -0.082483 0.998374 -0.059927
v -0.063449 0.986390 -0.046098
v -0.056572 0.973066 -0.041102
v -0.074589 0.960655 -0.024235
v -0.101161 0.949352 -0.000000
v -0.059927 1.027268 -0.082483
v -0.059927 1.002580 -0.082483
v -0.059927 0.998374 -0.082483
v -0.046098 0.986390 -0.063449
v -0.041102 0.973066 -0.056572
v -0.063449 0.960655 -0.046098
v -0.098686 0.949352 -0.015630
v -0.031505 1.027268 -0.096964
v -0.031505 1.002580 -0.096964
v -0.031505 0.998374 -0.096964
v -0.024235 0.986390 -0.074589
v -0.021609 0.973066 -0.066504
v -0.046098 0.960655 -0.063449
v -0.081841 0.949352 -0.059461
v 0.000000 0.998374 -0.101954
v 0.000000 0.986390 -0.078427
v -0.024235 0.960655 -0.074589
v -0.059461 0.949352 -0.081841
v -0.070651 0.949352 -0.070651
v 0.000000 0.960655 -0.078427
v -0.031261 0.949352 -0.096210
v 0.000000 0.949352 -0.101161
v -0.015630 0.949352 -0.098686
v 0.093368 0.154889 -0.049777
v 0.181986 0.155369 -0.068186
v 0.103091 0.154889 -0.029792
v 0.172263 0.155369 -0.088171
v 0.093226 0.180861 -0.049707
v 0.205533 0.165988 -0.079635
v 0.195810 0.165988 -0.099620
v 0.166131 0.181341 -0.085184
v 0.102949 0.180861 -0.029722
v 0.219317 0.190924 -0.086338
v 0.209594 0.190924 -0.106323
v 0.177500 0.184655 -0.090712
v 0.175855 0.181341 -0.065199
v 0.219317 0.220734 -0.086338
v 0.209594 0.220734 -0.106323
v 0.183726 0.195618 -0.093738
v 0.187224 0.184655 -0.070727
v 0.205368 0.243786 -0.079551
v 0.195645 0.243786 -0.099536
v 0.183726 0.213450 -0.093738
v 0.193449 0.195618 -0.073753
v 0.192300 0.263585 -0.073194
v 0.182577 0.263585 -0.093179
v 0.173119 0.233331 -0.088578
v 0.193449 0.213450 -0.073753
v 0.185664 0.287139 -0.069966
v 0.175941 0.287139 -0.089951
v 0.156341 0.257355 -0.080415
v 0.182843 0.233331 -0.068593
v 0.185664 0.503471 -0.069966
v 0.175941 0.503471 -0.089951
v 0.149075 0.287139 -0.076879
v 0.166064 0.257355 -0.060430
v 0.198777 0.563267 -0.076345
v 0.189054 0.563267 -0.096330
v 0.149075 0.503471 -0.076879
v 0.158798 0.287139 -0.056895
v 0.228025 0.615881 -0.090575
v 0.218302 0.615881 -0.110560
v 0.165042 0.576244 -0.084648
v 0.158798 0.503471 -0.056895
v 0.273237 0.658984 -0.112572
v 0.263514 0.658984 -0.132557
v 0.198062 0.633920 -0.100713
v 0.174765 0.576244 -0.064663
v 0.341289 0.703022 -0.145681
v 0.331566 0.703022 -0.165666
v 0.246555 0.681425 -0.124306
v 0.207785 0.633920 -0.080728
v 0.400461 0.741561 -0.174470
v 0.390737 0.741561 -0.194455
v 0.317285 0.727294 -0.158718
v 0.256278 0.681425 -0.104321
v 0.452120 0.788290 -0.199604
v 0.442397 0.788290 -0.219589
v 0.375763 0.765582 -0.187170
v 0.327008 0.727294 -0.138733
v 0.482718 0.838082 -0.214490
v 0.472994 0.838082 -0.234475
v 0.419275 0.803024 -0.208339
v 0.385486 0.765582 -0.167185
v 0.493647 0.894332 -0.219808
v 0.483923 0.894332 -0.239793
v 0.447877 0.849409 -0.222255
v 0.428999 0.803024 -0.188355
v 0.491902 0.951353 -0.218957
v 0.482178 0.951353 -0.238942
v 0.457057 0.900571 -0.226721
v 0.457600 0.849409 -0.202270
v 0.473941 1.009172 -0.210220
v 0.464218 1.009172 -0.230205
v 0.455312 0.945114 -0.225871
v 0.466781 0.900571 -0.206737
v 0.447111 1.049123 -0.197176
v 0.437387 1.049123 -0.217161
v 0.442601 0.993871 -0.219688
v 0.465036 0.945114 -0.205886
v 0.414856 1.069850 -0.181480
v 0.405133 1.069850 -0.201465
v 0.420462 1.028521 -0.208923
v 0.452325 0.993871 -0.199703
v 0.382602 1.076840 -0.165784
v 0.372878 1.076840 -0.185769
v 0.397597 1.044957 -0.197799
v 0.430185 1.028521 -0.188938
v 0.341051 1.074955 -0.170280
v 0.350774 1.074955 -0.150295
v 0.371192 1.049844 -0.184949
v 0.407321 1.044957 -0.177814
v 0.346251 1.049383 -0.172810
v 0.310404 1.060342 -0.155367
v 0.320128 1.060342 -0.135382
v 0.380916 1.049844 -0.164964
v 0.355974 1.049383 -0.152825
v 0.322490 1.036192 -0.161247
v 0.283445 1.034558 -0.142257
v 0.293168 1.034558 -0.122272
v 0.332213 1.036192 -0.141262
v 0.299973 1.013654 -0.150296
v 0.271271 1.001513 -0.111616
v 0.261548 1.001513 -0.131601
v 0.309696 1.013654 -0.130311
v 0.279707 0.980408 -0.140436
v 0.248766 0.983854 -0.100666
v 0.239042 0.983854 -0.120651
v 0.289431 0.980408 -0.120451
v 0.247166 0.957668 -0.124603
v 0.219467 0.978947 -0.086412
v 0.209744 0.978947 -0.106397
v 0.256889 0.957668 -0.104619
v 0.209866 0.950014 -0.106456
v 0.099266 0.978652 -0.027931
v 0.089543 0.978652 -0.047916
v 0.219589 0.950014 -0.086471
v 0.089665 0.949719 -0.047975
v 0.108305 0.978602 0.043152
v 0.128961 0.978652 0.033103
v 0.078610 0.978602 -0.017881
v 0.075883 0.978602 -0.036374
v 0.099388 0.949719 -0.027990
v 0.076005 0.949669 -0.036433
v 0.078732 0.949669 -0.017940
v 0.108426 0.949669 0.043093
v 0.121190 0.978602 0.056752
v 0.139921 0.978652 0.055630
v 0.249162 0.978947 -0.025379
v 0.129082 0.949719 0.033043
v 0.121312 0.949669 0.056693
v 0.140043 0.949719 0.055571
v 0.260122 0.978947 -0.002851
v 0.278460 0.983854 -0.039633
v 0.260244 0.950014 -0.002910
v 0.249283 0.950014 -0.025438
v 0.289420 0.983854 -0.017105
v 0.300965 1.001513 -0.050583
v 0.286584 0.957668 -0.043585
v 0.297544 0.957668 -0.021057
v 0.311926 1.001513 -0.028055
v 0.322862 1.034558 -0.061239
v 0.319125 0.980408 -0.059418
v 0.330085 0.980408 -0.036890
v 0.333823 1.034558 -0.038711
v 0.349822 1.060342 -0.074349
v 0.339391 1.013653 -0.069277
v 0.350351 1.013653 -0.046749
v 0.360782 1.060342 -0.051821
v 0.380469 1.074955 -0.089262
v 0.361907 1.036192 -0.080228
v 0.372868 1.036192 -0.057700
v 0.391429 1.074955 -0.066734
v 0.412296 1.076840 -0.104751
v 0.385669 1.049383 -0.091792
v 0.396629 1.049383 -0.069264
v 0.423256 1.076840 -0.082223
v 0.444551 1.069850 -0.120447
v 0.410610 1.049844 -0.103931
v 0.421570 1.049844 -0.081403
v 0.455511 1.069850 -0.097919
v 0.476805 1.049123 -0.136143
v 0.437015 1.044957 -0.116781
v 0.447975 1.044957 -0.094253
v 0.487765 1.049123 -0.113615
v 0.503636 1.009172 -0.149187
v 0.459880 1.028521 -0.127905
v 0.470840 1.028521 -0.105377
v 0.514596 1.009172 -0.126659
v 0.521596 0.951353 -0.157924
v 0.482019 0.993871 -0.138670
v 0.492979 0.993871 -0.116142
v 0.532556 0.951353 -0.135396
v 0.523341 0.894332 -0.158774
v 0.494730 0.945114 -0.144853
v 0.505690 0.945114 -0.122325
v 0.534302 0.894332 -0.136247
v 0.512412 0.838082 -0.153457
v 0.496475 0.900571 -0.145703
v 0.507436 0.900571 -0.123175
v 0.523373 0.838082 -0.130929
v 0.481815 0.788290 -0.138571
v 0.487294 0.849409 -0.141237
v 0.498255 0.849409 -0.118709
v 0.492775 0.788290 -0.116043
v 0.430155 0.741561 -0.113437
v 0.458693 0.803024 -0.127321
v 0.469654 0.803024 -0.104793
v 0.441115 0.741561 -0.090909
v 0.370984 0.703022 -0.084648
v 0.415181 0.765582 -0.106151
v 0.426141 0.765582 -0.083623
v 0.381944 0.703022 -0.062120
v 0.302932 0.658984 -0.051539
v 0.356703 0.727294 -0.077700
v 0.367663 0.727294 -0.055172
v 0.313892 0.658984 -0.029011
v 0.257719 0.615881 -0.029542
v 0.285973 0.681425 -0.043288
v 0.296933 0.681425 -0.020760
v 0.268680 0.615881 -0.007014
v 0.228472 0.563267 -0.015312
v 0.237479 0.633920 -0.019695
v 0.248440 0.633920 0.002833
v 0.239432 0.563267 0.007216
v 0.215359 0.503471 -0.008932
v 0.204459 0.576244 -0.003630
v 0.215420 0.576244 0.018898
v 0.226319 0.503471 0.013595
v 0.215359 0.287139 -0.008932
v 0.188493 0.503471 0.004139
v 0.199453 0.503471 0.026667
v 0.226319 0.287139 0.013595
v 0.221994 0.263585 -0.012161
v 0.188493 0.287139 0.004139
v 0.199453 0.287139 0.026667
v 0.232955 0.263585 0.010367
v 0.235063 0.243786 -0.018518
v 0.195758 0.257355 0.000604
v 0.206719 0.257355 0.023132
v 0.246023 0.243786 0.004010
v 0.249011 0.220734 -0.025305
v 0.212537 0.233331 -0.007560
v 0.223498 0.233331 0.014968
v 0.259972 0.220734 -0.002777
v 0.249011 0.190924 -0.025305
v 0.223143 0.213450 -0.012720
v 0.234104 0.213450 0.009808
v 0.259972 0.190924 -0.002777
v 0.235228 0.165988 -0.018602
v 0.223143 0.195618 -0.012720
v 0.234104 0.195618 0.009808
v 0.246188 0.165988 0.003926
v 0.211680 0.155369 -0.007153
v 0.216918 0.184655 -0.009693
v 0.227878 0.184655 0.012835
v 0.222641 0.155369 0.015375
v 0.132786 0.154889 0.031242
v 0.205549 0.181341 -0.004166
v 0.216509 0.181341 0.018362
v 0.143746 0.154889 0.053769
v 0.143604 0.180861 0.053839
v 0.132643 0.180861 0.031311
v -0.093368 0.154889 -0.049777
v -0.093226 0.180861 -0.049707
v -0.103091 0.154889 -0.029792
v -0.172263 0.155369 -0.088171
v -0.181986 0.155369 -0.068186
v -0.195810 0.165988 -0.099620
v -0.166131 0.181341 -0.085184
v -0.205533 0.165988 -0.079635
v -0.102949 0.180861 -0.029722
v -0.209594 0.190924 -0.106323
v -0.177500 0.184655 -0.090712
v -0.219317 0.190924 -0.086338
v -0.175855 0.181341 -0.065199
v -0.209594 0.220734 -0.106323
v -0.183726 0.195618 -0.093738
v -0.219317 0.220734 -0.086338
v -0.187224 0.184655 -0.070727
v -0.195645 0.243786 -0.099536
v -0.183726 0.213450 -0.093738
v -0.205368 0.243786 -0.079551
v -0.193449 0.195618 -0.073753
v -0.182577 0.263585 -0.093179
v -0.173119 0.233331 -0.088578
v -0.192300 0.263585 -0.073194
v -0.193449 0.213450 -0.073753
v -0.175941 0.287139 -0.089951
v -0.156341 0.257355 -0.080415
v -0.185664 0.287139 -0.069966
v -0.182843 0.233331 -0.068593
v -0.175941 0.503471 -0.089951
v -0.149075 0.287139 -0.076879
v -0.185664 0.503471 -0.069966
v -0.166064 0.257355 -0.060430
v -0.189054 0.563267 -0.096330
v -0.149075 0.503471 -0.076879
v -0.198777 0.563267 -0.076345
v -0.158798 0.287139 -0.056895
v -0.218302 0.615881 -0.110560
v -0.165042 0.576244 -0.084648
v -0.228025 0.615881 -0.090575
v -0.158798 0.503471 -0.056895
v -0.263514 0.658984 -0.132557
v -0.198062 0.633920 -0.100713
v -0.273237 0.658984 -0.112572
v -0.174765 0.576244 -0.064663
v -0.331566 0.703022 -0.165666
v -0.246555 0.681425 -0.124306
v -0.341289 0.703022 -0.145681
v -0.207785 0.633920 -0.080728
v -0.390737 0.741561 -0.194455
v -0.317285 0.727294 -0.158718
v -0.400461 0.741561 -0.174470
v -0.256278 0.681425 -0.104321
v -0.442397 0.788290 -0.219589
v -0.375763 0.765582 -0.187170
v -0.452120 0.788290 -0.199604
v -0.327008 0.727294 -0.138733
v -0.472994 0.838082 -0.234475
v -0.419275 0.803024 -0.208339
v -0.482718 0.838082 -0.214490
v -0.385486 0.765582 -0.167185
v -0.483923 0.894332 -0.239793
v -0.447877 0.849409 -0.222255
v -0.493647 0.894332 -0.219808
v -0.428999 0.803024 -0.188355
v -0.482178 0.951353 -0.238942
v -0.457057 0.900571 -0.226721
v -0.491902 0.951353 -0.218957
v -0.457600 0.849409 -0.202270
v -0.464218 1.009172 -0.230205
v -0.455312 0.945114 -0.225871
v -0.473941 1.009172 -0.210220
v -0.466781 0.900571 -0.206737
v -0.437387 1.049123 -0.217161
v -0.442601 0.993871 -0.219688
v -0.447111 1.049123 -0.197176
v -0.465036 0.945114 -0.205886
v -0.414856 1.069850 -0.181480
v -0.405133 1.069850 -0.201465
v -0.420462 1.028521 -0.208923
v -0.452325 0.993871 -0.199703
v -0.382602 1.076840 -0.165784
v -0.372878 1.076840 -0.185769
v -0.397597 1.044957 -0.197799
v -0.430185 1.028521 -0.188938
v -0.350774 1.074955 -0.150295
v -0.341051 1.074955 -0.170280
v -0.371192 1.049844 -0.184949
v -0.407321 1.044957 -0.177814
v -0.320128 1.060342 -0.135382
v -0.310404 1.060342 -0.155367
v -0.346251 1.049383 -0.172810
v -0.380916 1.049844 -0.164964
v -0.293168 1.034558 -0.122272
v -0.283445 1.034558 -0.142257
v -0.322490 1.036192 -0.161247
v -0.355974 1.049383 -0.152825
v -0.271271 1.001513 -0.111616
v -0.261548 1.001513 -0.131601
v -0.299973 1.013654 -0.150296
v -0.332213 1.036192 -0.141262
v -0.248766 0.983854 -0.100666
v -0.239042 0.983854 -0.120651
v -0.279707 0.980408 -0.140436
v -0.309696 1.013654 -0.130311
v -0.219467 0.978947 -0.086412
v -0.209744 0.978947 -0.106397
v -0.247166 0.957668 -0.124603
v -0.289431 0.980408 -0.120451
v -0.099266 0.978652 -0.027931
v -0.089543 0.978652 -0.047916
v -0.209866 0.950014 -0.106456
v -0.256889 0.957668 -0.104619
v -0.128961 0.978652 0.033103
v -0.108305 0.978602 0.043152
v -0.078610 0.978602 -0.017881
v -0.075883 0.978602 -0.036374
v -0.089665 0.949719 -0.047975
v -0.219589 0.950014 -0.086471
v -0.121190 0.978602 0.056752
v -0.139921 0.978652 0.055630
v -0.249162 0.978947 -0.025379
v -0.108426 0.949669 0.043093
v -0.078732 0.949669 -0.017940
v -0.076005 0.949669 -0.036433
v -0.099388 0.949719 -0.027990
v -0.121312 0.949669 0.056693
v -0.140043 0.949719 0.055571
v -0.260122 0.978947 -0.002851
v -0.278460 0.983854 -0.039633
v -0.129082 0.949719 0.033043
v -0.260244 0.950014 -0.002910
v -0.289420 0.983854 -0.017105
v -0.300965 1.001513 -0.050583
v -0.249283 0.950014 -0.025438
v -0.297544 0.957668 -0.021057
v -0.286584 0.957668 -0.043585
v -0.311926 1.001513 -0.028055
v -0.322862 1.034558 -0.061239
v -0.330085 0.980408 -0.036890
v -0.319125 0.980408 -0.059418
v -0.333823 1.034558 -0.038711
v -0.349822 1.060342 -0.074349
v -0.350351 1.013653 -0.046749
v -0.339391 1.013653 -0.069277
v -0.360782 1.060342 -0.051821
v -0.380469 1.074955 -0.089262
v -0.372868 1.036192 -0.057700
v -0.361907 1.036192 -0.080228
v -0.391429 1.074955 -0.066734
v -0.412296 1.076840 -0.104751
v -0.396629 1.049383 -0.069264
v -0.385669 1.049383 -0.091792
v -0.423256 1.076840 -0.082223
v -0.444551 1.069850 -0.120447
v -0.421570 1.049844 -0.081403
v -0.410610 1.049844 -0.103931
v -0.455511 1.069850 -0.097919
v -0.476805 1.049123 -0.136143
v -0.447975 1.044957 -0.094253
v -0.437015 1.044957 -0.116781
v -0.487765 1.049123 -0.113615
v -0.503636 1.009172 -0.149187
v -0.459880 1.028521 -0.127905
v -0.470840 1.028521 -0.105377
v -0.514596 1.009172 -0.126659
v -0.521596 0.951353 -0.157924
v -0.482019 0.993871 -0.138670
v -0.492979 0.993871 -0.116142
v -0.532556 0.951353 -0.135396
v -0.523341 0.894332 -0.158774
v -0.494730 0.945114 -0.144853
v -0.505690 0.945114 -0.122325
v -0.534302 0.894332 -0.136247
v -0.512412 0.838082 -0.153457
v -0.496475 0.900571 -0.145703
v -0.507436 0.900571 -0.123175
v -0.523373 0.838082 -0.130929
v -0.481815 0.788290 -0.138571
v -0.487294 0.849409 -0.141237
v -0.498255 0.849409 -0.118709
v -0.492775 0.788290 -0.116043
v -0.430155 0.741561 -0.113437
v -0.458693 0.803024 -0.127321
v -0.469654 0.803024 -0.104793
v -0.441115 0.741561 -0.090909
v -0.370984 0.703022 -0.084648
v -0.415181 0.765582 -0.106151
v -0.426141 0.765582 -0.083623
v -0.381944 0.703022 -0.062120
v -0.302932 0.658984 -0.051539
v -0.356703 0.727294 -0.077700
v -0.367663 0.727294 -0.055172
v -0.313892 0.658984 -0.029011
v -0.257719 0.615881 -0.029542
v -0.285973 0.681425 -0.043288
v -0.296933 0.681425 -0.020760
v -0.268680 0.615881 -0.007014
v -0.228472 0.563267 -0.015312
v -0.237479 0.633920 -0.019695
v -0.248440 0.633920 0.002833
v -0.239432 0.563267 0.007216
v -0.215359 0.503471 -0.008932
v -0.204459 0.576244 -0.003630
v -0.215420 0.576244 0.018898
v -0.226319 0.503471 0.013595
v -0.215359 0.287139 -0.008932
v -0.188493 0.503471 0.004139
v -0.199453 0.503471 0.026667
v -0.226319 0.287139 0.013595
v -0.221994 0.263585 -0.012161
v -0.188493 0.287139 0.004139
v -0.199453 0.287139 0.026667
v -0.232955 0.263585 0.010367
v -0.235063 0.243786 -0.018518
v -0.195758 0.257355 0.000604
v -0.206719 0.257355 0.023132
v -0.246023 0.243786 0.004010
v -0.249011 0.220734 -0.025305
v -0.212537 0.233331 -0.007560
v -0.223498 0.233331 0.014968
v -0.259972 0.220734 -0.002777
v -0.249011 0.190924 -0.025305
v -0.223143 0.213450 -0.012720
v -0.234104 0.213450 0.009808
v -0.259972 0.190924 -0.002777
v -0.235228 0.165988 -0.018602
v -0.223143 0.195618 -0.012720
v -0.234104 0.195618 0.009808
v -0.246188 0.165988 0.003926
v -0.211680 0.155369 -0.007153
v -0.216918 0.184655 -0.009693
v -0.227878 0.184655 0.012835
v -0.222641 0.155369 0.015375
v -0.132786 0.154889 0.031242
v -0.205549 0.181341 -0.004166
v -0.216509 0.181341 0.018362
v -0.143746 0.154889 0.053769
v -0.132643 0.180861 0.031311
v -0.143604 0.180861 0.053839
v 0.068048 1.801830 0.163446
v 0.070026 1.805343 0.157158
v 0.000000 1.815090 0.151868
v 0.129435 1.774345 0.178367
v 0.095354 1.736937 0.208843
v 0.050131 1.757178 0.197838
v 0.000000 1.811301 0.158303
v 0.070026 1.801312 0.149735
v 0.000000 1.811056 0.144436
v 0.133197 1.777060 0.172516
v -0.070026 1.801312 0.149735
v -0.070026 1.805343 0.157158
v 0.178152 1.731531 0.201608
v 0.131244 1.705395 0.225961
v 0.000011 1.626772 0.279712
v 0.000000 1.764162 0.194063
v -0.068048 1.801830 0.163446
v 0.000000 1.794970 0.114811
v -0.070026 1.785233 0.120118
v 0.183330 1.733006 0.196442
v 0.133197 1.773027 0.165088
v -0.133197 1.773027 0.165088
v -0.133197 1.777060 0.172516
v 0.154286 1.665656 0.247541
v 0.209430 1.677586 0.230899
v -0.050131 1.757178 0.197838
v -0.129435 1.774345 0.178367
v 0.070026 1.785233 0.120118
v -0.133197 1.756945 0.135466
v -0.183330 1.728961 0.188991
v -0.183330 1.733006 0.196442
v 0.162227 1.621599 0.271461
v -0.095354 1.736937 0.208843
v -0.178152 1.731531 0.201608
v 0.133197 1.756945 0.135466
v -0.183330 1.712865 0.159344
v -0.215517 1.677492 0.226579
v -0.215517 1.673455 0.219145
v 0.154286 1.577544 0.295382
v 0.220208 1.617784 0.263369
v -0.131244 1.705395 0.225961
v -0.209430 1.677586 0.230899
v 0.183330 1.728961 0.188990
v 0.183330 1.712865 0.159344
v -0.215517 1.657369 0.189517
v 0.131244 1.537797 0.316959
v 0.209430 1.557983 0.295839
v 0.215517 1.677492 0.226579
v -0.154286 1.665656 0.247541
v 0.215517 1.673455 0.219145
v 0.215517 1.657369 0.189517
v -0.226608 1.595829 0.222931
v 0.095354 1.506258 0.334092
v 0.178152 1.504032 0.325130
v 0.215517 1.554411 0.293406
v 0.226608 1.615952 0.259992
v -0.220208 1.617784 0.263369
v -0.162227 1.621599 0.271461
v 0.226608 1.611916 0.252558
v 0.226608 1.595829 0.222931
v 0.183330 1.498896 0.323554
v 0.215517 1.550375 0.285972
v -0.226608 1.615952 0.259992
v -0.215517 1.554411 0.293406
v -0.209430 1.557983 0.295839
v -0.154286 1.577544 0.295382
v 0.215517 1.534288 0.256344
v 0.129435 1.461219 0.348381
v 0.133197 1.454832 0.347471
v 0.183330 1.494850 0.316103
v -0.226608 1.611916 0.252558
v -0.215517 1.550375 0.285972
v -0.183330 1.498896 0.323554
v -0.178152 1.504032 0.325130
v -0.131244 1.537797 0.316959
v 0.183330 1.478754 0.286456
v 0.133197 1.450800 0.340043
v -0.215517 1.534288 0.256344
v -0.183330 1.478754 0.286456
v -0.183330 1.494850 0.316103
v -0.129435 1.461219 0.348381
v -0.095354 1.506258 0.334092
v 0.133197 1.434716 0.310422
v 0.070026 1.422512 0.355407
v 0.070026 1.426543 0.362830
v 0.050131 1.485999 0.345076
v -0.133197 1.434716 0.310422
v -0.068048 1.433730 0.363309
v -0.050131 1.485999 0.345076
v 0.070026 1.406432 0.325790
v 0.068048 1.433730 0.363309
v 0.000000 1.479027 0.348879
v -0.070026 1.406432 0.325790
v -0.133197 1.450800 0.340043
v -0.133197 1.454832 0.347471
v 0.000000 1.424257 0.368451
v 0.000000 1.412761 0.360692
v 0.000000 1.396675 0.331067
v -0.070026 1.422512 0.355407
v -0.070026 1.426543 0.362830
v 0.000000 1.416797 0.368125
v 0.023817 0.247328 -0.154784
v 0.023817 0.273982 -0.154784
v 0.041252 0.247328 -0.137348
v 0.019698 0.246443 -0.147649
v 0.041252 0.273982 -0.137348
v 0.019698 0.274598 -0.147649
v 0.034118 0.274598 -0.133229
v 0.000000 0.274598 -0.152927
v 0.047634 0.273982 -0.113531
v 0.047634 0.247328 -0.113531
v 0.034118 0.246443 -0.133229
v 0.019698 0.228437 -0.147649
v 0.039396 0.274598 -0.113531
v 0.034118 0.292016 -0.133229
v 0.019698 0.292016 -0.147649
v 0.039396 0.292016 -0.113531
v 0.000000 0.292016 -0.152927
v 0.034118 0.274598 -0.093833
v 0.041252 0.273982 -0.089714
v 0.041252 0.247328 -0.089714
v 0.039396 0.246443 -0.113531
v 0.034118 0.228437 -0.133229
v 0.034118 0.292016 -0.093833
v 0.041252 0.292358 -0.137348
v 0.047634 0.292358 -0.113531
v 0.023817 0.292358 -0.154784
v 0.041252 0.292358 -0.089714
v 0.023817 0.273982 -0.072279
v 0.019698 0.274598 -0.079413
v 0.034118 0.246443 -0.093833
v 0.039396 0.228437 -0.113531
v 0.023817 0.292358 -0.072279
v 0.019698 0.292016 -0.079413
v 0.000000 0.846098 -0.161165
v 0.023817 0.846098 -0.154784
v 0.000000 0.274598 -0.074135
v 0.000000 0.292016 -0.074135
v 0.034118 0.228437 -0.093833
v 0.023817 0.247328 -0.072279
v 0.019698 0.246443 -0.079413
v 0.000000 0.292358 -0.065897
v 0.019698 0.846440 -0.147649
v 0.000000 0.846440 -0.152927
v 0.034118 0.846440 -0.133229
v 0.041252 0.846098 -0.137348
v 0.019698 0.228437 -0.079413
v 0.000000 0.273982 -0.065897
v 0.000000 0.247328 -0.065897
v 0.000000 0.246443 -0.074135
v 0.034118 0.863858 -0.133229
v 0.019698 0.863858 -0.147649
v 0.000000 0.228437 -0.074135
v -0.019698 0.274598 -0.079413
v -0.023817 0.273982 -0.072279
v -0.023817 0.247328 -0.072279
v -0.019698 0.246443 -0.079413
v 0.041252 0.864473 -0.137348
v 0.023817 0.864473 -0.154784
v 0.000000 0.864473 -0.161165
v 0.047634 0.846098 -0.113531
v -0.019698 0.228437 -0.079413
v -0.019698 0.292016 -0.079413
v -0.041252 0.247328 -0.089714
v -0.034118 0.246443 -0.093833
v 0.041252 0.891128 -0.137348
v 0.023817 0.891128 -0.154784
v 0.000000 0.891128 -0.161165
v 0.039396 0.846440 -0.113531
v 0.041252 0.846098 -0.089714
v -0.034118 0.228437 -0.093833
v -0.023817 0.292358 -0.072279
v 0.034118 0.892012 -0.133229
v 0.019698 0.892012 -0.147649
v 0.000000 0.892012 -0.152927
v 0.039396 0.863858 -0.113531
v 0.023817 0.846098 -0.072279
v -0.039396 0.246443 -0.113531
v -0.039396 0.228437 -0.113531
v 0.000000 0.846098 -0.065897
v 0.034118 0.910019 -0.133229
v 0.019698 0.910019 -0.147649
v 0.000000 0.910019 -0.152927
v 0.047634 0.864473 -0.113531
v 0.000000 0.846440 -0.074135
v 0.019698 0.846440 -0.079413
v -0.047634 0.247328 -0.113531
v -0.034118 0.246443 -0.133229
v -0.034118 0.228437 -0.133229
v 0.039396 0.910019 -0.113531
v 0.047634 0.891128 -0.113531
v 0.034118 0.846440 -0.093833
v -0.041252 0.273982 -0.089714
v -0.047634 0.273982 -0.113531
v -0.019698 0.246443 -0.147649
v -0.019698 0.228437 -0.147649
v 0.034118 0.910019 -0.093833
v 0.039396 0.892012 -0.113531
v 0.019698 0.863858 -0.079413
v 0.034118 0.863858 -0.093833
v 0.000000 0.246443 -0.152927
v 0.000000 0.228437 -0.152927
v 0.019698 0.910019 -0.079413
v 0.034118 0.892012 -0.093833
v 0.000000 0.863858 -0.074135
v 0.023817 0.864473 -0.072279
v 0.041252 0.864473 -0.089714
v -0.034118 0.274598 -0.093833
v 0.000000 0.247328 -0.161165
v 0.041252 0.891128 -0.089714
v -0.019698 0.846440 -0.079413
v -0.019698 0.863858 -0.079413
v -0.034118 0.292016 -0.093833
v -0.039396 0.274598 -0.113531
v -0.023817 0.247328 -0.154784
v 0.000000 0.273982 -0.161165
v -0.023817 0.846098 -0.072279
v -0.041252 0.292358 -0.089714
v -0.039396 0.292016 -0.113531
v -0.047634 0.292358 -0.113531
v -0.041252 0.247328 -0.137348
v -0.023817 0.273982 -0.154784
v 0.023817 0.891128 -0.072279
v -0.041252 0.846098 -0.089714
v -0.047634 0.846098 -0.113531
v -0.041252 0.292358 -0.137348
v -0.041252 0.273982 -0.137348
v -0.019698 0.274598 -0.147649
v 0.000000 0.891128 -0.065897
v 0.000000 0.864473 -0.065897
v 0.019698 0.892012 -0.079413
v -0.034118 0.274598 -0.133229
v -0.019698 0.292016 -0.147649
v 0.000000 0.292358 -0.161165
v -0.023817 0.891128 -0.072279
v -0.023817 0.864473 -0.072279
v 0.000000 0.892012 -0.074135
v 0.000000 0.910019 -0.074135
v -0.034118 0.292016 -0.133229
v -0.023817 0.292358 -0.154784
v -0.023817 0.846098 -0.154784
v -0.041252 0.864473 -0.089714
v -0.041252 0.891128 -0.089714
v -0.019698 0.910019 -0.079413
v -0.019698 0.892012 -0.079413
v -0.041252 0.846098 -0.137348
v -0.019698 0.846440 -0.147649
v -0.034118 0.863858 -0.093833
v -0.034118 0.910019 -0.093833
v -0.034118 0.892012 -0.093833
v -0.034118 0.846440 -0.133229
v 0.000000 0.863858 -0.152927
v -0.019698 0.863858 -0.147649
v -0.034118 0.846440 -0.093833
v -0.039396 0.910019 -0.113531
v -0.039396 0.892012 -0.113531
v -0.039396 0.846440 -0.113531
v -0.034118 0.863858 -0.133229
v -0.023817 0.864473 -0.154784
v -0.039396 0.863858 -0.113531
v -0.034118 0.910019 -0.133229
v -0.047634 0.891128 -0.113531
v -0.034118 0.892012 -0.133229
v -0.041252 0.864473 -0.137348
v -0.023817 0.891128 -0.154784
v -0.047634 0.864473 -0.113531
v -0.019698 0.910019 -0.147649
v -0.041252 0.891128 -0.137348
v -0.019698 0.892012 -0.147649
v 0.170824 0.978234 0.002136
v 0.170855 0.978234 -0.027620
v 0.170825 0.978234 0.000751
v 0.145102 0.978234 -0.042525
v 0.169656 0.978234 -0.028313
v 0.169656 0.992393 -0.028313
v 0.170855 0.992393 -0.027620
v 0.170854 0.978234 -0.026234
v 0.170825 0.992393 0.000751
v 0.146300 0.978234 -0.041831
v 0.119316 0.978234 -0.027674
v 0.143901 0.978234 -0.041834
v 0.143901 0.992393 -0.041834
v 0.145102 0.992393 -0.042525
v 0.146300 0.992393 -0.041831
v 0.168506 0.994991 -0.026266
v 0.170854 0.992393 -0.026234
v 0.168477 0.994991 0.000778
v 0.170824 0.992393 0.002136
v 0.120517 0.978234 -0.028366
v 0.120517 0.992393 -0.028366
v 0.145099 0.994991 -0.039814
v 0.145070 0.995278 -0.012769
v 0.145041 0.994991 0.014276
v 0.169623 0.992393 0.002828
v 0.169623 0.978234 0.002828
v 0.119316 0.992393 -0.027674
v 0.121663 0.994991 -0.026316
v 0.121634 0.994991 0.000728
v 0.143839 0.992393 0.016293
v 0.145038 0.992393 0.016987
v 0.146239 0.992393 0.016296
v 0.146239 0.978234 0.016296
v 0.145038 0.978234 0.016987
v 0.119315 0.992393 -0.026289
v 0.119315 0.978234 -0.026289
v 0.119285 0.978234 0.002082
v 0.119286 0.992393 0.000696
v 0.119285 0.992393 0.002082
v 0.120484 0.992393 0.002776
v 0.143839 0.978234 0.016293
v 0.120484 0.978234 0.002776
v 0.119286 0.978234 0.000696
v 0.119315 0.156587 -0.026289
v 0.119286 0.156587 0.000696
v 0.119285 0.156587 0.002082
v 0.145102 0.156587 -0.042525
v 0.120517 0.156587 -0.028366
v 0.170855 0.156587 -0.027620
v 0.146300 0.156587 -0.041831
v 0.146300 0.142428 -0.041831
v 0.145102 0.142428 -0.042525
v 0.143901 0.156587 -0.041834
v 0.120517 0.142428 -0.028366
v 0.119316 0.156587 -0.027674
v 0.169656 0.156587 -0.028313
v 0.170824 0.156587 0.002136
v 0.170854 0.156587 -0.026234
v 0.170854 0.142428 -0.026234
v 0.170855 0.142428 -0.027620
v 0.169656 0.142428 -0.028313
v 0.145099 0.139830 -0.039813
v 0.143901 0.142428 -0.041834
v 0.121663 0.139830 -0.026316
v 0.119316 0.142428 -0.027674
v 0.170825 0.156587 0.000751
v 0.170825 0.142428 0.000751
v 0.168506 0.139830 -0.026266
v 0.145070 0.139543 -0.012769
v 0.121634 0.139830 0.000729
v 0.119315 0.142428 -0.026289
v 0.119286 0.142428 0.000696
v 0.170824 0.142428 0.002136
v 0.168477 0.139830 0.000778
v 0.145041 0.139830 0.014276
v 0.120484 0.142428 0.002776
v 0.119285 0.142428 0.002082
v 0.169623 0.142428 0.002828
v 0.169623 0.156587 0.002828
v 0.146239 0.142428 0.016296
v 0.145038 0.142428 0.016987
v 0.143839 0.142428 0.016293
v 0.120484 0.156587 0.002776
v 0.143839 0.156587 0.016293
v 0.146239 0.156587 0.016296
v 0.145038 0.156587 0.016987
v 0.109973 0.247328 0.060236
v 0.133790 0.247328 0.066618
v 0.133790 0.273982 0.066618
v 0.109973 0.273982 0.060236
v 0.151226 0.247328 0.084053
v 0.129671 0.246443 0.073752
v 0.151226 0.273982 0.084053
v 0.129671 0.274598 0.073752
v 0.144091 0.274598 0.088172
v 0.157608 0.273982 0.107870
v 0.157608 0.247328 0.107870
v 0.144091 0.246443 0.088172
v 0.129671 0.228437 0.073752
v 0.149369 0.274598 0.107870
v 0.144091 0.292016 0.088172
v 0.129671 0.292016 0.073752
v 0.149369 0.292016 0.107870
v 0.109973 0.292016 0.068474
v 0.144091 0.274598 0.127568
v 0.151226 0.273982 0.131687
v 0.151226 0.247328 0.131687
v 0.149369 0.246443 0.107870
v 0.144091 0.228437 0.088172
v 0.144091 0.292016 0.127568
v 0.151226 0.292358 0.084053
v 0.157608 0.292358 0.107870
v 0.133790 0.292358 0.066618
v 0.151226 0.292358 0.131687
v 0.133790 0.273982 0.149122
v 0.129671 0.274598 0.141988
v 0.144091 0.246443 0.127568
v 0.149369 0.228437 0.107870
v 0.133790 0.292358 0.149122
v 0.129671 0.292016 0.141988
v 0.133790 0.846098 0.066617
v 0.109973 0.274598 0.147266
v 0.109973 0.292016 0.147266
v 0.144091 0.228437 0.127568
v 0.133790 0.247328 0.149122
v 0.129671 0.246443 0.141988
v 0.109973 0.292358 0.155504
v 0.129671 0.846440 0.073752
v 0.144091 0.846440 0.088172
v 0.151226 0.846098 0.084053
v 0.129671 0.228437 0.141988
v 0.109973 0.273982 0.155504
v 0.109973 0.247328 0.155504
v 0.109973 0.246443 0.147266
v 0.144091 0.863858 0.088172
v 0.129671 0.863858 0.073752
v 0.109973 0.228437 0.147266
v 0.090276 0.274598 0.141988
v 0.086156 0.273982 0.149122
v 0.086156 0.247328 0.149122
v 0.090276 0.246443 0.141988
v 0.151226 0.864473 0.084053
v 0.133790 0.864473 0.066617
v 0.109973 0.864473 0.060236
v 0.157608 0.846098 0.107870
v 0.090276 0.228437 0.141988
v 0.090276 0.292016 0.141988
v 0.068721 0.247328 0.131687
v 0.075856 0.246443 0.127568
v 0.151226 0.891128 0.084053
v 0.133790 0.891128 0.066617
v 0.109973 0.891128 0.060236
v 0.149369 0.846440 0.107870
v 0.151226 0.846098 0.131687
v 0.075856 0.228437 0.127568
v 0.086156 0.292358 0.149122
v 0.144091 0.892012 0.088172
v 0.129671 0.892012 0.073752
v 0.109973 0.892012 0.068474
v 0.149369 0.863858 0.107870
v 0.133790 0.846098 0.149122
v 0.070578 0.246443 0.107870
v 0.070578 0.228437 0.107870
v 0.109973 0.846098 0.155504
v 0.144091 0.910019 0.088172
v 0.129671 0.910019 0.073752
v 0.157608 0.864473 0.107870
v 0.109973 0.846440 0.147266
v 0.129671 0.846440 0.141988
v 0.062339 0.247328 0.107870
v 0.075856 0.246443 0.088172
v 0.075856 0.228437 0.088172
v 0.149369 0.910019 0.107870
v 0.157608 0.891128 0.107870
v 0.144091 0.846440 0.127568
v 0.068721 0.273982 0.131687
v 0.062339 0.273982 0.107870
v 0.090276 0.246443 0.073752
v 0.090276 0.228437 0.073752
v 0.144091 0.910019 0.127568
v 0.149369 0.892012 0.107870
v 0.129671 0.863858 0.141988
v 0.144091 0.863858 0.127568
v 0.109973 0.246443 0.068474
v 0.109973 0.228437 0.068474
v 0.129671 0.910019 0.141988
v 0.144091 0.892012 0.127568
v 0.109973 0.863858 0.147266
v 0.133790 0.864473 0.149122
v 0.151226 0.864473 0.131687
v 0.075856 0.274598 0.127568
v 0.151226 0.891128 0.131687
v 0.090276 0.846440 0.141988
v 0.090276 0.863858 0.141988
v 0.075856 0.292016 0.127568
v 0.070578 0.274598 0.107870
v 0.086156 0.247328 0.066618
v 0.086156 0.846098 0.149122
v 0.068721 0.292358 0.131687
v 0.070578 0.292016 0.107870
v 0.062339 0.292358 0.107870
v 0.068721 0.247328 0.084053
v 0.086156 0.273982 0.066618
v 0.109973 0.274598 0.068474
v 0.133790 0.891128 0.149122
v 0.068721 0.846098 0.131687
v 0.062339 0.846098 0.107870
v 0.068721 0.292358 0.084053
v 0.068721 0.273982 0.084053
v 0.090276 0.274598 0.073752
v 0.109973 0.891128 0.155504
v 0.109973 0.864473 0.155504
v 0.129671 0.892012 0.141988
v 0.075856 0.274598 0.088172
v 0.090276 0.292016 0.073752
v 0.109973 0.292358 0.060236
v 0.086156 0.891128 0.149122
v 0.086156 0.864473 0.149122
v 0.109973 0.892012 0.147266
v 0.109973 0.910019 0.147266
v 0.075856 0.292016 0.088172
v 0.086156 0.292358 0.066618
v 0.086156 0.846098 0.066617
v 0.109973 0.846098 0.060236
v 0.068721 0.864473 0.131687
v 0.068721 0.891128 0.131687
v 0.090276 0.910019 0.141988
v 0.090276 0.892012 0.141988
v 0.068721 0.846098 0.084053
v 0.109973 0.846440 0.068474
v 0.090276 0.846440 0.073752
v 0.075856 0.863858 0.127568
v 0.075856 0.910019 0.127568
v 0.075856 0.892012 0.127568
v 0.075856 0.846440 0.088172
v 0.109973 0.863858 0.068474
v 0.090276 0.863858 0.073752
v 0.075856 0.846440 0.127568
v 0.070578 0.910019 0.107870
v 0.070578 0.892012 0.107870
v 0.070578 0.846440 0.107870
v 0.075856 0.863858 0.088172
v 0.086156 0.864473 0.066617
v 0.070578 0.863858 0.107870
v 0.075856 0.910019 0.088172
v 0.062339 0.891128 0.107870
v 0.075856 0.892012 0.088172
v 0.068721 0.864473 0.084053
v 0.086156 0.891128 0.066617
v 0.062339 0.864473 0.107870
v 0.090276 0.910019 0.073752
v 0.068721 0.891128 0.084053
v 0.090276 0.892012 0.073752
v 0.109973 0.910019 0.068474
v -0.086156 0.247328 0.066618
v -0.086156 0.273982 0.066618
v -0.109973 0.273982 0.060236
v -0.068721 0.247328 0.084053
v -0.090276 0.246443 0.073752
v -0.068721 0.273982 0.084053
v -0.109973 0.228437 0.068474
v -0.090276 0.274598 0.073752
v -0.075856 0.274598 0.088172
v -0.062339 0.273982 0.107870
v -0.062339 0.247328 0.107870
v -0.075856 0.246443 0.088172
v -0.090276 0.228437 0.073752
v -0.070578 0.274598 0.107870
v -0.075856 0.292016 0.088172
v -0.090276 0.292016 0.073752
v -0.070578 0.292016 0.107870
v -0.075856 0.274598 0.127568
v -0.068721 0.273982 0.131687
v -0.068721 0.247328 0.131687
v -0.070578 0.246443 0.107870
v -0.075856 0.228437 0.088172
v -0.075856 0.292016 0.127568
v -0.068721 0.292358 0.084053
v -0.062339 0.292358 0.107870
v -0.086156 0.292358 0.066618
v -0.068721 0.292358 0.131687
v -0.109973 0.292358 0.060236
v -0.086156 0.273982 0.149122
v -0.090276 0.274598 0.141988
v -0.075856 0.246443 0.127568
v -0.070578 0.228437 0.107870
v -0.086156 0.292358 0.149122
v -0.090276 0.292016 0.141988
v -0.109973 0.846098 0.060236
v -0.086156 0.846098 0.066617
v -0.109973 0.274598 0.147266
v -0.109973 0.292016 0.147266
v -0.075856 0.228437 0.127568
v -0.086156 0.247328 0.149122
v -0.090276 0.246443 0.141988
v -0.109973 0.292358 0.155504
v -0.090276 0.846440 0.073752
v -0.075856 0.846440 0.088172
v -0.068721 0.846098 0.084053
v -0.090276 0.228437 0.141988
v -0.109973 0.273982 0.155504
v -0.109973 0.247328 0.155504
v -0.109973 0.246443 0.147266
v -0.075856 0.863858 0.088172
v -0.090276 0.863858 0.073752
v -0.109973 0.228437 0.147266
v -0.129671 0.274598 0.141988
v -0.133791 0.273982 0.149122
v -0.133791 0.247328 0.149122
v -0.129671 0.246443 0.141988
v -0.068721 0.864473 0.084053
v -0.086156 0.864473 0.066617
v -0.109973 0.864473 0.060236
v -0.062339 0.846098 0.107870
v -0.129671 0.228437 0.141988
v -0.129671 0.292016 0.141988
v -0.151226 0.247328 0.131687
v -0.144091 0.246443 0.127568
v -0.068721 0.891128 0.084053
v -0.086156 0.891128 0.066617
v -0.109973 0.891128 0.060236
v -0.070578 0.846440 0.107870
v -0.068721 0.846098 0.131687
v -0.144091 0.228437 0.127568
v -0.133791 0.292358 0.149122
v -0.075856 0.892012 0.088172
v -0.090276 0.892012 0.073752
v -0.109973 0.892012 0.068474
v -0.070578 0.863858 0.107870
v -0.086156 0.846098 0.149122
v -0.149369 0.246443 0.107870
v -0.149369 0.228437 0.107870
v -0.109973 0.846098 0.155504
v -0.075856 0.910019 0.088172
v -0.090276 0.910019 0.073752
v -0.062339 0.864473 0.107870
v -0.109973 0.846440 0.147266
v -0.090276 0.846440 0.141988
v -0.157608 0.247328 0.107870
v -0.144091 0.246443 0.088172
v -0.144091 0.228437 0.088172
v -0.070578 0.910019 0.107870
v -0.062339 0.891128 0.107870
v -0.075856 0.846440 0.127568
v -0.151226 0.273982 0.131687
v -0.157608 0.273982 0.107870
v -0.129671 0.246443 0.073752
v -0.129671 0.228437 0.073752
v -0.075856 0.910019 0.127568
v -0.070578 0.892012 0.107870
v -0.090276 0.863858 0.141988
v -0.075856 0.863858 0.127568
v -0.109973 0.246443 0.068474
v -0.090276 0.910019 0.141988
v -0.075856 0.892012 0.127568
v -0.109973 0.863858 0.147266
v -0.086156 0.864473 0.149122
v -0.068721 0.864473 0.131687
v -0.144091 0.274598 0.127568
v -0.109973 0.247328 0.060236
v -0.068721 0.891128 0.131687
v -0.129671 0.846440 0.141988
v -0.129671 0.863858 0.141988
v -0.144091 0.292016 0.127568
v -0.149369 0.274598 0.107870
v -0.133791 0.247328 0.066618
v -0.133791 0.846098 0.149122
v -0.151226 0.292358 0.131687
v -0.149369 0.292016 0.107870
v -0.157608 0.292358 0.107870
v -0.151226 0.247328 0.084053
v -0.133791 0.273982 0.066618
v -0.109973 0.274598 0.068474
v -0.086156 0.891128 0.149122
v -0.151226 0.846098 0.131687
v -0.157608 0.846098 0.107870
v -0.151226 0.292358 0.084053
v -0.151226 0.273982 0.084053
v -0.129671 0.274598 0.073752
v -0.109973 0.292016 0.068474
v -0.109973 0.891128 0.155504
v -0.109973 0.864473 0.155504
v -0.090276 0.892012 0.141988
v -0.144091 0.274598 0.088172
v -0.129671 0.292016 0.073752
v -0.133791 0.891128 0.149122
v -0.133791 0.864473 0.149122
v -0.109973 0.892012 0.147266
v -0.109973 0.910019 0.147266
v -0.144091 0.292016 0.088172
v -0.133791 0.292358 0.066618
v -0.133791 0.846098 0.066617
v -0.151226 0.864473 0.131687
v -0.151226 0.891128 0.131687
v -0.129671 0.910019 0.141988
v -0.129671 0.892012 0.141988
v -0.151226 0.846098 0.084053
v -0.109973 0.846440 0.068474
v -0.129671 0.846440 0.073752
v -0.144091 0.863858 0.127568
v -0.144091 0.910019 0.127568
v -0.144091 0.892012 0.127568
v -0.144091 0.846440 0.088172
v -0.109973 0.863858 0.068474
v -0.129671 0.863858 0.073752
v -0.144091 0.846440 0.127568
v -0.149369 0.910019 0.107870
v -0.149369 0.892012 0.107870
v -0.149369 0.846440 0.107870
v -0.144091 0.863858 0.088172
v -0.133791 0.864473 0.066617
v -0.149369 0.863858 0.107870
v -0.144091 0.910019 0.088172
v -0.157608 0.891128 0.107870
v -0.144091 0.892012 0.088172
v -0.151226 0.864473 0.084053
v -0.133791 0.891128 0.066617
v -0.157608 0.864473 0.107870
v -0.129671 0.910019 0.073752
v -0.151226 0.891128 0.084053
v -0.129671 0.892012 0.073752
v -0.109973 0.910019 0.068474
v -0.170855 0.978234 -0.027620
v -0.145102 0.978234 -0.042525
v -0.145038 0.978234 0.016987
v -0.119285 0.978234 0.002082
v -0.120484 0.978234 0.002776
v -0.143839 0.978234 0.016293
v -0.145038 0.992393 0.016987
v -0.146239 0.992393 0.016296
v -0.146239 0.978234 0.016296
v -0.119286 0.978234 0.000696
v -0.119285 0.992393 0.002082
v -0.120484 0.992393 0.002776
v -0.143839 0.992393 0.016293
v -0.145041 0.994991 0.014276
v -0.169623 0.992393 0.002828
v -0.169623 0.978234 0.002828
v -0.119315 0.978234 -0.026289
v -0.119315 0.992393 -0.026289
v -0.119286 0.992393 0.000696
v -0.121634 0.994991 0.000728
v -0.145070 0.995278 -0.012769
v -0.168477 0.994991 0.000778
v -0.170824 0.992393 0.002136
v -0.170824 0.978234 0.002136
v -0.119316 0.978234 -0.027674
v -0.119316 0.992393 -0.027674
v -0.121663 0.994991 -0.026316
v -0.145099 0.994991 -0.039814
v -0.168506 0.994991 -0.026266
v -0.170854 0.992393 -0.026234
v -0.170825 0.992393 0.000751
v -0.170825 0.978234 0.000751
v -0.143901 0.978234 -0.041834
v -0.120517 0.978234 -0.028366
v -0.120517 0.992393 -0.028366
v -0.170855 0.992393 -0.027620
v -0.170854 0.978234 -0.026234
v -0.146300 0.978234 -0.041831
v -0.145102 0.992393 -0.042525
v -0.143901 0.992393 -0.041834
v -0.169656 0.992393 -0.028313
v -0.169656 0.978234 -0.028313
v -0.146300 0.992393 -0.041831
v -0.143901 0.156587 -0.041834
v -0.145102 0.156587 -0.042525
v -0.120517 0.156587 -0.028366
v -0.145102 0.142428 -0.042525
v -0.143901 0.142428 -0.041834
v -0.120517 0.142428 -0.028366
v -0.146300 0.156587 -0.041831
v -0.170855 0.156587 -0.027620
v -0.146300 0.142428 -0.041831
v -0.119316 0.156587 -0.027674
v -0.145099 0.139830 -0.039813
v -0.121663 0.139830 -0.026316
v -0.119316 0.142428 -0.027674
v -0.169656 0.156587 -0.028313
v -0.170854 0.156587 -0.026234
v -0.170855 0.142428 -0.027620
v -0.170854 0.142428 -0.026234
v -0.169656 0.142428 -0.028313
v -0.119286 0.156587 0.000696
v -0.119315 0.156587 -0.026289
v -0.119315 0.142428 -0.026289
v -0.170825 0.156587 0.000751
v -0.170824 0.142428 0.002136
v -0.169623 0.142428 0.002828
v -0.168506 0.139830 -0.026266
v -0.170825 0.142428 0.000751
v -0.119286 0.142428 0.000696
v -0.120484 0.156587 0.002776
v -0.119285 0.142428 0.002082
v -0.121634 0.139830 0.000729
v -0.168477 0.139830 0.000778
v -0.146239 0.142428 0.016296
v -0.145070 0.139543 -0.012769
v -0.143839 0.142428 0.016293
v -0.120484 0.142428 0.002776
v -0.145041 0.139830 0.014276
v -0.145038 0.142428 0.016987
v -0.143839 0.156587 0.016293
v -0.119285 0.156587 0.002082
v -0.170824 0.156587 0.002136
v -0.169623 0.156587 0.002828
v -0.145038 0.156587 0.016987
v -0.146239 0.156587 0.016296
v -0.368118 0.003216 -0.187566
v -0.326586 0.003216 -0.237278
v -0.267484 0.002372 -0.136290
v -0.383924 0.003216 -0.124745
v -0.212276 0.002372 -0.212276
v -0.212152 0.002372 -0.154137
v 0.000000 0.002372 0.000000
v -0.249399 0.002372 -0.081035
v -0.296508 0.002372 -0.046962
v -0.154137 0.002372 -0.212152
v -0.262234 0.002372 0.000000
v -0.136290 0.002372 -0.267484
v -0.296508 0.002372 0.046962
v -0.408062 0.003216 0.064631
v -0.081035 0.002372 -0.249399
v -0.124745 0.003216 -0.383924
v -0.249399 0.002372 0.081035
v -0.046962 0.002372 -0.296508
v -0.267484 0.002372 0.136290
v 0.000000 0.002372 -0.262234
v -0.212152 0.002372 0.154137
v 0.046962 0.002372 -0.296508
v 0.064631 0.003216 -0.408062
v -0.212276 0.002372 0.212276
v 0.081035 0.002372 -0.249399
v 0.124745 0.003216 -0.383925
v -0.154137 0.002372 0.212152
v -0.237278 0.003216 0.326585
v 0.136290 0.002372 -0.267484
v 0.187566 0.003216 -0.368118
v -0.136290 0.002372 0.267484
v -0.187566 0.003216 0.368118
v 0.154137 0.002372 -0.212152
v 0.237278 0.003216 -0.326586
v -0.081035 0.002372 0.249399
v 0.212276 0.002372 -0.212276
v 0.292140 0.003216 -0.292140
v -0.046962 0.002372 0.296508
v -0.064631 0.003216 0.408062
v 0.212152 0.002372 -0.154137
v 0.000000 0.002372 0.262234
v 0.000000 0.003216 0.403682
v 0.267484 0.002372 -0.136290
v 0.368118 0.003216 -0.187566
v 0.046962 0.002372 0.296508
v 0.064631 0.003216 0.408062
v 0.249399 0.002372 -0.081035
v 0.383925 0.003216 -0.124745
v 0.081035 0.002372 0.249399
v 0.296508 0.002372 -0.046962
v 0.136290 0.002372 0.267484
v 0.262234 0.002372 0.000000
v 0.154137 0.002372 0.212152
v 0.296508 0.002372 0.046962
v 0.212276 0.002372 0.212276
v 0.249399 0.002372 0.081035
v 0.212152 0.002372 0.154137
v 0.267484 0.002372 0.136290
v 0.405108 0.012369 0.206413
v 0.402537 0.005750 0.205103
v 0.432444 0.012369 0.140509
v 0.410196 0.025472 0.209005
v 0.367858 0.012369 0.267265
v 0.365524 0.005750 0.265569
v 0.326585 0.003216 0.237278
v 0.368118 0.003216 0.187565
v 0.383924 0.003216 0.124745
v 0.429700 0.005750 0.139618
v 0.321495 0.012369 0.321495
v 0.319455 0.005750 0.319455
v 0.325533 0.025472 0.325533
v 0.372479 0.025472 0.270622
v 0.292140 0.003216 0.292140
v 0.446216 0.005750 0.070674
v 0.408062 0.003216 0.064631
v 0.267265 0.012369 0.367858
v 0.265569 0.005750 0.365524
v 0.237278 0.003216 0.326585
v 0.376801 0.039062 0.273762
v 0.403682 0.003216 0.000000
v 0.449066 0.012369 0.071125
v 0.454706 0.025472 0.072018
v 0.437875 0.025472 0.142274
v 0.205103 0.005750 0.402537
v 0.187565 0.003216 0.368118
v 0.414956 0.039062 0.211431
v 0.442956 0.039062 0.143925
v 0.446216 0.005750 -0.070674
v 0.451813 0.005750 0.000000
v 0.408062 0.003216 -0.064631
v 0.454698 0.012369 0.000000
v 0.124745 0.003216 0.383924
v 0.416543 0.047145 0.212239
v 0.449066 0.012369 -0.071125
v 0.454706 0.025472 -0.072018
v 0.460409 0.025472 0.000000
v 0.070674 0.005750 0.446216
v 0.139618 0.005750 0.429700
v 0.402538 0.005750 -0.205103
v 0.429700 0.005750 -0.139618
v 0.432444 0.012369 -0.140509
v 0.465752 0.039062 0.000000
v 0.459982 0.039062 0.072854
v 0.140509 0.012369 0.432444
v 0.206413 0.012369 0.405108
v 0.326586 0.003216 -0.237279
v 0.461741 0.047145 0.073133
v 0.444650 0.047145 0.144476
v -0.070674 0.005750 0.446216
v 0.000000 0.005750 0.451813
v 0.209005 0.025472 0.410196
v 0.270622 0.025472 0.372479
v 0.442573 0.051191 0.143801
v -0.124745 0.003216 0.383924
v 0.000000 0.012369 0.454698
v 0.071125 0.012369 0.449066
v 0.273762 0.039062 0.376801
v 0.329311 0.039062 0.329311
v -0.139618 0.005750 0.429700
v -0.205103 0.005750 0.402537
v 0.072018 0.025472 0.454706
v 0.142274 0.025472 0.437875
v 0.330570 0.047145 0.330570
v 0.378242 0.047145 0.274809
v -0.071125 0.012369 0.449066
v -0.140509 0.012369 0.432444
v 0.143925 0.039062 0.442957
v 0.211431 0.039062 0.414956
v 0.376475 0.051191 0.273525
v 0.414597 0.051191 0.211248
v 0.000000 0.025472 0.460409
v -0.072018 0.025472 0.454706
v -0.265569 0.005750 0.365524
v -0.319455 0.005750 0.319455
v -0.292140 0.003216 0.292140
v 0.212239 0.047145 0.416543
v 0.274809 0.047145 0.378242
v 0.408759 0.052673 0.208273
v 0.000000 0.039062 0.465752
v 0.072854 0.039062 0.459983
v -0.267265 0.012369 0.367858
v -0.206413 0.012369 0.405108
v -0.326585 0.003216 0.237278
v 0.273525 0.051191 0.376475
v 0.329026 0.051191 0.329026
v 0.144476 0.047145 0.444650
v 0.073133 0.047145 0.461742
v -0.142274 0.025472 0.437875
v -0.209005 0.025472 0.410196
v -0.365524 0.005750 0.265569
v -0.402537 0.005750 0.205103
v -0.368118 0.003216 0.187565
v 0.324393 0.052673 0.324393
v 0.371174 0.052673 0.269674
v 0.143801 0.051191 0.442573
v -0.143925 0.039062 0.442957
v -0.321495 0.012369 0.321495
v -0.367858 0.012369 0.267265
v -0.383924 0.003216 0.124745
v 0.353101 0.053184 0.256543
v 0.211248 0.051191 0.414597
v -0.270622 0.025472 0.372479
v -0.325533 0.025472 0.325533
v -0.372479 0.025472 0.270622
v -0.410196 0.025472 0.209005
v -0.405108 0.012369 0.206413
v 0.208273 0.052673 0.408759
v 0.269674 0.052673 0.371174
v -0.273762 0.039062 0.376801
v -0.211431 0.039062 0.414956
v -0.376801 0.039062 0.273762
v -0.432444 0.012369 0.140509
v -0.429700 0.005750 0.139618
v 0.256543 0.053184 0.353101
v 0.308598 0.053184 0.308598
v -0.212239 0.047145 0.416543
v -0.446216 0.005750 0.070674
v -0.437875 0.025472 0.142274
v -0.454706 0.025472 0.072018
v -0.449066 0.012369 0.071125
v 0.273565 0.054315 0.273565
v -0.403682 0.003216 0.000000
v -0.454698 0.012369 0.000000
v -0.451813 0.005750 0.000000
v -0.414956 0.039062 0.211431
v -0.442957 0.039062 0.143925
v -0.446216 0.005750 -0.070674
v -0.408062 0.003216 -0.064631
v -0.460409 0.025472 0.000000
v -0.454706 0.025472 -0.072018
v -0.449066 0.012369 -0.071125
v -0.416543 0.047145 0.212239
v -0.444650 0.047145 0.144476
v -0.461742 0.047145 0.073133
v -0.459983 0.039062 0.072854
v -0.465752 0.039062 0.000000
v -0.432444 0.012369 -0.140509
v -0.442573 0.051191 0.143801
v -0.459584 0.051191 0.072791
v -0.465349 0.051191 0.000000
v -0.467533 0.047145 0.000000
v -0.429700 0.005750 -0.139618
v -0.402537 0.005750 -0.205103
v -0.461742 0.047145 -0.073133
v -0.459983 0.039062 -0.072854
v -0.453113 0.052673 0.071766
v -0.405108 0.012369 -0.206413
v -0.367858 0.012369 -0.267265
v -0.365524 0.005750 -0.265569
v -0.442957 0.039062 -0.143925
v -0.437875 0.025472 -0.142274
v -0.410196 0.025472 -0.209005
v -0.319455 0.005750 -0.319455
v -0.372479 0.025472 -0.270622
v -0.325533 0.025472 -0.325533
v -0.321495 0.012369 -0.321495
v -0.292140 0.003216 -0.292140
v -0.444650 0.047145 -0.144476
v -0.416543 0.047145 -0.212239
v -0.414956 0.039062 -0.211431
v -0.376801 0.039062 -0.273762
v -0.267265 0.012369 -0.367859
v -0.237278 0.003216 -0.326586
v -0.265569 0.005750 -0.365524
v -0.459584 0.051191 -0.072791
v -0.442573 0.051191 -0.143801
v -0.330570 0.047145 -0.330570
v -0.329311 0.039062 -0.329311
v -0.378242 0.047145 -0.274809
v -0.205103 0.005750 -0.402537
v -0.187566 0.003216 -0.368118
v -0.458797 0.052673 0.000000
v -0.453113 0.052673 -0.071766
v -0.273762 0.039062 -0.376801
v -0.376475 0.051191 -0.273525
v -0.270622 0.025472 -0.372479
v -0.436456 0.053184 0.000000
v -0.431050 0.053184 -0.068272
v -0.415095 0.053184 -0.134872
v -0.436342 0.052673 -0.141776
v -0.414597 0.051191 -0.211248
v -0.209005 0.025472 -0.410196
v -0.206413 0.012369 -0.405108
v -0.139618 0.005750 -0.429700
v -0.070674 0.005750 -0.446216
v -0.064631 0.003216 -0.408062
v -0.382116 0.054315 -0.060521
v -0.408759 0.052673 -0.208273
v -0.140510 0.012369 -0.432444
v -0.071125 0.012369 -0.449066
v 0.000000 0.012369 -0.454698
v 0.000000 0.005750 -0.451813
v 0.000000 0.003216 -0.403682
v -0.388856 0.053184 -0.198132
v -0.353101 0.053184 -0.256543
v -0.371174 0.052673 -0.269674
v -0.324393 0.052673 -0.324393
v -0.329026 0.051191 -0.329026
v -0.072018 0.025472 -0.454706
v 0.070674 0.005750 -0.446216
v -0.367972 0.054315 -0.119561
v -0.344712 0.054315 -0.175639
v -0.273525 0.051191 -0.376475
v -0.274809 0.047145 -0.378242
v -0.321855 0.055423 -0.104577
v -0.338419 0.055423 0.000000
v -0.334227 0.055423 -0.052936
v -0.386909 0.054315 0.000000
v -0.212239 0.047145 -0.416543
v -0.211431 0.039062 -0.414956
v 0.205103 0.005750 -0.402538
v 0.139618 0.005750 -0.429700
v -0.315297 0.055861 -0.049938
v -0.382116 0.054315 0.060521
v -0.431050 0.053184 0.068272
v -0.143925 0.039062 -0.442957
v -0.142274 0.025472 -0.437875
v 0.140510 0.012369 -0.432444
v 0.071125 0.012369 -0.449066
v -0.415095 0.053184 0.134872
v -0.436342 0.052673 0.141776
v 0.265569 0.005750 -0.365525
v 0.319456 0.005750 -0.319456
v 0.072018 0.025472 -0.454706
v 0.000000 0.025472 -0.460409
v -0.408759 0.052673 0.208273
v -0.414597 0.051191 0.211248
v -0.072854 0.039062 -0.459983
v 0.000000 0.039062 -0.465752
v 0.267265 0.012369 -0.367859
v -0.376475 0.051191 0.273525
v -0.378242 0.047145 0.274809
v -0.073133 0.047145 -0.461741
v -0.144476 0.047145 -0.444650
v 0.365525 0.005750 -0.265569
v -0.330570 0.047145 0.330570
v -0.329311 0.039062 0.329311
v -0.143801 0.051191 -0.442573
v -0.211248 0.051191 -0.414597
v 0.321496 0.012369 -0.321496
v 0.367859 0.012369 -0.267265
v 0.405108 0.012369 -0.206413
v -0.208273 0.052673 -0.408760
v -0.269674 0.052673 -0.371174
v 0.325534 0.025472 -0.325534
v 0.372479 0.025472 -0.270622
v 0.410196 0.025472 -0.209005
v 0.437875 0.025472 -0.142274
v -0.274809 0.047145 0.378242
v -0.256543 0.053184 -0.353101
v -0.308598 0.053184 -0.308598
v 0.376801 0.039062 -0.273762
v 0.414957 0.039062 -0.211431
v 0.442957 0.039062 -0.143925
v 0.459983 0.039062 -0.072854
v -0.273525 0.051191 0.376475
v -0.329026 0.051191 0.329026
v -0.313016 0.054315 -0.227419
v -0.273565 0.054315 -0.273565
v 0.416543 0.047145 -0.212239
v 0.444651 0.047145 -0.144476
v 0.461742 0.047145 -0.073133
v 0.467533 0.047145 0.000000
v -0.324393 0.052673 0.324393
v -0.371174 0.052673 0.269674
v -0.273787 0.055423 -0.198918
v -0.301510 0.055423 -0.153627
v 0.442573 0.051191 -0.143801
v 0.459584 0.051191 -0.072791
v 0.465349 0.051191 0.000000
v 0.459584 0.051191 0.072791
v -0.353101 0.053184 0.256543
v -0.388856 0.053184 0.198132
v -0.303626 0.055861 -0.098654
v -0.284434 0.055861 -0.144926
v 0.453113 0.052673 -0.071766
v 0.453113 0.052673 0.071766
v 0.458797 0.052673 0.000000
v 0.436341 0.052673 0.141776
v -0.344712 0.054315 0.175639
v -0.367972 0.054315 0.119561
v -0.297190 0.057133 -0.096563
v 0.431050 0.053184 0.068272
v 0.415095 0.053184 0.134872
v 0.436456 0.053184 0.000000
v 0.388856 0.053184 0.198132
v -0.321855 0.055423 0.104577
v -0.334227 0.055423 0.052936
v 0.382116 0.054315 0.060521
v 0.344712 0.054315 0.175639
v 0.367972 0.054315 0.119561
v 0.313016 0.054315 0.227419
v -0.315297 0.055861 0.049938
v -0.319252 0.055861 0.000000
v 0.273786 0.055423 0.198918
v 0.301510 0.055423 0.153627
v 0.321855 0.055423 0.104577
v 0.239280 0.055423 0.239280
v 0.198918 0.055423 0.273787
v 0.227419 0.054315 0.313016
v -0.312484 0.057133 0.000000
v -0.308613 0.057133 -0.048880
v 0.284434 0.055861 0.144926
v 0.225728 0.055861 0.225728
v 0.258280 0.055861 0.187651
v 0.175639 0.054315 0.344712
v 0.198132 0.053184 0.388856
v -0.297461 0.060745 -0.047113
v -0.286451 0.060745 -0.093073
v -0.268343 0.060745 -0.136728
v -0.278404 0.057133 -0.141854
v 0.252805 0.057133 0.183674
v 0.134872 0.053184 0.415095
v 0.141776 0.052673 0.436342
v -0.273579 0.066001 -0.088891
v -0.252805 0.057133 -0.183674
v -0.258280 0.055861 -0.187652
v 0.071766 0.052673 0.453113
v 0.119561 0.054315 0.367972
v 0.060521 0.054315 0.382116
v 0.068272 0.053184 0.431050
v 0.072791 0.051191 0.459584
v -0.225728 0.055861 -0.225728
v -0.239280 0.055423 -0.239280
v 0.153627 0.055423 0.301510
v 0.104577 0.055423 0.321855
v 0.000000 0.053184 0.436457
v 0.000000 0.051191 0.465349
v 0.000000 0.047145 0.467533
v -0.198918 0.055423 -0.273787
v -0.227419 0.054315 -0.313016
v 0.187651 0.055861 0.258280
v 0.144926 0.055861 0.284434
v -0.073133 0.047145 0.461742
v -0.072854 0.039062 0.459983
v -0.175639 0.054315 -0.344712
v -0.198132 0.053184 -0.388856
v 0.220943 0.057133 0.220943
v 0.183674 0.057133 0.252805
v -0.134872 0.053184 -0.415095
v -0.153627 0.055423 -0.301510
v -0.104577 0.055423 -0.321855
v -0.119561 0.054315 -0.367972
v -0.141776 0.052673 -0.436342
v 0.212958 0.060745 0.212958
v -0.144476 0.047145 0.444650
v -0.187652 0.055861 -0.258280
v -0.144926 0.055861 -0.284434
v -0.060521 0.054315 -0.382116
v -0.071766 0.052673 -0.453113
v -0.072791 0.051191 -0.459585
v -0.143801 0.051191 0.442573
v -0.072791 0.051191 0.459584
v -0.211248 0.051191 0.414597
v -0.183674 0.057133 -0.252805
v -0.068272 0.053184 -0.431050
v 0.000000 0.051191 -0.465349
v 0.000000 0.047145 -0.467533
v 0.000000 0.052673 0.458797
v -0.071766 0.052673 0.453113
v -0.208273 0.052673 0.408759
v -0.269674 0.052673 0.371174
v 0.000000 0.053184 -0.436457
v 0.073133 0.047145 -0.461742
v 0.072854 0.039062 -0.459983
v -0.256543 0.053184 0.353101
v -0.308598 0.053184 0.308598
v 0.000000 0.052673 -0.458797
v 0.143925 0.039062 -0.442957
v 0.142274 0.025472 -0.437875
v -0.273565 0.054315 0.273565
v -0.313016 0.054315 0.227419
v 0.071766 0.052673 -0.453113
v 0.072791 0.051191 -0.459585
v 0.209005 0.025472 -0.410196
v 0.206413 0.012369 -0.405108
v -0.273787 0.055423 0.198918
v -0.301510 0.055423 0.153627
v 0.143801 0.051191 -0.442573
v 0.144476 0.047145 -0.444650
v -0.284434 0.055861 0.144926
v -0.258280 0.055861 0.187651
v -0.225728 0.055861 0.225728
v -0.239280 0.055423 0.239280
v -0.303626 0.055861 0.098654
v 0.212239 0.047145 -0.416543
v 0.211431 0.039062 -0.414956
v 0.270622 0.025472 -0.372479
v -0.252805 0.057133 0.183674
v -0.198918 0.055423 0.273787
v -0.227419 0.054315 0.313016
v -0.297190 0.057133 0.096563
v -0.308613 0.057133 0.048880
v 0.273762 0.039062 -0.376801
v 0.329311 0.039062 -0.329311
v -0.175639 0.054315 0.344712
v -0.198132 0.053184 0.388856
v -0.278404 0.057133 0.141854
v -0.297461 0.060745 0.047113
v -0.301192 0.060745 0.000000
v 0.274809 0.047145 -0.378242
v 0.330571 0.047145 -0.330571
v 0.378242 0.047145 -0.274809
v -0.134872 0.053184 0.415095
v -0.141776 0.052673 0.436342
v -0.268343 0.060745 0.136728
v 0.273525 0.051191 -0.376475
v 0.211248 0.051191 -0.414597
v 0.376475 0.051191 -0.273525
v 0.414597 0.051191 -0.211248
v -0.286451 0.060745 0.093073
v 0.141776 0.052673 -0.436342
v 0.208273 0.052673 -0.408760
v 0.408760 0.052673 -0.208273
v 0.436342 0.052673 -0.141776
v -0.068272 0.053184 0.431050
v -0.273579 0.066001 0.088891
v 0.134872 0.053184 -0.415095
v 0.068272 0.053184 -0.431050
v 0.415095 0.053184 -0.134872
v 0.431050 0.053184 -0.068272
v -0.060521 0.054315 0.382116
v 0.000000 0.054315 0.386909
v -0.119561 0.054315 0.367972
v 0.000000 0.054315 -0.386909
v 0.060521 0.054315 -0.382116
v 0.382116 0.054315 -0.060521
v 0.386909 0.054315 0.000000
v 0.052936 0.055423 0.334227
v 0.000000 0.055423 0.338419
v -0.104577 0.055423 0.321855
v -0.153627 0.055423 0.301510
v 0.000000 0.055423 -0.338419
v 0.338419 0.055423 0.000000
v 0.334227 0.055423 0.052936
v 0.098654 0.055861 0.303626
v 0.049938 0.055861 0.315297
v -0.144926 0.055861 0.284434
v -0.187652 0.055861 0.258280
v 0.315297 0.055861 0.049938
v 0.303626 0.055861 0.098654
v 0.141854 0.057133 0.278404
v 0.096563 0.057133 0.297190
v -0.183674 0.057133 0.252805
v -0.220943 0.057133 0.220943
v 0.297190 0.057133 0.096563
v 0.278404 0.057133 0.141854
v 0.177036 0.060745 0.243669
v 0.136728 0.060745 0.268343
v -0.212958 0.060745 0.212958
v -0.243669 0.060745 0.177036
v 0.268343 0.060745 0.136728
v 0.243669 0.060745 0.177036
v 0.232720 0.066001 0.169081
v 0.203389 0.066001 0.203390
v 0.169081 0.066001 0.232720
v -0.232720 0.066001 0.169081
v -0.256286 0.066001 0.130584
v 0.256286 0.066001 0.130584
v 0.273579 0.066001 0.088891
v 0.286450 0.060745 0.093073
v 0.193850 0.072204 0.193850
v -0.244265 0.072204 0.124459
v -0.260747 0.072204 0.084722
v -0.270770 0.072204 0.042886
v -0.284095 0.066001 0.044996
v 0.244265 0.072204 0.124459
v 0.297461 0.060745 0.047113
v 0.308613 0.057133 0.048880
v -0.287658 0.066001 0.000000
v 0.221805 0.072204 0.161151
v 0.312484 0.057133 0.000000
v 0.319252 0.055861 0.000000
v -0.235810 0.077651 0.120151
v 0.315297 0.055861 -0.049938
v 0.334227 0.055423 -0.052936
v -0.221805 0.072204 0.161151
v -0.264676 0.077651 0.000000
v -0.274166 0.072204 0.000000
v -0.284095 0.066001 -0.044996
v 0.321855 0.055423 -0.104577
v 0.367972 0.054315 -0.119561
v -0.193850 0.072204 0.193850
v -0.203389 0.066001 0.203390
v -0.270770 0.072204 -0.042886
v -0.261397 0.077651 -0.041401
v 0.344712 0.054315 -0.175639
v 0.388856 0.053184 -0.198132
v -0.169081 0.066001 0.232720
v -0.161151 0.072204 0.221805
v -0.155573 0.077651 0.214127
v -0.177036 0.060745 0.243669
v -0.260747 0.072204 -0.084722
v 0.353101 0.053184 -0.256543
v 0.371174 0.052673 -0.269674
v -0.124459 0.072204 0.244265
v -0.120151 0.077651 0.235810
v -0.141854 0.057133 0.278404
v -0.136728 0.060745 0.268343
v -0.244265 0.072204 -0.124459
v -0.235810 0.077651 -0.120151
v -0.256286 0.066001 -0.130584
v 0.324393 0.052673 -0.324393
v 0.329026 0.051191 -0.329026
v -0.096563 0.057133 0.297190
v -0.098654 0.055861 0.303626
v -0.130584 0.066001 0.256286
v -0.214127 0.077651 -0.155573
v -0.232720 0.066001 -0.169081
v -0.243669 0.060745 -0.177036
v -0.049938 0.055861 0.315297
v -0.052936 0.055423 0.334227
v -0.088891 0.066001 0.273579
v -0.084722 0.072204 0.260747
v -0.212959 0.060745 -0.212959
v -0.220943 0.057133 -0.220943
v 0.269674 0.052673 -0.371174
v -0.093073 0.060745 0.286450
v -0.042886 0.072204 0.270770
v 0.198132 0.053184 -0.388856
v 0.256543 0.053184 -0.353101
v 0.308598 0.053184 -0.308598
v 0.000000 0.055861 0.319252
v -0.047113 0.060745 0.297461
v 0.000000 0.077651 0.264676
v 0.175639 0.054315 -0.344712
v 0.119561 0.054315 -0.367972
v 0.273565 0.054315 -0.273565
v 0.313016 0.054315 -0.227419
v 0.000000 0.057133 0.312484
v -0.048880 0.057133 0.308613
v -0.044996 0.066001 0.284095
v 0.052936 0.055423 -0.334227
v 0.104577 0.055423 -0.321855
v 0.273787 0.055423 -0.198918
v 0.301510 0.055423 -0.153627
v 0.000000 0.066001 0.287658
v 0.000000 0.072204 0.274166
v 0.049938 0.055861 -0.315297
v 0.284434 0.055861 -0.144926
v 0.303627 0.055861 -0.098654
v 0.000000 0.060745 0.301192
v 0.042886 0.072204 0.270770
v 0.044996 0.066001 0.284095
v 0.047113 0.060745 0.297461
v 0.297190 0.057133 -0.096563
v 0.308613 0.057133 -0.048880
v 0.048879 0.057133 0.308613
v 0.088891 0.066001 0.273579
v 0.084722 0.072204 0.260747
v 0.081789 0.077651 0.251722
v 0.093073 0.060745 0.286450
v 0.297461 0.060745 -0.047113
v 0.301192 0.060745 0.000000
v 0.124459 0.072204 0.244265
v 0.130584 0.066001 0.256286
v 0.120151 0.077651 0.235810
v 0.287658 0.066001 0.000000
v 0.284095 0.066001 -0.044996
v 0.273579 0.066001 -0.088891
v 0.286451 0.060745 -0.093073
v 0.284095 0.066001 0.044996
v 0.155572 0.077651 0.214127
v 0.270770 0.072204 -0.042886
v 0.270770 0.072204 0.042886
v 0.274166 0.072204 0.000000
v 0.268343 0.060745 -0.136728
v 0.278404 0.057133 -0.141854
v 0.260747 0.072204 0.084722
v 0.161151 0.072204 0.221805
v 0.252805 0.057133 -0.183674
v 0.258280 0.055861 -0.187652
v 0.251722 0.077651 0.081789
v 0.235810 0.077651 0.120151
v 0.187140 0.077651 0.187140
v 0.261397 0.077651 0.041401
v 0.225728 0.055861 -0.225728
v 0.239280 0.055423 -0.239280
v 0.251722 0.077651 -0.081789
v 0.260747 0.072204 -0.084722
v 0.183674 0.057133 -0.252805
v 0.220943 0.057133 -0.220943
v 0.187652 0.055861 -0.258280
v 0.198918 0.055423 -0.273787
v 0.227419 0.054315 -0.313016
v 0.244265 0.072204 -0.124459
v 0.235810 0.077651 -0.120151
v 0.256286 0.066001 -0.130584
v 0.212959 0.060745 -0.212959
v 0.243669 0.060745 -0.177036
v 0.144926 0.055861 -0.284434
v 0.153627 0.055423 -0.301510
v 0.214127 0.077651 -0.155573
v 0.221805 0.072204 -0.161151
v 0.232721 0.066001 -0.169081
v 0.203390 0.066001 -0.203390
v 0.169081 0.066001 -0.232721
v 0.177036 0.060745 -0.243669
v 0.193850 0.072204 -0.193850
v 0.187140 0.077651 -0.187140
v 0.124459 0.072204 -0.244265
v 0.161151 0.072204 -0.221805
v 0.130584 0.066001 -0.256286
v 0.136728 0.060745 -0.268343
v 0.141854 0.057133 -0.278404
v 0.098654 0.055861 -0.303627
v 0.155573 0.077651 -0.214127
v 0.088891 0.066001 -0.273579
v 0.096563 0.057133 -0.297190
v 0.093073 0.060745 -0.286451
v 0.048880 0.057133 -0.308613
v 0.000000 0.057133 -0.312484
v 0.000000 0.055861 -0.319252
v 0.120151 0.077651 -0.235810
v 0.047113 0.060745 -0.297461
v 0.000000 0.060745 -0.301192
v -0.047113 0.060745 -0.297461
v -0.048880 0.057133 -0.308613
v -0.049938 0.055861 -0.315297
v -0.052936 0.055423 -0.334227
v 0.084722 0.072204 -0.260747
v 0.044996 0.066001 -0.284095
v 0.000000 0.066001 -0.287658
v -0.096563 0.057133 -0.297190
v -0.098654 0.055861 -0.303627
v 0.042886 0.072204 -0.270770
v 0.041401 0.077651 -0.261397
v 0.000000 0.072204 -0.274166
v -0.042886 0.072204 -0.270770
v -0.044996 0.066001 -0.284095
v -0.084722 0.072204 -0.260747
v -0.081789 0.077651 -0.251722
v -0.041401 0.077651 -0.261397
v -0.088891 0.066001 -0.273579
v -0.093073 0.060745 -0.286451
v -0.141854 0.057133 -0.278404
v -0.124459 0.072204 -0.244265
v -0.120151 0.077651 -0.235810
v -0.130584 0.066001 -0.256286
v -0.136728 0.060745 -0.268343
v -0.177036 0.060745 -0.243669
v -0.161151 0.072204 -0.221805
v -0.155573 0.077651 -0.214127
v -0.169081 0.066001 -0.232720
v -0.203389 0.066001 -0.203389
v -0.193850 0.072204 -0.193850
v -0.187140 0.077651 -0.187140
v -0.221805 0.072204 -0.161151
v 0.187867 0.118519 -0.187867
v 0.187884 0.126715 -0.187884
v 0.214959 0.118519 -0.156177
v 0.156177 0.118519 -0.214959
v 0.187834 0.102426 -0.187834
v 0.214978 0.126715 -0.156191
v 0.213712 0.129902 -0.155271
v 0.186777 0.129902 -0.186777
v 0.155271 0.129902 -0.213712
v 0.156191 0.126715 -0.214978
v 0.236747 0.126715 -0.120629
v 0.235353 0.129902 -0.119918
v 0.231148 0.130964 -0.117776
v 0.209894 0.130964 -0.152497
v 0.183440 0.130964 -0.183440
v 0.120629 0.126715 -0.236747
v 0.117776 0.130964 -0.231148
v 0.152497 0.130964 -0.209894
v 0.119918 0.129902 -0.235353
v 0.251234 0.129902 -0.081631
v 0.193374 0.130964 -0.140495
v 0.140495 0.130964 -0.193374
v 0.169002 0.130964 -0.169002
v 0.081631 0.129902 -0.251234
v 0.073862 0.130964 -0.227325
v 0.108506 0.130964 -0.212955
v 0.080172 0.130964 -0.246746
v 0.086414 0.130964 -0.169596
v 0.111889 0.130964 -0.154002
v 0.134592 0.130964 -0.134593
v 0.029776 0.130964 -0.187999
v 0.058824 0.130964 -0.181040
v 0.037389 0.130964 -0.236063
v 0.040583 0.130964 -0.256230
v 0.057910 0.130964 -0.113654
v 0.074982 0.130964 -0.103204
v 0.039420 0.130964 -0.121324
v 0.090197 0.130964 -0.090197
v 0.103204 0.130964 -0.074982
v 0.154002 0.130964 -0.111889
v 0.000000 0.130964 -0.239024
v 0.019954 0.130964 -0.125987
v 0.113654 0.130964 -0.057910
v 0.169596 0.130964 -0.086414
v 0.212955 0.130964 -0.108506
v 0.000000 0.130964 -0.127567
v 0.121324 0.130964 -0.039421
v 0.181040 0.130964 -0.058824
v 0.227325 0.130964 -0.073862
v 0.246745 0.130964 -0.080172
v 0.000000 0.130964 -0.190357
v -0.029776 0.130964 -0.187999
v -0.019954 0.130964 -0.125987
v 0.187999 0.130964 -0.029776
v 0.125987 0.130964 -0.019954
v 0.236063 0.130964 -0.037389
v 0.256230 0.130964 -0.040583
v 0.260890 0.129902 -0.041321
v 0.262436 0.126715 -0.041566
v 0.252722 0.126715 -0.082114
v -0.039420 0.130964 -0.121324
v 0.127567 0.130964 0.000000
v 0.239024 0.130964 0.000000
v 0.190357 0.130964 0.000000
v 0.259443 0.130964 0.000000
v 0.264163 0.129902 0.000000
v 0.252700 0.118519 -0.082107
v 0.236726 0.118519 -0.120618
v -0.086414 0.130964 -0.169596
v -0.057910 0.130964 -0.113654
v -0.058824 0.130964 -0.181040
v 0.187999 0.130964 0.029776
v 0.125987 0.130964 0.019954
v 0.256229 0.130964 0.040583
v 0.236685 0.102426 -0.120597
v 0.214922 0.102426 -0.156150
v -0.074982 0.130964 -0.103204
v -0.073862 0.130964 -0.227325
v -0.037389 0.130964 -0.236063
v 0.121323 0.130964 0.039420
v 0.214391 0.086958 -0.155764
v 0.187370 0.086958 -0.187370
v 0.155764 0.086958 -0.214391
v 0.156150 0.102426 -0.214922
v -0.111889 0.130964 -0.154002
v -0.134592 0.130964 -0.134592
v -0.090197 0.130964 -0.090197
v -0.040583 0.130964 -0.256230
v 0.186059 0.080634 -0.186059
v 0.120597 0.102426 -0.236685
v 0.120618 0.118519 -0.236726
v -0.108506 0.130964 -0.212955
v -0.140495 0.130964 -0.193374
v -0.103204 0.130964 -0.074982
v 0.082107 0.118519 -0.252700
v 0.082093 0.102426 -0.252656
v 0.081890 0.086958 -0.252032
v 0.120299 0.086958 -0.236100
v 0.082114 0.126715 -0.252722
v -0.117776 0.130964 -0.231148
v -0.080172 0.130964 -0.246745
v 0.041555 0.102426 -0.262367
v 0.119457 0.080634 -0.234448
v 0.154674 0.080634 -0.212891
v 0.041566 0.126715 -0.262436
v 0.041321 0.129902 -0.260890
v -0.081631 0.129902 -0.251234
v 0.081789 0.077651 -0.251722
v 0.081317 0.080634 -0.250268
v 0.000000 0.129902 -0.264163
v 0.000000 0.130964 -0.259443
v 0.041162 0.080634 -0.259888
v 0.041452 0.086958 -0.261719
v 0.000000 0.077651 -0.264676
v 0.000000 0.080634 -0.263148
v 0.000000 0.086958 -0.265002
v 0.000000 0.102426 -0.265658
v 0.000000 0.118519 -0.265704
v 0.041562 0.118519 -0.262413
v -0.041321 0.129902 -0.260890
v 0.212891 0.080634 -0.154674
v -0.041162 0.080634 -0.259888
v -0.041555 0.102426 -0.262367
v -0.041566 0.126715 -0.262436
v 0.000000 0.126715 -0.265728
v 0.234448 0.080634 -0.119458
v 0.236100 0.086958 -0.120299
v -0.041562 0.118519 -0.262413
v -0.082107 0.118519 -0.252700
v -0.082114 0.126715 -0.252722
v 0.252656 0.102426 -0.082093
v 0.252032 0.086958 -0.081890
v -0.119457 0.080634 -0.234448
v -0.081317 0.080634 -0.250268
v -0.120629 0.126715 -0.236747
v -0.119918 0.129902 -0.235353
v -0.081890 0.086958 -0.252032
v -0.041452 0.086958 -0.261719
v -0.155271 0.129902 -0.213712
v -0.152497 0.130964 -0.209894
v 0.250268 0.080634 -0.081317
v 0.259888 0.080634 -0.041162
v 0.261397 0.077651 -0.041401
v -0.183440 0.130964 -0.183440
v -0.169002 0.130964 -0.169002
v 0.262367 0.102426 -0.041555
v 0.261719 0.086958 -0.041452
v 0.264676 0.077651 0.000000
v 0.263148 0.080634 0.000000
v 0.265002 0.086958 0.000000
v -0.082093 0.102426 -0.252656
v -0.193374 0.130964 -0.140495
v -0.154002 0.130964 -0.111889
v 0.259888 0.080634 0.041162
v -0.120299 0.086958 -0.236100
v -0.120597 0.102426 -0.236685
v -0.120618 0.118519 -0.236726
v -0.169596 0.130964 -0.086414
v -0.113654 0.130964 -0.057910
v 0.262413 0.118519 -0.041562
v -0.155764 0.086958 -0.214391
v -0.154674 0.080634 -0.212891
v -0.156177 0.118519 -0.214959
v -0.156191 0.126715 -0.214978
v -0.121324 0.130964 -0.039421
v 0.265704 0.118519 0.000000
v 0.265658 0.102426 0.000000
v 0.265728 0.126715 0.000000
v -0.186059 0.080634 -0.186059
v -0.187884 0.126715 -0.187884
v -0.186777 0.129902 -0.186777
v 0.262367 0.102426 0.041555
v 0.261719 0.086958 0.041452
v 0.260890 0.129902 0.041321
v 0.262436 0.126715 0.041566
v -0.213712 0.129902 -0.155271
v -0.209894 0.130964 -0.152497
v 0.252032 0.086958 0.081890
v 0.250268 0.080634 0.081317
v 0.251233 0.129902 0.081631
v 0.262413 0.118519 0.041562
v -0.234448 0.080634 -0.119458
v -0.212891 0.080634 -0.154674
v -0.231148 0.130964 -0.117776
v -0.212955 0.130964 -0.108506
v 0.234448 0.080634 0.119457
v 0.252700 0.118519 0.082107
v 0.252656 0.102426 0.082093
v -0.251722 0.077651 -0.081789
v -0.214391 0.086958 -0.155764
v -0.187370 0.086958 -0.187370
v -0.227325 0.130964 -0.073862
v -0.181040 0.130964 -0.058824
v 0.214127 0.077651 0.155572
v 0.252722 0.126715 0.082114
v 0.236685 0.102426 0.120597
v 0.236100 0.086958 0.120299
v -0.187834 0.102426 -0.187834
v -0.156150 0.102426 -0.214922
v -0.187999 0.130964 -0.029776
v -0.125987 0.130964 -0.019954
v 0.236747 0.126715 0.120629
v 0.214391 0.086958 0.155764
v 0.212891 0.080634 0.154674
v -0.127567 0.130964 0.000000
v 0.236726 0.118519 0.120618
v 0.186059 0.080634 0.186059
v 0.214922 0.102426 0.156150
v 0.187834 0.102426 0.187834
v 0.187370 0.086958 0.187370
v -0.187867 0.118519 -0.187867
v 0.214959 0.118519 0.156177
v 0.155764 0.086958 0.214391
v 0.154674 0.080634 0.212891
v -0.214959 0.118519 -0.156177
v -0.214978 0.126715 -0.156191
v -0.214922 0.102426 -0.156150
v 0.119457 0.080634 0.234448
v -0.236726 0.118519 -0.120618
v -0.236747 0.126715 -0.120629
v -0.236685 0.102426 -0.120597
v -0.235353 0.129902 -0.119918
v -0.236100 0.086958 -0.120299
v -0.252700 0.118519 -0.082107
v -0.252722 0.126715 -0.082114
v -0.251234 0.129902 -0.081631
v -0.252032 0.086958 -0.081890
v -0.252656 0.102426 -0.082093
v -0.246745 0.130964 -0.080172
v -0.250268 0.080634 -0.081317
v 0.081317 0.080634 0.250268
v 0.041162 0.080634 0.259888
v 0.041401 0.077651 0.261397
v -0.262436 0.126715 -0.041566
v -0.262367 0.102426 -0.041555
v -0.256229 0.130964 -0.040583
v -0.236063 0.130964 -0.037389
v -0.259888 0.080634 -0.041162
v 0.081890 0.086958 0.252032
v -0.262413 0.118519 -0.041562
v -0.239024 0.130964 0.000000
v -0.190357 0.130964 0.000000
v -0.261719 0.086958 -0.041452
v 0.000000 0.080634 0.263148
v -0.041162 0.080634 0.259888
v -0.041401 0.077651 0.261397
v -0.265704 0.118519 0.000000
v -0.187999 0.130964 0.029776
v -0.125987 0.130964 0.019954
v -0.265002 0.086958 0.000000
v -0.265658 0.102426 0.000000
v 0.000000 0.086958 0.265002
v 0.041452 0.086958 0.261719
v -0.081789 0.077651 0.251722
v -0.121324 0.130964 0.039420
v -0.263148 0.080634 0.000000
v -0.262367 0.102426 0.041555
v 0.041555 0.102426 0.262367
v -0.081317 0.080634 0.250268
v -0.119457 0.080634 0.234448
v -0.169596 0.130964 0.086414
v -0.113654 0.130964 0.057910
v -0.181040 0.130964 0.058824
v -0.259888 0.080634 0.041162
v -0.041452 0.086958 0.261719
v -0.081890 0.086958 0.252032
v -0.103204 0.130964 0.074982
v -0.227325 0.130964 0.073862
v -0.236063 0.130964 0.037389
v -0.261719 0.086958 0.041452
v 0.000000 0.102426 0.265658
v -0.041555 0.102426 0.262367
v -0.154674 0.080634 0.212891
v -0.186059 0.080634 0.186059
v -0.187140 0.077651 0.187140
v -0.256229 0.130964 0.040583
v -0.259443 0.130964 0.000000
v -0.252032 0.086958 0.081890
v 0.000000 0.118519 0.265704
v -0.120299 0.086958 0.236100
v -0.155764 0.086958 0.214391
v -0.214127 0.077651 0.155572
v -0.264163 0.129902 0.000000
v -0.260890 0.129902 -0.041321
v -0.082093 0.102426 0.252656
v -0.120597 0.102426 0.236685
v -0.156150 0.102426 0.214922
v -0.187834 0.102426 0.187834
v -0.187370 0.086958 0.187370
v -0.041562 0.118519 0.262413
v -0.082107 0.118519 0.252700
v -0.120618 0.118519 0.236726
v -0.156177 0.118519 0.214959
v -0.214391 0.086958 0.155764
v -0.212891 0.080634 0.154674
v -0.265728 0.126715 0.000000
v -0.041566 0.126715 0.262436
v -0.082114 0.126715 0.252722
v -0.120629 0.126715 0.236747
v -0.234448 0.080634 0.119457
v -0.262413 0.118519 0.041562
v -0.262436 0.126715 0.041566
v -0.260890 0.129902 0.041321
v -0.081631 0.129902 0.251234
v -0.251722 0.077651 0.081789
v -0.252700 0.118519 0.082107
v -0.252722 0.126715 0.082114
v -0.251234 0.129902 0.081631
v -0.252656 0.102426 0.082093
v -0.246745 0.130964 0.080172
v -0.250268 0.080634 0.081317
v -0.261397 0.077651 0.041401
v -0.236747 0.126715 0.120629
v -0.235353 0.129902 0.119918
v -0.231148 0.130964 0.117776
v -0.236685 0.102426 0.120597
v -0.212955 0.130964 0.108506
v -0.236100 0.086958 0.120299
v -0.213712 0.129902 0.155271
v -0.209894 0.130964 0.152497
v -0.193374 0.130964 0.140495
v -0.236726 0.118519 0.120618
v -0.154002 0.130964 0.111889
v -0.214922 0.102426 0.156150
v -0.183440 0.130964 0.183440
v -0.169002 0.130964 0.169002
v -0.134592 0.130964 0.134592
v -0.214959 0.118519 0.156177
v -0.214978 0.126715 0.156191
v -0.090197 0.130964 0.090197
v -0.187867 0.118519 0.187867
v -0.140495 0.130964 0.193374
v -0.111889 0.130964 0.154002
v -0.074982 0.130964 0.103204
v -0.187884 0.126715 0.187883
v -0.186777 0.129902 0.186777
v -0.156191 0.126715 0.214978
v -0.086414 0.130964 0.169596
v -0.117776 0.130964 0.231148
v -0.108506 0.130964 0.212955
v -0.152497 0.130964 0.209894
v -0.057910 0.130964 0.113654
v -0.155271 0.129902 0.213712
v -0.119918 0.129902 0.235352
v -0.073862 0.130964 0.227325
v -0.058824 0.130964 0.181040
v -0.039420 0.130964 0.121323
v -0.041321 0.129902 0.260890
v -0.040583 0.130964 0.256230
v -0.080172 0.130964 0.246745
v -0.029776 0.130964 0.187999
v -0.019954 0.130964 0.125987
v 0.000000 0.126715 0.265728
v 0.000000 0.129902 0.264163
v 0.000000 0.130964 0.259443
v 0.000000 0.130964 0.239024
v -0.037389 0.130964 0.236063
v 0.000000 0.130964 0.127567
v 0.041562 0.118519 0.262413
v 0.041566 0.126715 0.262436
v 0.041321 0.129902 0.260890
v 0.040583 0.130964 0.256230
v 0.029776 0.130964 0.187999
v 0.019954 0.130964 0.125987
v 0.000000 0.130964 0.190357
v 0.082093 0.102426 0.252656
v 0.082107 0.118519 0.252700
v 0.082114 0.126715 0.252722
v 0.081631 0.129902 0.251233
v 0.039420 0.130964 0.121323
v 0.120299 0.086958 0.236100
v 0.120597 0.102426 0.236685
v 0.120618 0.118519 0.236726
v 0.120629 0.126715 0.236747
v 0.117776 0.130964 0.231148
v 0.080172 0.130964 0.246745
v 0.119918 0.129902 0.235352
v 0.037389 0.130964 0.236063
v 0.156150 0.102426 0.214922
v 0.156177 0.118519 0.214959
v 0.155271 0.129902 0.213712
v 0.156191 0.126715 0.214978
v 0.073862 0.130964 0.227325
v 0.058824 0.130964 0.181040
v 0.187883 0.126715 0.187883
v 0.187867 0.118519 0.187867
v 0.152497 0.130964 0.209894
v 0.183440 0.130964 0.183440
v 0.186777 0.129902 0.186777
v 0.086414 0.130964 0.169596
v 0.108506 0.130964 0.212955
v 0.057910 0.130964 0.113654
v 0.213712 0.129902 0.155271
v 0.214978 0.126715 0.156191
v 0.140495 0.130964 0.193374
v 0.111889 0.130964 0.154002
v 0.074982 0.130964 0.103204
v 0.231148 0.130964 0.117776
v 0.209894 0.130964 0.152497
v 0.235352 0.129902 0.119918
v 0.134592 0.130964 0.134592
v 0.169002 0.130964 0.169002
v 0.090197 0.130964 0.090197
v 0.193374 0.130964 0.140495
v 0.154002 0.130964 0.111889
v 0.103204 0.130964 0.074982
v 0.246745 0.130964 0.080172
v 0.169596 0.130964 0.086414
v 0.212955 0.130964 0.108506
v 0.113654 0.130964 0.057910
v 0.236063 0.130964 0.037389
v 0.227325 0.130964 0.073862
v 0.181040 0.130964 0.058824
v -0.092561 0.191243 -0.181661
v -0.092561 0.206179 -0.181661
v -0.063008 0.191243 -0.193919
v -0.119849 0.191243 -0.164957
v -0.092561 0.184859 -0.181661
v -0.092561 0.221104 -0.181661
v -0.063008 0.221104 -0.193919
v -0.063008 0.206179 -0.193919
v -0.119849 0.221104 -0.164957
v -0.119849 0.206179 -0.164957
v -0.092561 0.227459 -0.181661
v -0.031894 0.227459 -0.201373
v -0.031894 0.221104 -0.201373
v -0.031894 0.206179 -0.201373
v -0.063008 0.227459 -0.193919
v -0.144167 0.206179 -0.144167
v -0.144167 0.227459 -0.144167
v -0.119849 0.227459 -0.164957
v -0.144167 0.221104 -0.144167
v 0.000000 0.221104 -0.203899
v 0.000000 0.206179 -0.203899
v 0.000000 0.191243 -0.203899
v -0.031894 0.191243 -0.201373
v -0.056429 0.229010 -0.173669
v -0.107333 0.229010 -0.147732
v -0.164957 0.221104 -0.119849
v 0.031894 0.206179 -0.201373
v -0.031894 0.184859 -0.201373
v -0.063008 0.184859 -0.193919
v -0.084848 0.229010 -0.166523
v 0.000000 0.184859 -0.203899
v -0.059673 0.183278 -0.183654
v -0.119849 0.184859 -0.164957
v -0.061707 0.229527 -0.121107
v 0.031894 0.184859 -0.201373
v -0.144167 0.184859 -0.144167
v -0.136536 0.183278 -0.136536
v -0.144167 0.191243 -0.144167
v -0.069788 0.229527 -0.096055
v -0.096111 0.229527 -0.096111
v -0.132153 0.229010 -0.132153
v 0.031894 0.191243 -0.201373
v 0.059673 0.183278 -0.183654
v -0.164957 0.191243 -0.119849
v -0.164957 0.206179 -0.119849
v 0.000000 0.229527 -0.000000
v -0.147732 0.229010 -0.107333
v -0.164957 0.227459 -0.119849
v 0.063008 0.191243 -0.193919
v -0.181661 0.184859 -0.092561
v -0.164957 0.184859 -0.119849
v -0.181661 0.206179 -0.092561
v -0.036690 0.229527 -0.112919
v -0.181661 0.227459 -0.092561
v 0.063008 0.184859 -0.193919
v -0.183654 0.183278 -0.059673
v -0.021263 0.229527 -0.134249
v -0.029237 0.229010 -0.184592
v -0.181661 0.221104 -0.092561
v 0.092561 0.184859 -0.181661
v 0.087661 0.183278 -0.172045
v -0.181661 0.191243 -0.092561
v 0.000000 0.229527 -0.118730
v 0.000000 0.229010 -0.182606
v 0.000000 0.227459 -0.203899
v -0.193919 0.221104 -0.063008
v -0.193919 0.184859 -0.063008
v -0.193919 0.191243 -0.063008
v -0.193919 0.206179 -0.063008
v 0.021263 0.229527 -0.134249
v 0.031894 0.227459 -0.201373
v 0.031894 0.221104 -0.201373
v 0.144167 0.184859 -0.144167
v 0.119849 0.184859 -0.164957
v -0.201373 0.184859 -0.031894
v -0.190713 0.183278 -0.030206
v -0.201373 0.206179 -0.031894
v 0.063008 0.221104 -0.193919
v 0.063008 0.206179 -0.193919
v 0.119849 0.191243 -0.164957
v 0.092561 0.191243 -0.181661
v -0.193105 0.183278 0.000000
v -0.201373 0.191243 -0.031894
v 0.092561 0.206179 -0.181661
v 0.181661 0.184859 -0.092561
v 0.164957 0.184859 -0.119849
v -0.201373 0.184859 0.031894
v -0.203899 0.184859 0.000000
v -0.203899 0.191243 0.000000
v 0.164957 0.191243 -0.119849
v 0.144167 0.191243 -0.144167
v -0.183654 0.183278 0.059673
v -0.201373 0.191243 0.031894
v -0.201373 0.206179 0.031894
v -0.203899 0.206179 0.000000
v -0.203899 0.221104 0.000000
v -0.201373 0.221104 -0.031894
v 0.144167 0.206179 -0.144167
v 0.119849 0.206179 -0.164957
v -0.172045 0.183278 0.087661
v -0.181661 0.184859 0.092561
v -0.193919 0.184859 0.063008
v -0.201373 0.227459 -0.031894
v -0.193919 0.227459 -0.063008
v 0.119849 0.221104 -0.164957
v 0.092561 0.221104 -0.181661
v -0.193919 0.191243 0.063008
v -0.173669 0.229010 -0.056429
v -0.166523 0.229010 -0.084848
v 0.092561 0.227459 -0.181661
v 0.063008 0.227459 -0.193919
v -0.144167 0.184859 0.144167
v -0.164957 0.184859 0.119848
v -0.121107 0.229527 -0.061707
v -0.096055 0.229527 -0.069788
v 0.056428 0.229010 -0.173669
v 0.029236 0.229010 -0.184592
v -0.113505 0.183278 0.156226
v -0.164957 0.191243 0.119848
v -0.181661 0.191243 0.092561
v -0.112919 0.229527 -0.036690
v -0.092561 0.184859 0.181661
v -0.119849 0.184859 0.164957
v -0.181661 0.206179 0.092561
v -0.193919 0.206179 0.063008
v -0.134249 0.229527 -0.021263
v -0.184592 0.229010 -0.029237
v 0.036690 0.229527 -0.112919
v -0.119849 0.191243 0.164957
v -0.144167 0.191243 0.144167
v -0.193919 0.221104 0.063008
v -0.201373 0.221104 0.031894
v -0.182606 0.229010 -0.000000
v -0.203899 0.227459 -0.000000
v 0.061707 0.229527 -0.121107
v 0.084848 0.229010 -0.166523
v -0.144167 0.206179 0.144167
v -0.164957 0.206179 0.119848
v -0.201373 0.227459 0.031894
v 0.069788 0.229527 -0.096055
v 0.107333 0.229010 -0.147732
v 0.119849 0.227459 -0.164957
v -0.164957 0.221104 0.119848
v -0.181661 0.221104 0.092561
v -0.193919 0.227459 0.063008
v -0.173669 0.229010 0.056428
v -0.184592 0.229010 0.029236
v 0.096111 0.229527 -0.096111
v 0.144167 0.227459 -0.144167
v 0.144167 0.221104 -0.144167
v -0.181661 0.227459 0.092561
v -0.134249 0.229527 0.021263
v -0.118730 0.229527 -0.000000
v 0.096055 0.229527 -0.069788
v 0.147732 0.229010 -0.107334
v 0.132153 0.229010 -0.132153
v 0.164957 0.221104 -0.119849
v 0.164957 0.206179 -0.119849
v -0.112919 0.229527 0.036690
v 0.121107 0.229527 -0.061707
v 0.181661 0.206179 -0.092561
v 0.181661 0.191243 -0.092561
v -0.121107 0.229527 0.061707
v -0.166523 0.229010 0.084847
v 0.112919 0.229527 -0.036690
v 0.173669 0.229010 -0.056429
v 0.166523 0.229010 -0.084848
v 0.164957 0.227459 -0.119849
v 0.193919 0.191243 -0.063008
v 0.193919 0.184859 -0.063008
v -0.147732 0.229010 0.107333
v -0.164957 0.227459 0.119848
v 0.134248 0.229527 -0.021263
v 0.181661 0.227459 -0.092561
v 0.181661 0.221104 -0.092561
v 0.201373 0.184859 -0.031894
v 0.190713 0.183278 -0.030206
v -0.144167 0.221104 0.144167
v -0.144167 0.227459 0.144167
v 0.193919 0.227459 -0.063008
v 0.193919 0.221104 -0.063008
v 0.193919 0.206179 -0.063008
v -0.119849 0.206179 0.164957
v -0.119849 0.221104 0.164957
v 0.201373 0.227459 -0.031894
v 0.201373 0.221104 -0.031894
v 0.201373 0.206179 -0.031894
v 0.184592 0.229010 -0.029237
v 0.201373 0.191243 -0.031894
v -0.092561 0.191243 0.181661
v -0.092561 0.206179 0.181661
v 0.203899 0.221104 0.000000
v 0.203898 0.206179 0.000000
v 0.203899 0.191243 0.000000
v 0.118730 0.229527 -0.000000
v 0.182606 0.229010 -0.000000
v 0.203898 0.184859 0.000000
v -0.063008 0.191243 0.193919
v -0.063008 0.184859 0.193919
v 0.201373 0.206179 0.031894
v 0.134248 0.229527 0.021263
v 0.203898 0.227459 -0.000000
v 0.201373 0.184859 0.031894
v 0.190713 0.183278 0.030206
v -0.031894 0.184859 0.201373
v 0.112919 0.229527 0.036690
v 0.173669 0.229010 0.056428
v 0.184592 0.229010 0.029236
v 0.201373 0.227459 0.031894
v 0.201373 0.221104 0.031894
v 0.201373 0.191243 0.031894
v 0.183654 0.183278 0.059673
v 0.121107 0.229527 0.061707
v 0.193919 0.227459 0.063008
v 0.193919 0.221104 0.063008
v 0.193919 0.206179 0.063008
v 0.193919 0.191243 0.063008
v 0.193919 0.184859 0.063008
v 0.181661 0.184859 0.092561
v 0.031894 0.184859 0.201373
v 0.000000 0.184859 0.203898
v 0.181661 0.227459 0.092561
v 0.181661 0.206179 0.092561
v 0.181661 0.191243 0.092561
v 0.156226 0.183278 0.113504
v 0.000000 0.191243 0.203898
v -0.031894 0.191243 0.201373
v 0.166522 0.229010 0.084847
v 0.164957 0.191243 0.119848
v 0.164957 0.184859 0.119848
v 0.144167 0.184859 0.144167
v -0.031894 0.206179 0.201373
v -0.063008 0.206179 0.193919
v 0.096055 0.229527 0.069788
v 0.147732 0.229010 0.107333
v -0.063008 0.221104 0.193919
v -0.092561 0.221104 0.181661
v 0.096111 0.229527 0.096111
v 0.132153 0.229010 0.132153
v 0.144167 0.227459 0.144167
v 0.164957 0.227459 0.119848
v 0.164957 0.221104 0.119848
v 0.181661 0.221104 0.092561
v -0.092561 0.227459 0.181661
v -0.119849 0.227459 0.164957
v 0.069788 0.229527 0.096055
v 0.107333 0.229010 0.147732
v -0.107333 0.229010 0.147732
v -0.063008 0.227459 0.193919
v -0.056429 0.229010 0.173669
v -0.084848 0.229010 0.166522
v -0.132153 0.229010 0.132153
v 0.061707 0.229528 0.121107
v 0.164957 0.206179 0.119848
v -0.031894 0.221104 0.201373
v -0.031894 0.227459 0.201373
v -0.061707 0.229528 0.121107
v -0.096111 0.229527 0.096111
v -0.096055 0.229527 0.069788
v 0.144167 0.206179 0.144167
v 0.144167 0.221104 0.144167
v 0.144167 0.191243 0.144167
v -0.069788 0.229527 0.096055
v 0.119849 0.221104 0.164957
v 0.119848 0.191243 0.164957
v 0.119849 0.206179 0.164957
v 0.119849 0.227459 0.164957
v 0.119849 0.184859 0.164957
v 0.092561 0.227459 0.181661
v 0.092561 0.206179 0.181661
v 0.092561 0.221104 0.181661
v 0.092561 0.184859 0.181661
v 0.092561 0.191243 0.181661
v 0.084847 0.229010 0.166522
v -0.036690 0.229528 0.112919
v 0.063008 0.221104 0.193919
v 0.063008 0.191243 0.193919
v 0.063008 0.206179 0.193919
v 0.036690 0.229528 0.112919
v 0.056428 0.229010 0.173669
v -0.021263 0.229528 0.134248
v 0.000000 0.229528 0.118730
v 0.021263 0.229528 0.134248
v -0.029237 0.229010 0.184592
v 0.031894 0.206179 0.201373
v 0.063008 0.227459 0.193919
v 0.031894 0.227459 0.201373
v 0.029236 0.229010 0.184592
v 0.063008 0.184859 0.193919
v 0.000000 0.229010 0.182606
v 0.000000 0.227459 0.203898
v 0.000000 0.221104 0.203898
v 0.031894 0.191243 0.201373
v 0.031894 0.221104 0.201373
v 0.000000 0.206179 0.203898
v -0.190713 0.183278 0.030206
v -0.158735 0.182751 0.025141
v -0.158735 0.182751 -0.025141
v -0.160726 0.182751 0.000000
v -0.117554 0.182751 0.000000
v -0.116098 0.182751 0.018388
v -0.111800 0.182751 0.036326
v -0.152860 0.182751 0.049667
v -0.143197 0.182751 0.072963
v -0.116098 0.182751 -0.018388
v -0.104733 0.182751 0.053364
v -0.095103 0.182751 0.069096
v -0.130030 0.182751 0.094472
v -0.156226 0.183278 0.113504
v -0.143197 0.182751 -0.072963
v -0.152860 0.182751 -0.049667
v -0.172045 0.183278 -0.087661
v -0.111800 0.182751 -0.036326
v -0.113642 0.182751 0.113642
v -0.083117 0.182751 0.083117
v -0.136536 0.183278 0.136536
v -0.156226 0.183278 -0.113505
v -0.104733 0.182751 -0.053364
v -0.130030 0.182751 -0.094473
v -0.095103 0.182751 -0.069097
v -0.069097 0.182751 0.095103
v -0.094473 0.182751 0.130030
v -0.113642 0.182751 -0.113642
v -0.083117 0.182751 -0.083117
v -0.072963 0.182751 0.143197
v -0.053364 0.182751 0.104733
v -0.087661 0.183278 0.172045
v -0.094473 0.182751 -0.130030
v -0.069097 0.182751 -0.095103
v -0.113505 0.183278 -0.156226
v -0.036326 0.182751 0.111800
v -0.049667 0.182751 0.152860
v -0.059673 0.183278 0.183654
v -0.072963 0.182751 -0.143197
v -0.053364 0.182751 -0.104733
v -0.087661 0.183278 -0.172045
v -0.025141 0.182751 0.158735
v -0.018388 0.182751 0.116098
v -0.030206 0.183278 0.190713
v -0.049667 0.182751 -0.152860
v -0.036326 0.182751 -0.111800
v 0.000000 0.182751 0.117554
v 0.000000 0.182751 0.160726
v 0.000000 0.183278 0.193105
v -0.025141 0.182751 -0.158735
v -0.018388 0.182751 -0.116098
v -0.030206 0.183278 -0.190713
v 0.025141 0.182751 0.158735
v 0.018388 0.182751 0.116098
v 0.030206 0.183278 0.190713
v 0.000000 0.182751 -0.160726
v 0.000000 0.182751 -0.117554
v 0.000000 0.183278 -0.193106
v 0.036326 0.182751 0.111800
v 0.049667 0.182751 0.152860
v 0.059673 0.183278 0.183654
v 0.025141 0.182751 -0.158735
v 0.018388 0.182751 -0.116098
v 0.030206 0.183278 -0.190713
v 0.072963 0.182751 0.143197
v 0.053364 0.182751 0.104733
v 0.087661 0.183278 0.172045
v 0.049667 0.182751 -0.152860
v 0.036326 0.182751 -0.111800
v 0.069096 0.182751 0.095103
v 0.094472 0.182751 0.130030
v 0.113504 0.183278 0.156226
v 0.072963 0.182751 -0.143197
v 0.053364 0.182751 -0.104733
v 0.113642 0.182751 0.113642
v 0.083117 0.182751 0.083117
v 0.136536 0.183278 0.136536
v 0.094473 0.182751 -0.130030
v 0.069096 0.182751 -0.095103
v 0.113505 0.183278 -0.156226
v 0.095103 0.182751 0.069096
v 0.130030 0.182751 0.094472
v 0.113642 0.182751 -0.113642
v 0.083117 0.182751 -0.083117
v 0.136536 0.183278 -0.136536
v 0.143197 0.182751 0.072963
v 0.104733 0.182751 0.053364
v 0.172045 0.183278 0.087661
v 0.130030 0.182751 -0.094473
v 0.095103 0.182751 -0.069097
v 0.156226 0.183278 -0.113505
v 0.111800 0.182751 0.036326
v 0.152860 0.182751 0.049667
v 0.143197 0.182751 -0.072963
v 0.104733 0.182751 -0.053364
v 0.172045 0.183278 -0.087661
v 0.158735 0.182751 0.025141
v 0.116098 0.182751 0.018388
v 0.183654 0.183278 -0.059673
v 0.152860 0.182751 -0.049667
v 0.111800 0.182751 -0.036326
v 0.160726 0.182751 0.000000
v 0.193105 0.183278 0.000000
v 0.117554 0.182751 0.000000
v 0.158735 0.182751 -0.025141
v 0.116098 0.182751 -0.018388
v -0.158503 0.909180 -0.080761
v -0.140617 0.909180 -0.102164
v -0.115275 0.908743 -0.058736
v -0.165305 0.909180 -0.053711
v -0.091483 0.908743 -0.091483
v -0.091429 0.908743 -0.066427
v 0.000000 0.908743 -0.000000
v -0.107481 0.908743 -0.034923
v -0.127783 0.908743 -0.020239
v -0.175702 0.909180 -0.027829
v -0.066427 0.908743 -0.091429
v -0.113012 0.908743 -0.000000
v -0.173812 0.909180 -0.000000
v -0.058736 0.908743 -0.115275
v -0.127783 0.908743 0.020239
v -0.175702 0.909180 0.027828
v -0.034923 0.908743 -0.107481
v -0.107481 0.908743 0.034923
v -0.165305 0.909180 0.053711
v -0.020239 0.908743 -0.127783
v -0.115275 0.908743 0.058735
v -0.158503 0.909180 0.080761
v 0.000000 0.908743 -0.113013
v -0.091429 0.908743 0.066427
v -0.140617 0.909180 0.102164
v 0.020239 0.908743 -0.127783
v 0.027828 0.909180 -0.175702
v -0.091483 0.908743 0.091483
v 0.034923 0.908743 -0.107481
v 0.053711 0.909180 -0.165306
v -0.066427 0.908743 0.091429
v 0.058736 0.908743 -0.115275
v 0.080761 0.909180 -0.158503
v -0.058736 0.908743 0.115275
v 0.066427 0.908743 -0.091429
v 0.102164 0.909180 -0.140617
v -0.034923 0.908743 0.107481
v -0.053711 0.909180 0.165305
v 0.091483 0.908743 -0.091483
v 0.125789 0.909180 -0.125789
v -0.020239 0.908743 0.127783
v 0.091429 0.908743 -0.066427
v 0.140617 0.909180 -0.102164
v 0.000000 0.908743 0.113012
v 0.115275 0.908743 -0.058736
v 0.020239 0.908743 0.127783
v 0.027828 0.909180 0.175702
v 0.107481 0.908743 -0.034923
v 0.165305 0.909180 -0.053711
v 0.034923 0.908743 0.107481
v 0.053711 0.909180 0.165305
v 0.127783 0.908743 -0.020239
v 0.175702 0.909180 -0.027829
v 0.058736 0.908743 0.115275
v 0.113012 0.908743 -0.000000
v 0.173812 0.909180 -0.000000
v 0.066427 0.908743 0.091429
v 0.102164 0.909180 0.140617
v 0.127783 0.908743 0.020239
v 0.175702 0.909180 0.027828
v 0.091483 0.908743 0.091483
v 0.125789 0.909180 0.125789
v 0.107481 0.908743 0.034923
v 0.091429 0.908743 0.066427
v 0.115275 0.908743 0.058735
v 0.140617 0.909180 0.102164
v -0.030358 0.916034 0.191675
v -0.030358 0.929175 0.191675
v -0.059974 0.916034 0.184580
v -0.030358 0.910489 0.191675
v 0.000000 0.916034 0.194079
v 0.000000 0.942285 0.194079
v -0.030358 0.942285 0.191675
v -0.059974 0.942285 0.184580
v 0.000000 0.929175 0.194079
v -0.059974 0.929175 0.184580
v 0.030358 0.916034 0.191675
v 0.030358 0.929175 0.191675
v 0.030358 0.910489 0.191675
v 0.000000 0.910489 0.194079
v -0.030358 0.947733 0.191675
v -0.088103 0.929175 0.172912
v 0.059974 0.916034 0.184580
v 0.059974 0.929175 0.184580
v 0.059974 0.942285 0.184580
v 0.030358 0.942285 0.191675
v 0.000000 0.909180 0.173812
v 0.088103 0.929175 0.172912
v 0.088103 0.910489 0.172912
v 0.088103 0.916034 0.172912
v 0.059974 0.910489 0.184580
v 0.030358 0.947733 0.191675
v 0.000000 0.947733 0.194079
v -0.027828 0.909180 0.175702
v 0.114077 0.916034 0.157013
v 0.000000 0.948947 0.182309
v 0.059974 0.947733 0.184580
v 0.056337 0.948947 0.173387
v 0.028517 0.948947 0.180051
v 0.080761 0.909180 0.158503
v 0.088103 0.947733 0.172912
v 0.022994 0.949352 0.145180
v 0.088103 0.942285 0.172912
v -0.059974 0.910489 0.184580
v -0.088103 0.910489 0.172912
v -0.080761 0.909180 0.158503
v 0.114077 0.910489 0.157013
v 0.114077 0.942285 0.157013
v 0.114077 0.929175 0.157013
v -0.088103 0.916034 0.172912
v -0.102164 0.909180 0.140617
v -0.114077 0.910489 0.157013
v -0.114077 0.916034 0.157013
v 0.137224 0.910489 0.137224
v 0.137224 0.929175 0.137224
v 0.137224 0.916034 0.137224
v -0.114077 0.929175 0.157013
v -0.114077 0.942285 0.157013
v -0.088103 0.942285 0.172912
v -0.137224 0.910489 0.137224
v -0.125789 0.909180 0.125789
v 0.157013 0.916034 0.114077
v 0.157013 0.910489 0.114077
v -0.137224 0.929175 0.137224
v -0.088103 0.947733 0.172912
v -0.059974 0.947733 0.184580
v 0.158503 0.909180 0.080761
v 0.172912 0.910489 0.088103
v -0.137224 0.916034 0.137224
v -0.028517 0.948947 0.180051
v -0.056337 0.948947 0.173387
v -0.172912 0.910489 0.088103
v -0.157013 0.910489 0.114077
v 0.165305 0.909180 0.053711
v -0.157013 0.916034 0.114077
v 0.000000 0.949352 0.147001
v -0.022994 0.949352 0.145180
v 0.191675 0.910489 0.030358
v 0.184580 0.910489 0.059974
v -0.015630 0.949352 0.098686
v -0.031261 0.949352 0.096210
v -0.045426 0.949352 0.139806
v -0.191675 0.910489 0.030358
v -0.184580 0.910489 0.059974
v 0.184580 0.916034 0.059974
v 0.172912 0.916034 0.088103
v -0.066732 0.949352 0.130969
v -0.045361 0.949352 0.089026
v -0.184580 0.916034 0.059974
v -0.172912 0.916034 0.088103
v 0.172912 0.929175 0.088103
v 0.157013 0.929175 0.114077
v 0.031261 0.949352 0.096210
v 0.045426 0.949352 0.139806
v -0.172912 0.929175 0.088103
v -0.157013 0.929175 0.114077
v 0.157013 0.942285 0.114077
v 0.137224 0.942285 0.137224
v 0.066732 0.949352 0.130969
v 0.082760 0.948947 0.162426
v -0.157013 0.942285 0.114077
v -0.137224 0.942285 0.137224
v 0.137224 0.947733 0.137224
v 0.114077 0.947733 0.157013
v 0.086405 0.949352 0.118926
v 0.107159 0.948947 0.147492
v -0.137224 0.947733 0.137224
v -0.114077 0.947733 0.157013
v 0.157013 0.947733 0.114077
v 0.147492 0.948947 0.107159
v 0.128902 0.948947 0.128902
v 0.103938 0.949352 0.103938
v -0.107159 0.948947 0.147492
v -0.082760 0.948947 0.162427
v 0.172912 0.947733 0.088103
v 0.172912 0.942285 0.088103
v 0.118927 0.949352 0.086405
v 0.081841 0.949352 0.059461
v 0.184580 0.947733 0.059974
v 0.173387 0.948947 0.056337
v 0.162427 0.948947 0.082760
v 0.184580 0.942285 0.059974
v 0.184580 0.929175 0.059974
v 0.130969 0.949352 0.066732
v -0.086405 0.949352 0.118927
v 0.191675 0.947733 0.030358
v 0.191675 0.942285 0.030358
v 0.191675 0.929175 0.030358
v 0.191675 0.916034 0.030358
v 0.139807 0.949352 0.045426
v 0.096210 0.949352 0.031260
v -0.103938 0.949352 0.103938
v -0.128902 0.948947 0.128902
v 0.194079 0.942285 -0.000000
v 0.194079 0.916034 -0.000000
v 0.194079 0.929175 -0.000000
v 0.194079 0.910489 -0.000000
v 0.145180 0.949352 0.022994
v 0.180051 0.948947 0.028517
v -0.147492 0.948947 0.107159
v -0.157013 0.947733 0.114077
v 0.191675 0.929175 -0.030358
v 0.191675 0.910489 -0.030358
v 0.182310 0.948947 -0.000000
v 0.194079 0.947733 -0.000000
v -0.172912 0.947733 0.088103
v -0.172912 0.942285 0.088103
v 0.191675 0.916034 -0.030358
v 0.145180 0.949352 -0.022994
v 0.098686 0.949352 -0.015630
v 0.147001 0.949352 -0.000000
v 0.191675 0.947733 -0.030358
v 0.191675 0.942285 -0.030358
v -0.184580 0.942285 0.059974
v -0.184580 0.929175 0.059974
v 0.184580 0.916034 -0.059974
v 0.184580 0.942285 -0.059974
v 0.184580 0.929175 -0.059974
v -0.191675 0.929175 0.030358
v -0.191675 0.916034 0.030358
v 0.184580 0.910489 -0.059974
v 0.139807 0.949352 -0.045426
v 0.130969 0.949352 -0.066732
v 0.089026 0.949352 -0.045361
v 0.180051 0.948947 -0.028517
v 0.172913 0.929175 -0.088103
v 0.158503 0.909180 -0.080761
v 0.172913 0.910489 -0.088103
v 0.173387 0.948947 -0.056337
v 0.081841 0.949352 -0.059461
v 0.184580 0.947733 -0.059974
v 0.172913 0.916034 -0.088103
v 0.172913 0.947733 -0.088103
v 0.172913 0.942285 -0.088103
v 0.157013 0.910489 -0.114077
v 0.157013 0.916034 -0.114077
v 0.162427 0.948947 -0.082761
v 0.118927 0.949352 -0.086405
v 0.103938 0.949352 -0.103938
v 0.157013 0.942285 -0.114077
v 0.137224 0.910489 -0.137224
v 0.147492 0.948947 -0.107159
v 0.157013 0.929175 -0.114077
v 0.114077 0.916034 -0.157013
v 0.137224 0.916034 -0.137224
v 0.114077 0.910489 -0.157013
v 0.157013 0.947733 -0.114077
v 0.128903 0.948947 -0.128903
v 0.137224 0.947733 -0.137224
v 0.137224 0.929175 -0.137224
v 0.088103 0.910489 -0.172913
v 0.107159 0.948947 -0.147492
v 0.086405 0.949352 -0.118927
v 0.114077 0.947733 -0.157013
v 0.114077 0.942285 -0.157013
v 0.137224 0.942285 -0.137224
v 0.114077 0.929175 -0.157013
v 0.066732 0.949352 -0.130969
v 0.082761 0.948947 -0.162427
v 0.088103 0.947733 -0.172913
v 0.088103 0.942285 -0.172913
v 0.088103 0.929175 -0.172913
v 0.088103 0.916034 -0.172913
v 0.059974 0.910489 -0.184580
v 0.030358 0.910489 -0.191675
v 0.056337 0.948947 -0.173387
v 0.059974 0.947733 -0.184580
v 0.059974 0.942285 -0.184580
v 0.031261 0.949352 -0.096210
v 0.059974 0.929175 -0.184580
v 0.059974 0.916034 -0.184580
v 0.000000 0.909180 -0.173813
v 0.030358 0.947733 -0.191675
v 0.045426 0.949352 -0.139807
v 0.022994 0.949352 -0.145180
v 0.028517 0.948947 -0.180051
v 0.030358 0.942285 -0.191675
v 0.030358 0.929175 -0.191675
v 0.030358 0.916034 -0.191675
v 0.000000 0.910489 -0.194079
v -0.030358 0.910489 -0.191675
v -0.027828 0.909180 -0.175702
v 0.000000 0.948947 -0.182310
v 0.000000 0.942285 -0.194079
v 0.000000 0.929175 -0.194079
v 0.000000 0.916034 -0.194079
v -0.053711 0.909180 -0.165306
v 0.015630 0.949352 -0.098686
v 0.000000 0.947733 -0.194079
v -0.030358 0.947733 -0.191675
v -0.030358 0.942285 -0.191675
v -0.030358 0.929175 -0.191675
v -0.030358 0.916034 -0.191675
v -0.088103 0.910489 -0.172913
v -0.059974 0.910489 -0.184580
v -0.080761 0.909180 -0.158503
v 0.000000 0.949352 -0.147001
v -0.059974 0.942285 -0.184580
v -0.059974 0.916034 -0.184580
v -0.059974 0.929175 -0.184580
v -0.102164 0.909180 -0.140617
v -0.022994 0.949352 -0.145180
v -0.028517 0.948947 -0.180051
v -0.088103 0.929175 -0.172913
v -0.088103 0.916034 -0.172913
v -0.114077 0.910489 -0.157013
v -0.137224 0.910489 -0.137224
v -0.125789 0.909180 -0.125789
v -0.056337 0.948947 -0.173387
v -0.045426 0.949352 -0.139807
v -0.059974 0.947733 -0.184580
v -0.114077 0.916034 -0.157013
v -0.066732 0.949352 -0.130969
v -0.045361 0.949352 -0.089026
v -0.082761 0.948947 -0.162427
v -0.088103 0.947733 -0.172913
v -0.088103 0.942285 -0.172913
v -0.114077 0.929175 -0.157013
v -0.137224 0.929175 -0.137224
v -0.137224 0.916034 -0.137224
v -0.107159 0.948947 -0.147492
v -0.086405 0.949352 -0.118927
v -0.114077 0.942285 -0.157013
v -0.114077 0.947733 -0.157013
v -0.157013 0.916034 -0.114077
v -0.157013 0.910489 -0.114077
v -0.103938 0.949352 -0.103938
v -0.137224 0.947733 -0.137224
v -0.128902 0.948947 -0.128903
v -0.137224 0.942285 -0.137224
v -0.172912 0.910489 -0.088103
v -0.147492 0.948947 -0.107159
v -0.118927 0.949352 -0.086405
v -0.157013 0.942285 -0.114077
v -0.157013 0.947733 -0.114077
v -0.157013 0.929175 -0.114077
v -0.130969 0.949352 -0.066732
v -0.089026 0.949352 -0.045361
v -0.172912 0.947733 -0.088103
v -0.162427 0.948947 -0.082761
v -0.172912 0.929175 -0.088103
v -0.172912 0.942285 -0.088103
v -0.172912 0.916034 -0.088103
v -0.184580 0.910489 -0.059974
v -0.191675 0.910489 -0.030358
v -0.096210 0.949352 -0.031261
v -0.173387 0.948947 -0.056337
v -0.184580 0.942285 -0.059974
v -0.184580 0.947733 -0.059974
v -0.184580 0.916034 -0.059974
v -0.184580 0.929175 -0.059974
v -0.145180 0.949352 -0.022994
v -0.139807 0.949352 -0.045426
v -0.191675 0.947733 -0.030358
v -0.191675 0.942285 -0.030358
v -0.191675 0.929175 -0.030358
v -0.191675 0.916034 -0.030358
v -0.194079 0.910489 -0.000000
v -0.194079 0.942285 -0.000000
v -0.194079 0.916034 -0.000000
v -0.194079 0.929175 -0.000000
v -0.145180 0.949352 0.022994
v -0.098686 0.949352 0.015630
v -0.147001 0.949352 -0.000000
v -0.180051 0.948947 -0.028517
v -0.096210 0.949352 0.031260
v -0.182310 0.948947 -0.000000
v -0.194079 0.947733 -0.000000
v -0.191675 0.942285 0.030358
v -0.130969 0.949352 0.066732
v -0.139807 0.949352 0.045426
v -0.180051 0.948947 0.028517
v -0.191675 0.947733 0.030358
v -0.184580 0.947733 0.059974
v -0.173387 0.948947 0.056337
v -0.162427 0.948947 0.082760
v -0.118927 0.949352 0.086405
vt 1.011564 -0.468460
vt 1.013258 -0.469436
vt 1.047969 -0.489427
vt 1.046274 -0.488451
vt 0.020226 0.057738
vt 0.027247 0.046268
vt 0.045680 0.069551
vt 0.015073 0.070161
vt 0.056211 0.065865
vt 0.096588 0.093465
vt 0.049122 0.079778
vt 0.056187 0.055089
vt 0.067252 0.054823
vt 0.040156 0.086552
vt 0.046679 0.095200
vt 0.070649 0.044582
vt 0.040156 0.104428
vt 0.081165 0.047734
vt 0.070102 0.015132
vt 0.049122 0.110623
vt 0.087650 0.039058
vt 0.045680 0.121428
vt 0.096588 0.045292
vt 0.056211 0.124536
vt 0.105526 0.039058
vt 0.056187 0.135890
vt 0.112010 0.047734
vt 0.123073 0.015132
vt 0.109995 0.011999
vt 0.067252 0.135577
vt 0.046209 0.165987
vt 0.122527 0.044582
vt 0.135496 0.020285
vt 0.070649 0.146398
vt 0.057679 0.173008
vt 0.125923 0.054823
vt 0.146967 0.027306
vt 0.081165 0.142666
vt 0.136988 0.055089
vt 0.157189 0.036045
vt 0.087650 0.151921
vt 0.136965 0.065865
vt 0.096588 0.145109
vt 0.096588 0.182356
vt 0.083181 0.181294
vt 0.147496 0.069551
vt 0.105526 0.151921
vt 0.109995 0.181294
vt 0.144054 0.079778
vt 0.178102 0.070161
vt 0.172950 0.057738
vt 0.112010 0.142666
vt 0.153020 0.086552
vt 0.122527 0.146398
vt 0.146496 0.095200
vt 0.125923 0.135577
vt 0.153020 0.104428
vt 0.136988 0.135890
vt 0.144054 0.110623
vt 0.136965 0.124536
vt 0.147496 0.121428
vt 0.424635 0.074987
vt 0.415487 0.084135
vt 0.411041 0.063366
vt 0.436256 0.088580
vt 0.231488 0.173400
vt 0.244266 0.171376
vt 0.235654 0.190792
vt 0.230076 0.155572
vt 0.247959 0.186794
vt 0.254033 0.201438
vt 0.242506 0.207311
vt 0.251843 0.222564
vt 0.260002 0.182881
vt 0.255677 0.155572
vt 0.256771 0.169396
vt 0.243014 0.155572
vt 0.244266 0.139768
vt 0.231488 0.137744
vt 0.235654 0.120352
vt 0.262310 0.214959
vt 0.272612 0.227009
vt 0.263464 0.236158
vt 0.277057 0.247779
vt 0.272555 0.207516
vt 0.265315 0.195689
vt 0.242506 0.103833
vt 0.254033 0.109707
vt 0.251843 0.088580
vt 0.247959 0.124351
vt 0.260002 0.128264
vt 0.256771 0.141749
vt 0.456611 0.137744
vt 0.443833 0.139768
vt 0.452445 0.120352
vt 0.458023 0.155572
vt 0.434065 0.109707
vt 0.445593 0.103833
vt 0.440139 0.124351
vt 0.425788 0.096185
vt 0.415544 0.103628
vt 0.422784 0.115455
vt 0.428097 0.128264
vt 0.406534 0.093088
vt 0.395994 0.084077
vt 0.403436 0.073833
vt 0.389915 0.065556
vt 0.395788 0.054029
vt 0.379269 0.047177
vt 0.375271 0.059482
vt 0.359854 0.055789
vt 0.361877 0.043010
vt 0.281565 0.218056
vt 0.384167 0.076838
vt 0.371358 0.071525
vt 0.344049 0.041599
vt 0.292105 0.227067
vt 0.284663 0.237311
vt 0.298184 0.245588
vt 0.292310 0.257116
vt 0.308830 0.263968
vt 0.303932 0.234307
vt 0.316741 0.239620
vt 0.312828 0.251662
vt 0.328245 0.255356
vt 0.326221 0.268134
vt 0.344049 0.269546
vt 0.263464 0.074987
vt 0.272612 0.084135
vt 0.277057 0.063366
vt 0.262310 0.096185
vt 0.272555 0.103628
vt 0.265315 0.115455
vt 0.281565 0.093088
vt 0.292105 0.084077
vt 0.284663 0.073833
vt 0.298184 0.065556
vt 0.292310 0.054029
vt 0.308830 0.047177
vt 0.326221 0.043010
vt 0.328245 0.055789
vt 0.344049 0.054537
vt 0.312828 0.059482
vt 0.344049 0.256607
vt 0.359854 0.255356
vt 0.361877 0.268134
vt 0.379269 0.263968
vt 0.456611 0.173400
vt 0.443833 0.171376
vt 0.452445 0.190792
vt 0.445084 0.155572
vt 0.357873 0.068294
vt 0.344049 0.067200
vt 0.316741 0.071525
vt 0.303932 0.076838
vt 0.344049 0.243945
vt 0.432422 0.155572
vt 0.431327 0.141749
vt 0.431327 0.169396
vt 0.428097 0.182881
vt 0.440139 0.186794
vt 0.434065 0.201438
vt 0.445593 0.207311
vt 0.436256 0.222564
vt 0.330226 0.068294
vt 0.395788 0.257116
vt 0.389915 0.245588
vt 0.411041 0.247779
vt 0.375271 0.251662
vt 0.424635 0.236158
vt 0.415487 0.227009
vt 0.425788 0.214959
vt 0.357873 0.242850
vt 0.371358 0.239620
vt 0.415544 0.207516
vt 0.422784 0.195689
vt 0.406534 0.218056
vt 0.395994 0.227067
vt 0.403436 0.237311
vt 0.384167 0.234307
vt 0.330226 0.242850
vt 0.429855 0.946507
vt 0.412850 0.939030
vt 0.420861 0.934127
vt 0.427999 0.928024
vt 0.438819 0.938843
vt 0.419797 0.952664
vt 0.446483 0.929879
vt 0.408903 0.957183
vt 0.395041 0.944817
vt 0.404175 0.942629
vt 0.397434 0.959930
vt 0.403887 0.921440
vt 0.409255 0.918154
vt 0.398073 0.923851
vt 0.414039 0.914064
vt 0.418130 0.909279
vt 0.434103 0.920885
vt 0.385678 0.960861
vt 0.391952 0.925318
vt 0.421416 0.903911
vt 0.439006 0.912874
vt 0.452640 0.919821
vt 0.385678 0.925815
vt 0.423827 0.898097
vt 0.442605 0.904199
vt 0.457159 0.908927
vt 0.385678 0.945558
vt 0.376315 0.944817
vt 0.379403 0.925318
vt 0.444793 0.895065
vt 0.425294 0.891976
vt 0.459906 0.897458
vt 0.373282 0.923851
vt 0.425790 0.885702
vt 0.460837 0.885702
vt 0.445534 0.885702
vt 0.358506 0.939030
vt 0.367468 0.921440
vt 0.367181 0.942629
vt 0.444793 0.876339
vt 0.425294 0.879427
vt 0.362100 0.918154
vt 0.362452 0.957183
vt 0.373921 0.959930
vt 0.423827 0.873307
vt 0.350495 0.934127
vt 0.343356 0.928024
vt 0.357316 0.914064
vt 0.351559 0.952664
vt 0.341500 0.946507
vt 0.353226 0.909279
vt 0.332536 0.938843
vt 0.324873 0.929879
vt 0.337253 0.920885
vt 0.332349 0.912874
vt 0.349940 0.903911
vt 0.347529 0.898097
vt 0.318716 0.919821
vt 0.314197 0.908927
vt 0.328751 0.904199
vt 0.326563 0.895065
vt 0.346062 0.891976
vt 0.345565 0.885702
vt 0.311450 0.897459
vt 0.310519 0.885702
vt 0.325821 0.885702
vt 0.326563 0.876339
vt 0.346062 0.879427
vt 0.347529 0.873307
vt 0.332349 0.858530
vt 0.349940 0.867493
vt 0.328751 0.867205
vt 0.353226 0.862124
vt 0.314197 0.862476
vt 0.311450 0.873945
vt 0.318716 0.851583
vt 0.324873 0.841524
vt 0.337253 0.850519
vt 0.332536 0.832560
vt 0.343356 0.843380
vt 0.357316 0.857340
vt 0.341500 0.824897
vt 0.350495 0.837277
vt 0.362100 0.853250
vt 0.358506 0.832373
vt 0.351559 0.818740
vt 0.367468 0.849964
vt 0.362452 0.814221
vt 0.367181 0.828775
vt 0.373282 0.847553
vt 0.376315 0.826587
vt 0.379403 0.846086
vt 0.385678 0.845589
vt 0.373921 0.811474
vt 0.385678 0.810543
vt 0.395041 0.826587
vt 0.391952 0.846086
vt 0.385678 0.825845
vt 0.398073 0.847553
vt 0.397434 0.811474
vt 0.408903 0.814221
vt 0.404174 0.828775
vt 0.412850 0.832373
vt 0.419797 0.818740
vt 0.403887 0.849964
vt 0.420860 0.837277
vt 0.409255 0.853250
vt 0.429855 0.824897
vt 0.427999 0.843380
vt 0.438819 0.832560
vt 0.414039 0.857340
vt 0.434103 0.850519
vt 0.418130 0.862124
vt 0.446483 0.841524
vt 0.439006 0.858530
vt 0.452640 0.851583
vt 0.421416 0.867493
vt 0.457158 0.862477
vt 0.442605 0.867205
vt 0.459906 0.873945
vt 0.101456 0.414214
vt 0.137554 0.364529
vt 0.105635 0.427172
vt 0.087840 0.414243
vt 0.118576 0.422937
vt 0.126555 0.433969
vt 0.137554 0.425943
vt 0.148552 0.433969
vt 0.087869 0.400627
vt 0.079146 0.383507
vt 0.068113 0.375527
vt 0.156531 0.422937
vt 0.169472 0.427172
vt 0.173652 0.414214
vt 0.187267 0.414243
vt 0.076140 0.364529
vt 0.187238 0.400627
vt 0.200197 0.396447
vt 0.079146 0.345551
vt 0.074911 0.332611
vt 0.195961 0.383507
vt 0.206994 0.375527
vt 0.198967 0.364529
vt 0.206994 0.353531
vt 0.195961 0.345551
vt 0.200197 0.332611
vt 0.187238 0.328431
vt 0.187267 0.314815
vt 0.173652 0.314844
vt 0.169472 0.301886
vt 0.087869 0.328431
vt 0.101456 0.314844
vt 0.105635 0.301886
vt 0.118576 0.306121
vt 0.126555 0.295089
vt 0.321106 0.442539
vt 0.328372 0.454411
vt 0.347450 0.429116
vt 0.315773 0.429682
vt 0.351012 0.418232
vt 0.341732 0.411521
vt 0.312530 0.416146
vt 0.400138 0.402270
vt 0.348484 0.402270
vt 0.311431 0.402270
vt 0.369776 0.444059
vt 0.373292 0.454958
vt 0.341732 0.393020
vt 0.312530 0.388394
vt 0.351012 0.386308
vt 0.315773 0.374858
vt 0.384176 0.451396
vt 0.390887 0.460675
vt 0.347450 0.375424
vt 0.321106 0.362001
vt 0.358349 0.371909
vt 0.328372 0.350130
vt 0.400138 0.453924
vt 0.409388 0.460675
vt 0.358324 0.360457
vt 0.427550 0.486635
vt 0.416100 0.451396
vt 0.414013 0.489878
vt 0.426984 0.454958
vt 0.440407 0.481302
vt 0.369776 0.360481
vt 0.373292 0.349582
vt 0.452278 0.474035
vt 0.430499 0.444059
vt 0.384176 0.353144
vt 0.372726 0.317905
vt 0.441951 0.444084
vt 0.462858 0.464990
vt 0.390887 0.343865
vt 0.471903 0.454411
vt 0.441927 0.432631
vt 0.452826 0.429116
vt 0.400138 0.350616
vt 0.409388 0.343865
vt 0.484503 0.429682
vt 0.449264 0.418232
vt 0.416100 0.353144
vt 0.427550 0.317905
vt 0.414013 0.314662
vt 0.458543 0.411521
vt 0.487745 0.416146
vt 0.426984 0.349582
vt 0.488844 0.402270
vt 0.451792 0.402270
vt 0.430499 0.360481
vt 0.452278 0.330505
vt 0.458543 0.393020
vt 0.487745 0.388394
vt 0.441951 0.360457
vt 0.462858 0.339550
vt 0.441927 0.371909
vt 0.471903 0.350130
vt 0.011537 -0.466427
vt 0.011535 -0.468382
vt 0.011580 -0.426371
vt 0.084302 -0.468460
vt 0.047896 -0.489427
vt 0.082607 -0.469436
vt 0.049591 -0.488451
vt 1.011521 0.571596
vt 1.011519 0.573552
vt 1.011562 0.533496
vt 1.011564 0.531540
vt 1.049662 -0.488447
vt 1.082638 -0.469362
vt 1.084330 -0.468382
vt 0.035987 0.036045
vt 0.011940 0.083240
vt 0.046209 0.027306
vt 0.010878 0.096646
vt 0.057679 0.020285
vt 0.011940 0.110053
vt 0.015073 0.123132
vt 0.083181 0.011999
vt 0.020226 0.135555
vt 0.096588 0.010937
vt 0.027247 0.147025
vt 0.035987 0.157248
vt 0.070102 0.178161
vt 0.165928 0.046268
vt 0.123073 0.178161
vt 0.181236 0.083240
vt 0.135496 0.173008
vt 0.182297 0.096646
vt 0.146967 0.165987
vt 0.181236 0.110053
vt 0.157189 0.157248
vt 0.178102 0.123132
vt 0.165928 0.147025
vt 0.172950 0.135555
vt 0.337417 0.464990
vt 0.358324 0.444084
vt 0.347997 0.474035
vt 0.359869 0.481302
vt 0.372726 0.486635
vt 0.386262 0.489878
vt 0.400138 0.490977
vt 0.337417 0.339550
vt 0.347997 0.330505
vt 0.359869 0.323238
vt 0.386262 0.314662
vt 0.400138 0.313563
vt 0.479170 0.442539
vt 0.440407 0.323238
vt 0.484503 0.374858
vt 0.449264 0.386308
vt 0.479170 0.362001
vt 0.452826 0.375424
vt 0.454964 0.624622
vt 0.454964 0.643577
vt 0.442584 0.643577
vt 0.467343 0.624622
vt 0.467343 0.603384
vt 0.442584 0.624621
vt 0.454964 0.603384
vt 0.442584 0.603384
vt 0.454964 0.581020
vt 0.473532 0.581020
vt 0.479722 0.603384
vt 0.430205 0.624622
vt 0.430205 0.643577
vt 0.430205 0.603384
vt 0.436395 0.581020
vt 0.454964 0.554117
vt 0.492101 0.537260
vt 0.492101 0.603384
vt 0.479722 0.624622
vt 0.417826 0.624622
vt 0.417826 0.643577
vt 0.417826 0.603384
vt 0.417826 0.581020
vt 0.417826 0.537260
vt 0.492101 0.511280
vt 0.492101 0.624622
vt 0.479722 0.643577
vt 0.467343 0.643577
vt 0.405447 0.624622
vt 0.405447 0.643577
vt 0.405447 0.603384
vt 0.399257 0.581020
vt 0.380688 0.554117
vt 0.343551 0.537260
vt 0.492101 0.643577
vt 0.479722 0.658944
vt 0.467343 0.664067
vt 0.454964 0.664067
vt 0.442584 0.664067
vt 0.393068 0.603384
vt 0.393068 0.624622
vt 0.380688 0.581020
vt 0.362119 0.581020
vt 0.492101 0.658944
vt 0.454964 0.674490
vt 0.442584 0.684912
vt 0.430205 0.684912
vt 0.430205 0.664067
vt 0.380688 0.603384
vt 0.380688 0.624622
vt 0.368309 0.603384
vt 0.343551 0.581020
vt 0.355930 0.603384
vt 0.430205 0.699354
vt 0.417826 0.684912
vt 0.417826 0.713796
vt 0.417826 0.664067
vt 0.368309 0.624622
vt 0.355930 0.624622
vt 0.343551 0.603384
vt 0.343551 0.624622
vt 0.405447 0.684912
vt 0.405447 0.713796
vt 0.405447 0.727999
vt 0.405447 0.664067
vt 0.355930 0.643577
vt 0.368309 0.643577
vt 0.343551 0.643577
vt 0.331171 0.624622
vt 0.331171 0.643577
vt 0.393068 0.710491
vt 0.393068 0.742201
vt 0.393068 0.684912
vt 0.393068 0.664067
vt 0.393068 0.643577
vt 0.380688 0.643577
vt 0.380688 0.742201
vt 0.380688 0.755218
vt 0.380688 0.684912
vt 0.380688 0.664067
vt 0.380688 0.713796
vt 0.368309 0.664067
vt 0.368309 0.742201
vt 0.368309 0.768235
vt 0.368309 0.684912
vt 0.368309 0.716227
vt 0.355930 0.664067
vt 0.355930 0.742201
vt 0.355930 0.768235
vt 0.355930 0.717443
vt 0.343551 0.664067
vt 0.343551 0.684912
vt 0.343551 0.742201
vt 0.343551 0.768235
vt 0.343551 0.718658
vt 0.331171 0.664067
vt 0.331171 0.684912
vt 0.331171 0.717443
vt 0.331171 0.742201
vt 0.331171 0.768235
vt 0.318792 0.664067
vt 0.318792 0.684912
vt 0.318792 0.716227
vt 0.318792 0.742201
vt 0.318792 0.768235
vt 0.318792 0.643577
vt 0.306413 0.664067
vt 0.306413 0.684912
vt 0.306413 0.713796
vt 0.306413 0.742201
vt 0.306413 0.755218
vt 0.306413 0.643577
vt 0.318792 0.624622
vt 0.331171 0.603384
vt 0.294034 0.664067
vt 0.294034 0.684912
vt 0.294034 0.710491
vt 0.294034 0.742201
vt 0.294034 0.643577
vt 0.306413 0.624622
vt 0.318792 0.603384
vt 0.324982 0.581020
vt 0.281655 0.664067
vt 0.281655 0.684912
vt 0.281655 0.713796
vt 0.281655 0.727999
vt 0.281654 0.643577
vt 0.294034 0.624622
vt 0.306413 0.603384
vt 0.306413 0.581020
vt 0.306413 0.554117
vt 0.269275 0.664067
vt 0.269275 0.684912
vt 0.269275 0.713796
vt 0.269275 0.643577
vt 0.281654 0.624622
vt 0.294034 0.603384
vt 0.287844 0.581020
vt 0.269275 0.537260
vt 0.256896 0.664067
vt 0.256896 0.684912
vt 0.256896 0.699354
vt 0.256896 0.643577
vt 0.269275 0.624622
vt 0.281655 0.603384
vt 0.269275 0.581020
vt 0.250706 0.581020
vt 0.232138 0.554117
vt 0.244517 0.664067
vt 0.244517 0.684912
vt 0.244517 0.643577
vt 0.256896 0.624622
vt 0.269275 0.603384
vt 0.256896 0.603384
vt 0.244517 0.603384
vt 0.232138 0.581020
vt 0.213569 0.581020
vt 0.232138 0.664067
vt 0.232138 0.674490
vt 0.232138 0.643577
vt 0.244517 0.624622
vt 0.207379 0.603384
vt 0.195000 0.581020
vt 0.219758 0.603384
vt 0.232138 0.624622
vt 0.232138 0.603384
vt 0.219758 0.664067
vt 0.219758 0.643577
vt 0.207379 0.624622
vt 0.219758 0.624622
vt 0.207379 0.658944
vt 0.207379 0.643577
vt 1.132504 0.581599
vt 1.135348 0.592586
vt 1.133812 0.579133
vt 1.130456 0.570702
vt 1.136808 0.590095
vt 1.138295 0.597574
vt 1.139040 0.555096
vt 1.131352 0.555153
vt 1.139213 0.569874
vt 1.129629 0.555154
vt 1.141565 0.595386
vt 1.142205 0.600195
vt 1.146112 0.555095
vt 1.139612 0.536487
vt 1.133767 0.529086
vt 1.130218 0.539957
vt 1.146128 0.569608
vt 1.150729 0.595370
vt 1.146152 0.601174
vt 1.146096 0.536730
vt 1.141495 0.514646
vt 1.136748 0.519954
vt 1.132455 0.526625
vt 1.153043 0.569851
vt 1.155476 0.590062
vt 1.154002 0.597547
vt 1.150097 0.600181
vt 1.150659 0.514630
vt 1.152580 0.536464
vt 1.138222 0.512470
vt 1.153183 0.555095
vt 1.158457 0.579091
vt 1.156940 0.592548
vt 1.155415 0.519921
vt 1.158412 0.529044
vt 1.142126 0.509835
vt 1.160872 0.555151
vt 1.161961 0.570651
vt 1.159769 0.581552
vt 1.156875 0.517431
vt 1.153929 0.512443
vt 1.159720 0.526578
vt 1.161978 0.539905
vt 1.146072 0.508842
vt 1.162595 0.555151
vt 1.150019 0.509822
vt 0.132504 0.581599
vt 0.133812 0.579133
vt 0.135348 0.592586
vt 0.130456 0.570702
vt 0.131352 0.555153
vt 0.139040 0.555096
vt 0.139213 0.569874
vt 0.136808 0.590095
vt 0.138295 0.597574
vt 0.129628 0.555154
vt 0.133767 0.529086
vt 0.130218 0.539957
vt 0.139612 0.536487
vt 0.146112 0.555095
vt 0.146128 0.569608
vt 0.141565 0.595386
vt 0.142205 0.600195
vt 0.136748 0.519954
vt 0.135283 0.517468
vt 0.132455 0.526625
vt 0.141495 0.514646
vt 0.146096 0.536730
vt 0.153043 0.569851
vt 0.150729 0.595370
vt 0.146152 0.601174
vt 0.138222 0.512470
vt 0.150659 0.514630
vt 0.146072 0.508842
vt 0.142126 0.509835
vt 0.152580 0.536464
vt 0.155476 0.590062
vt 0.154002 0.597547
vt 0.150098 0.600181
vt 0.153929 0.512443
vt 0.155415 0.519921
vt 0.150019 0.509822
vt 0.158412 0.529044
vt 0.153183 0.555095
vt 0.158457 0.579091
vt 0.156941 0.592548
vt 0.156875 0.517431
vt 0.159720 0.526578
vt 0.160872 0.555151
vt 0.161977 0.539905
vt 0.161961 0.570651
vt 0.159769 0.581552
vt 0.162595 0.555151
vt 0.215864 0.863859
vt 0.215864 0.882494
vt 0.203018 0.882494
vt 0.203018 0.902955
vt 0.190172 0.902955
vt 0.190172 0.882494
vt 0.203018 0.863859
vt 0.196595 0.863859
vt 0.228710 0.882494
vt 0.215864 0.902955
vt 0.203018 0.924921
vt 0.190172 0.924921
vt 0.177326 0.924921
vt 0.177326 0.902955
vt 0.177326 0.882494
vt 0.228710 0.902955
vt 0.215864 0.924921
vt 0.190172 0.944679
vt 0.203018 0.944679
vt 0.177326 0.944679
vt 0.164480 0.944679
vt 0.164480 0.924921
vt 0.164480 0.902955
vt 0.235133 0.863859
vt 0.241556 0.863859
vt 0.215864 0.944679
vt 0.228710 0.924921
vt 0.190172 0.951614
vt 0.203018 0.951614
vt 0.151635 0.944679
vt 0.151635 0.924921
vt 0.151635 0.902955
vt 0.164480 0.882494
vt 0.241556 0.882494
vt 0.247979 0.863859
vt 0.138789 0.944679
vt 0.138789 0.924921
vt 0.138789 0.902955
vt 0.151635 0.882494
vt 0.164481 0.863859
vt 0.170903 0.863859
vt 0.254401 0.882494
vt 0.241556 0.902955
vt 0.125943 0.944679
vt 0.125943 0.924921
vt 0.125943 0.902955
vt 0.138789 0.882494
vt 0.158057 0.863859
vt 0.241556 0.924921
vt 0.254401 0.902955
vt 0.228710 0.944679
vt 0.113097 0.944679
vt 0.113097 0.924921
vt 0.241556 0.944679
vt 0.254401 0.924921
vt 0.267247 0.902955
vt 0.215864 0.951614
vt 0.145212 0.863859
vt 0.138789 0.863859
vt 0.228710 0.951614
vt 0.241556 0.951614
vt 0.254401 0.944679
vt 0.190172 0.992317
vt 0.203018 0.992317
vt 0.125943 0.882494
vt 0.254401 0.951614
vt 0.177326 0.992317
vt 0.177326 0.951614
vt 0.215864 0.992317
vt 0.113097 0.902955
vt 0.113097 0.882494
vt 0.164480 0.992317
vt 0.164480 0.951614
vt 0.228710 0.992317
vt 0.100251 0.944679
vt 0.100251 0.924921
vt 0.100251 0.902955
vt 0.267247 0.951614
vt 0.254401 0.992317
vt 0.267247 0.992317
vt 0.151635 0.992317
vt 0.241556 0.992317
vt 0.087405 0.944679
vt 0.087405 0.924921
vt 0.138789 0.992317
vt 0.151635 0.951614
vt 0.087405 0.951614
vt 0.074560 0.951614
vt 0.074560 0.944679
vt 0.100251 0.882494
vt 0.113097 0.863859
vt 0.106674 0.863859
vt 0.125943 0.992317
vt 0.138789 0.951614
vt 0.100251 0.951614
vt 0.087405 0.902955
vt 0.087405 0.882494
vt 0.100251 0.863859
vt 0.113097 0.992317
vt 0.125943 0.951614
vt 0.113097 0.951614
vt 0.100251 0.992317
vt 0.087405 0.992317
vt 0.074560 0.924921
vt 0.074560 0.902955
vt 0.093828 0.863859
vt 0.074560 0.992317
vt 0.061714 0.951614
vt 0.061714 0.944679
vt 0.061714 0.924921
vt 0.061714 0.902955
vt 0.074560 0.882494
vt 0.061714 0.992317
vt 0.048868 0.992317
vt 0.048868 0.951614
vt 0.048868 0.944679
vt 0.048868 0.924921
vt 0.048868 0.902955
vt 0.061714 0.882494
vt 0.074560 0.863859
vt 0.036022 0.992317
vt 0.036022 0.951614
vt 0.036022 0.944679
vt 0.036022 0.924921
vt 0.036022 0.902955
vt 0.048868 0.882494
vt 0.068137 0.863859
vt 0.023176 0.992317
vt 0.023176 0.951614
vt 0.023176 0.944679
vt 0.023176 0.924921
vt 0.023176 0.902955
vt 0.036022 0.882494
vt 0.048868 0.863859
vt 0.010330 0.944679
vt 0.010330 0.924921
vt 0.023176 0.882494
vt 0.036022 0.863859
vt 0.042445 0.863859
vt 0.010330 0.882494
vt 0.023176 0.863859
vt 0.013542 0.863859
vt 0.016753 0.863859
vt 0.506064 0.307023
vt 0.535770 0.332334
vt 0.506063 0.332334
vt 0.535770 0.307013
vt 0.506014 0.281835
vt 0.542149 0.332334
vt 0.542149 0.307013
vt 0.535751 0.281834
vt 0.506013 0.256427
vt 0.547845 0.332334
vt 0.547845 0.307023
vt 0.542160 0.281833
vt 0.535751 0.256427
vt 0.555412 0.332334
vt 0.555412 0.307023
vt 0.547853 0.281833
vt 0.542160 0.256427
vt 0.562225 0.332334
vt 0.562225 0.307014
vt 0.555400 0.281833
vt 0.547853 0.256427
vt 0.569173 0.332334
vt 0.569173 0.307021
vt 0.562207 0.281834
vt 0.555400 0.256427
vt 0.576155 0.332334
vt 0.576155 0.307017
vt 0.569162 0.281834
vt 0.562207 0.256427
vt 0.646259 0.332334
vt 0.646259 0.307018
vt 0.576155 0.281833
vt 0.569162 0.256427
vt 0.669441 0.332335
vt 0.669441 0.307124
vt 0.646259 0.281833
vt 0.576155 0.256427
vt 0.689310 0.332335
vt 0.689310 0.307122
vt 0.669447 0.281844
vt 0.646259 0.256427
vt 0.710670 0.332335
vt 0.710670 0.307120
vt 0.689311 0.281844
vt 0.669447 0.256429
vt 0.739004 0.332334
vt 0.739004 0.307116
vt 0.710662 0.281844
vt 0.689311 0.256429
vt 0.763065 0.332335
vt 0.763065 0.307110
vt 0.738992 0.281844
vt 0.710661 0.256429
vt 0.777153 0.332335
vt 0.777154 0.307119
vt 0.763063 0.281843
vt 0.738992 0.256429
vt 0.787592 0.332335
vt 0.787592 0.307138
vt 0.777179 0.281843
vt 0.763063 0.256429
vt 0.803162 0.332335
vt 0.803162 0.307128
vt 0.787587 0.281844
vt 0.777178 0.256429
vt 0.819283 0.332334
vt 0.819283 0.307096
vt 0.803173 0.281844
vt 0.787587 0.256430
vt 0.830840 0.332334
vt 0.830840 0.307070
vt 0.819273 0.281841
vt 0.803173 0.256429
vt 0.845496 0.332334
vt 0.845496 0.307056
vt 0.830843 0.281840
vt 0.819273 0.256429
vt 0.856540 0.332334
vt 0.856540 0.307023
vt 0.845487 0.281841
vt 0.830843 0.256429
vt 0.867099 0.332334
vt 0.867099 0.307020
vt 0.856572 0.281840
vt 0.845486 0.256429
vt 0.876484 0.306989
vt 0.876484 0.332334
vt 0.867047 0.281838
vt 0.856572 0.256428
vt 0.876484 0.281838
vt 0.887065 0.307034
vt 0.887065 0.332334
vt 0.867047 0.256428
vt 0.876484 0.256428
vt 0.887004 0.281839
vt 0.898430 0.307029
vt 0.898430 0.332334
vt 0.887005 0.256428
vt 0.898435 0.281838
vt 0.908099 0.332334
vt 0.908099 0.307012
vt 0.898435 0.256428
vt 0.908108 0.281835
vt 0.919738 0.332334
vt 0.919738 0.306988
vt 0.908108 0.256427
vt 0.919734 0.281835
vt 0.930536 0.332334
vt 0.930536 0.306993
vt 0.919734 0.256427
vt 0.930538 0.281833
vt 0.972945 0.332334
vt 0.972945 0.306987
vt 0.930538 0.256427
vt 0.972943 0.281832
vt 0.983353 0.409082
vt 0.972945 0.409429
vt 0.983351 0.332679
vt 0.978314 0.306987
vt 0.972943 0.256426
vt 0.978271 0.281832
vt 0.989605 0.333135
vt 0.983404 0.486001
vt 0.978318 0.434776
vt 0.972945 0.434775
vt 0.930536 0.409428
vt 0.978275 0.459930
vt 0.972943 0.459930
vt 0.930536 0.434770
vt 0.919738 0.409428
vt 0.930538 0.459930
vt 0.919738 0.434774
vt 0.908099 0.409428
vt 0.930538 0.485336
vt 0.919735 0.485335
vt 0.919734 0.459927
vt 0.908099 0.434750
vt 0.898430 0.409428
vt 0.908108 0.485335
vt 0.908108 0.459927
vt 0.898430 0.434733
vt 0.887065 0.409428
vt 0.898435 0.485334
vt 0.898435 0.459925
vt 0.887065 0.434728
vt 0.876484 0.409428
vt 0.887005 0.485334
vt 0.887005 0.459924
vt 0.876484 0.434773
vt 0.867099 0.409428
vt 0.876484 0.485335
vt 0.876484 0.459925
vt 0.867099 0.434743
vt 0.856540 0.409428
vt 0.867047 0.485334
vt 0.867047 0.459924
vt 0.856540 0.434740
vt 0.845496 0.409428
vt 0.856572 0.485334
vt 0.856572 0.459923
vt 0.845496 0.434706
vt 0.830840 0.409428
vt 0.845486 0.485334
vt 0.845487 0.459921
vt 0.830840 0.434693
vt 0.819283 0.409428
vt 0.830843 0.485334
vt 0.830843 0.459922
vt 0.819283 0.434667
vt 0.803162 0.409428
vt 0.819273 0.485334
vt 0.819273 0.459922
vt 0.803162 0.434635
vt 0.787592 0.409427
vt 0.803173 0.485333
vt 0.803173 0.459918
vt 0.787592 0.434625
vt 0.777151 0.409428
vt 0.787587 0.485333
vt 0.787587 0.459919
vt 0.777151 0.434643
vt 0.763065 0.409428
vt 0.777177 0.485333
vt 0.777176 0.459919
vt 0.763065 0.434653
vt 0.739004 0.409428
vt 0.763063 0.485333
vt 0.763063 0.459919
vt 0.739004 0.434646
vt 0.710670 0.409428
vt 0.738992 0.485333
vt 0.738992 0.459918
vt 0.710670 0.434642
vt 0.689310 0.409428
vt 0.710661 0.485333
vt 0.710661 0.459918
vt 0.689310 0.434640
vt 0.669441 0.409428
vt 0.689311 0.485333
vt 0.689311 0.459918
vt 0.669441 0.434638
vt 0.646259 0.409429
vt 0.669447 0.485333
vt 0.669447 0.459918
vt 0.646259 0.434745
vt 0.576155 0.409428
vt 0.646259 0.485335
vt 0.646259 0.459929
vt 0.576155 0.434745
vt 0.569173 0.409428
vt 0.576155 0.485335
vt 0.576155 0.459929
vt 0.569173 0.434741
vt 0.562225 0.409428
vt 0.569162 0.485335
vt 0.569162 0.459929
vt 0.562225 0.434749
vt 0.555412 0.409428
vt 0.562207 0.485335
vt 0.562207 0.459928
vt 0.555412 0.434740
vt 0.547845 0.409428
vt 0.555400 0.485335
vt 0.555400 0.459929
vt 0.547845 0.434740
vt 0.542149 0.409428
vt 0.547853 0.485335
vt 0.547853 0.459929
vt 0.542149 0.434749
vt 0.535770 0.409428
vt 0.542160 0.485335
vt 0.542160 0.459929
vt 0.535770 0.434749
vt 0.506061 0.409428
vt 0.535751 0.485335
vt 0.535751 0.459929
vt 0.506060 0.434740
vt 0.506010 0.459928
vt 0.506011 0.485335
vt 1.506064 0.307023
vt 1.535770 0.332334
vt 1.535770 0.307013
vt 1.506063 0.332334
vt 1.542149 0.307013
vt 1.535751 0.281834
vt 1.542149 0.332334
vt 1.547845 0.307023
vt 1.542160 0.281833
vt 1.547845 0.332334
vt 1.535751 0.256427
vt 1.506013 0.256427
vt 1.555412 0.307023
vt 1.547853 0.281833
vt 1.555412 0.332334
vt 1.542160 0.256427
vt 1.562225 0.307014
vt 1.555400 0.281833
vt 1.562225 0.332334
vt 1.547853 0.256427
vt 1.569173 0.307021
vt 1.562207 0.281834
vt 1.569173 0.332334
vt 1.555400 0.256427
vt 1.576155 0.307017
vt 1.569162 0.281834
vt 1.576155 0.332334
vt 1.562207 0.256427
vt 1.646259 0.307018
vt 1.576155 0.281833
vt 1.646259 0.332334
vt 1.569162 0.256427
vt 1.669441 0.307124
vt 1.646259 0.281833
vt 1.669441 0.332335
vt 1.576155 0.256427
vt 1.689310 0.307122
vt 1.669447 0.281844
vt 1.689310 0.332335
vt 1.646259 0.256427
vt 1.710670 0.307120
vt 1.689311 0.281844
vt 1.710670 0.332335
vt 1.669447 0.256430
vt 1.739004 0.307116
vt 1.710662 0.281844
vt 1.739004 0.332334
vt 1.689311 0.256430
vt 1.763065 0.307110
vt 1.738992 0.281844
vt 1.763065 0.332335
vt 1.710662 0.256429
vt 1.777154 0.307119
vt 1.763064 0.281843
vt 1.777153 0.332335
vt 1.738992 0.256429
vt 1.787591 0.307138
vt 1.777179 0.281843
vt 1.787591 0.332335
vt 1.763064 0.256429
vt 1.803162 0.307128
vt 1.787587 0.281844
vt 1.803162 0.332335
vt 1.777179 0.256429
vt 1.819283 0.307096
vt 1.803173 0.281844
vt 1.819283 0.332334
vt 1.787587 0.256430
vt 1.830840 0.307070
vt 1.819273 0.281841
vt 1.830840 0.332334
vt 1.803173 0.256429
vt 1.845496 0.307056
vt 1.830843 0.281840
vt 1.845496 0.332334
vt 1.819273 0.256429
vt 1.856540 0.332334
vt 1.856540 0.307023
vt 1.845487 0.281841
vt 1.830843 0.256429
vt 1.867099 0.332334
vt 1.867099 0.307020
vt 1.856572 0.281840
vt 1.845486 0.256429
vt 1.876484 0.332334
vt 1.876484 0.306989
vt 1.867046 0.281838
vt 1.856572 0.256428
vt 1.887065 0.332334
vt 1.887064 0.307034
vt 1.876484 0.281838
vt 1.867046 0.256428
vt 1.898430 0.332334
vt 1.898430 0.307029
vt 1.887004 0.281839
vt 1.876484 0.256428
vt 1.908099 0.332334
vt 1.908099 0.307012
vt 1.898435 0.281838
vt 1.887005 0.256428
vt 1.919738 0.332334
vt 1.919738 0.306988
vt 1.908108 0.281835
vt 1.898435 0.256428
vt 1.930536 0.332334
vt 1.930536 0.306992
vt 1.919734 0.281835
vt 1.908108 0.256427
vt 1.972945 0.332334
vt 1.972945 0.306987
vt 1.930538 0.281833
vt 1.919734 0.256427
vt 1.972945 0.409429
vt 1.983353 0.409083
vt 1.983351 0.332680
vt 1.978314 0.306987
vt 1.972943 0.281832
vt 1.930538 0.256427
vt 1.978318 0.434776
vt 1.972945 0.434775
vt 1.930536 0.409428
vt 1.983404 0.486001
vt 1.983406 0.255761
vt 1.978271 0.281832
vt 1.972943 0.256426
vt 1.978275 0.459930
vt 1.972943 0.459930
vt 1.930536 0.434770
vt 1.919738 0.409428
vt 1.930538 0.459929
vt 1.919738 0.434774
vt 1.908099 0.409428
vt 1.919734 0.459927
vt 1.919734 0.485335
vt 1.930538 0.485336
vt 1.908099 0.434750
vt 1.898430 0.409428
vt 1.908108 0.459927
vt 1.908108 0.485335
vt 1.898430 0.434733
vt 1.887065 0.409428
vt 1.898435 0.459924
vt 1.898435 0.485334
vt 1.887065 0.434728
vt 1.876484 0.409428
vt 1.887005 0.459924
vt 1.887005 0.485334
vt 1.876484 0.434773
vt 1.867099 0.409428
vt 1.876484 0.459924
vt 1.876484 0.485335
vt 1.867099 0.434743
vt 1.856540 0.409428
vt 1.867047 0.459924
vt 1.867047 0.485334
vt 1.856540 0.434739
vt 1.845496 0.409428
vt 1.856572 0.459923
vt 1.856572 0.485334
vt 1.845496 0.434706
vt 1.830840 0.409428
vt 1.845486 0.485334
vt 1.845487 0.459921
vt 1.830840 0.434693
vt 1.819283 0.409428
vt 1.830843 0.485334
vt 1.830843 0.459922
vt 1.819283 0.434667
vt 1.803162 0.409428
vt 1.819273 0.485333
vt 1.819273 0.459922
vt 1.803162 0.434634
vt 1.787592 0.409427
vt 1.803173 0.485333
vt 1.803173 0.459919
vt 1.787592 0.434624
vt 1.777151 0.409428
vt 1.787587 0.485333
vt 1.787587 0.459919
vt 1.777151 0.434643
vt 1.763065 0.409428
vt 1.777177 0.485333
vt 1.777176 0.459919
vt 1.763065 0.434653
vt 1.739004 0.409428
vt 1.763064 0.485333
vt 1.763064 0.459919
vt 1.739004 0.434646
vt 1.710670 0.409428
vt 1.738992 0.485333
vt 1.738992 0.459918
vt 1.710670 0.434642
vt 1.689310 0.409428
vt 1.710662 0.485332
vt 1.710662 0.459918
vt 1.689310 0.434640
vt 1.669441 0.409428
vt 1.689311 0.485333
vt 1.689311 0.459918
vt 1.669441 0.434638
vt 1.646259 0.409428
vt 1.669447 0.485333
vt 1.669447 0.459918
vt 1.646259 0.434745
vt 1.576155 0.409428
vt 1.646259 0.485335
vt 1.646259 0.459929
vt 1.576155 0.434745
vt 1.569173 0.409428
vt 1.576155 0.485335
vt 1.576155 0.459929
vt 1.569173 0.434741
vt 1.562225 0.409428
vt 1.569162 0.485335
vt 1.569162 0.459929
vt 1.562225 0.434749
vt 1.555412 0.409428
vt 1.562207 0.485335
vt 1.562207 0.459928
vt 1.555412 0.434740
vt 1.547845 0.409428
vt 1.555400 0.485335
vt 1.555400 0.459929
vt 1.547845 0.434740
vt 1.542149 0.409428
vt 1.547853 0.485335
vt 1.547853 0.459929
vt 1.542149 0.434749
vt 1.535770 0.409428
vt 1.542160 0.485335
vt 1.542160 0.459929
vt 1.535770 0.434749
vt 1.506061 0.409428
vt 1.535751 0.485335
vt 1.535751 0.459929
vt 1.506060 0.434740
vt 1.506011 0.485335
vt 1.506010 0.459928
vt 0.809941 0.936458
vt 0.812152 0.943263
vt 0.750000 0.953107
vt 0.864015 0.908906
vt 0.838756 0.874140
vt 0.796662 0.895588
vt 0.750000 0.945951
vt 0.814772 0.951328
vt 0.750000 0.961587
vt 0.868221 0.914695
vt 0.685228 0.951328
vt 0.687848 0.943263
vt 0.906928 0.865993
vt 0.872162 0.840734
vt 0.750000 0.751157
vt 0.750000 0.902979
vt 0.690059 0.936458
vt 0.750000 0.992517
vt 0.675669 0.980745
vt 0.912717 0.870199
vt 0.873205 0.921555
vt 0.626795 0.921555
vt 0.631779 0.914695
vt 0.893610 0.798640
vt 0.934479 0.811919
vt 0.703338 0.895588
vt 0.635986 0.908906
vt 0.824330 0.980745
vt 0.608615 0.946579
vt 0.580423 0.875183
vt 0.587283 0.870199
vt 0.901000 0.751978
vt 0.661244 0.874140
vt 0.593073 0.865993
vt 0.891385 0.946579
vt 0.555400 0.893364
vt 0.558715 0.814130
vt 0.550650 0.816751
vt 0.893610 0.705316
vt 0.943973 0.751978
vt 0.627838 0.840734
vt 0.565521 0.811919
vt 0.919577 0.875183
vt 0.944600 0.893364
vt 0.521234 0.826309
vt 0.872162 0.663222
vt 0.934479 0.692037
vt 0.941285 0.814130
vt 0.606390 0.798640
vt 0.949350 0.816751
vt 0.978766 0.826309
vt 0.509461 0.751978
vt 0.838756 0.629816
vt 0.906928 0.637964
vt 0.941285 0.689826
vt 0.951129 0.751978
vt 0.556027 0.751978
vt 0.599000 0.751978
vt 0.959608 0.751978
vt 0.990539 0.751978
vt 0.912717 0.633758
vt 0.949350 0.687206
vt 0.548871 0.751978
vt 0.558715 0.689826
vt 0.565521 0.692037
vt 0.606390 0.705316
vt 0.978766 0.677648
vt 0.864015 0.595051
vt 0.868221 0.589262
vt 0.919577 0.628773
vt 0.540392 0.751978
vt 0.550650 0.687206
vt 0.587283 0.633758
vt 0.593073 0.637964
vt 0.627838 0.663222
vt 0.944600 0.610593
vt 0.873205 0.582401
vt 0.521234 0.677648
vt 0.555400 0.610593
vt 0.580423 0.628773
vt 0.635985 0.595051
vt 0.661244 0.629816
vt 0.891385 0.557378
vt 0.814773 0.552629
vt 0.812152 0.560693
vt 0.796662 0.608368
vt 0.608615 0.557378
vt 0.690059 0.567499
vt 0.703338 0.608368
vt 0.824331 0.523212
vt 0.809941 0.567499
vt 0.750000 0.600978
vt 0.675669 0.523212
vt 0.626795 0.582401
vt 0.631779 0.589262
vt 0.750000 0.558005
vt 0.750000 0.542370
vt 0.750000 0.511439
vt 0.685227 0.552629
vt 0.687848 0.560693
vt 0.750000 0.550850
vt 0.953573 0.021428
vt 0.912861 0.021428
vt 0.953573 0.015206
vt 0.912861 0.034400
vt 0.953573 0.034400
vt 0.953573 0.041752
vt 0.912861 0.041752
vt 0.872150 0.034400
vt 0.872150 0.021428
vt 0.912861 0.015206
vt 0.953573 0.003863
vt 0.872150 0.041752
vt 0.912861 0.050262
vt 0.953573 0.050262
vt 0.994284 0.041752
vt 0.872150 0.050262
vt 0.994284 0.050262
vt 0.831439 0.041752
vt 0.831439 0.034400
vt 0.831439 0.021428
vt 0.872150 0.015206
vt 0.912861 0.003863
vt 0.831439 0.050262
vt 0.912861 0.056233
vt 0.872150 0.056233
vt 0.953573 0.056233
vt 0.831439 0.056233
vt 0.790727 0.034400
vt 0.790727 0.041752
vt 0.831439 0.015206
vt 0.872150 0.003863
vt 0.790727 0.056233
vt 0.790727 0.050262
vt 0.994284 0.184484
vt 0.953573 0.184484
vt 0.750016 0.041752
vt 0.750016 0.050262
vt 0.831439 0.003863
vt 0.790727 0.021428
vt 0.790727 0.015206
vt 0.750016 0.056233
vt 0.953573 0.190454
vt 0.994284 0.190454
vt 0.912861 0.190454
vt 0.912861 0.184484
vt 0.790727 0.003863
vt 0.750016 0.034400
vt 0.750016 0.021428
vt 0.750016 0.015206
vt 0.912861 0.198964
vt 0.953573 0.198964
vt 0.750016 0.003863
vt 0.709305 0.041752
vt 0.709305 0.034400
vt 0.709305 0.021428
vt 0.709305 0.015206
vt 0.912861 0.206316
vt 0.953573 0.206316
vt 0.872150 0.184484
vt 0.709305 0.003863
vt 0.709305 0.050262
vt 0.668593 0.021428
vt 0.668593 0.015206
vt 0.912861 0.219288
vt 0.953573 0.219288
vt 0.994284 0.206316
vt 0.994284 0.219288
vt 0.872150 0.190454
vt 0.831439 0.184484
vt 0.668593 0.003863
vt 0.709305 0.056233
vt 0.912861 0.225510
vt 0.953573 0.225510
vt 0.994284 0.225510
vt 0.872150 0.198964
vt 0.790727 0.184484
vt 0.627882 0.015206
vt 0.627882 0.003863
vt 0.750016 0.184484
vt 0.912861 0.236853
vt 0.953573 0.236853
vt 0.994284 0.236853
vt 0.872150 0.206316
vt 0.750016 0.190454
vt 0.790727 0.190454
vt 0.627882 0.021428
vt 0.587170 0.015206
vt 0.587170 0.003863
vt 0.872150 0.236853
vt 0.872150 0.219288
vt 0.831439 0.190454
vt 0.668593 0.034400
vt 0.627882 0.034400
vt 0.546459 0.015206
vt 0.546459 0.003863
vt 0.831439 0.236853
vt 0.872150 0.225510
vt 0.790727 0.198964
vt 0.831439 0.198964
vt 0.505748 0.015206
vt 0.505748 0.003863
vt 0.790727 0.236853
vt 0.831439 0.225510
vt 0.750016 0.198964
vt 0.790727 0.206316
vt 0.831439 0.206316
vt 0.668593 0.041752
vt 0.505748 0.021428
vt 0.831439 0.219288
vt 0.709305 0.190454
vt 0.709305 0.198964
vt 0.668593 0.050262
vt 0.627882 0.041752
vt 0.546459 0.021428
vt 0.505748 0.034400
vt 0.709305 0.184484
vt 0.668593 0.056233
vt 0.627882 0.050262
vt 0.627882 0.056233
vt 0.587170 0.021428
vt 0.546459 0.034400
vt 0.790727 0.219288
vt 0.668593 0.184484
vt 0.627882 0.184484
vt 0.587170 0.056233
vt 0.587170 0.034400
vt 0.546459 0.041752
vt 0.750016 0.219288
vt 0.750016 0.206316
vt 0.790727 0.225510
vt 0.587170 0.041752
vt 0.546459 0.050262
vt 0.709305 0.219288
vt 0.709305 0.206316
vt 0.750016 0.225510
vt 0.750016 0.236853
vt 0.587170 0.050262
vt 0.546459 0.056233
vt 0.505748 0.056233
vt 0.546459 0.184484
vt 0.668593 0.206316
vt 0.668593 0.219288
vt 0.709305 0.236853
vt 0.709305 0.225510
vt 0.587170 0.184484
vt 0.546459 0.190454
vt 0.668593 0.198964
vt 0.668593 0.236853
vt 0.668593 0.225510
vt 0.587170 0.190454
vt 0.546459 0.198964
vt 0.505748 0.198964
vt 0.668593 0.190454
vt 0.627882 0.236853
vt 0.627882 0.225510
vt 0.627882 0.190454
vt 0.587170 0.198964
vt 0.546459 0.206316
vt 0.627882 0.198964
vt 0.587170 0.236853
vt 0.627882 0.219288
vt 0.587170 0.225510
vt 0.587170 0.206316
vt 0.546459 0.219288
vt 0.627882 0.206316
vt 0.546459 0.236853
vt 0.587170 0.219288
vt 0.546459 0.225510
vt 0.084302 0.531540
vt 0.084347 0.573552
vt 0.084304 0.533496
vt 0.047986 0.594597
vt 0.082654 0.574532
vt 0.073297 0.568617
vt 0.074534 0.567902
vt 0.084345 0.571596
vt 0.074502 0.538640
vt 0.049678 0.593617
vt 0.011580 0.573629
vt 0.046291 0.593620
vt 0.046733 0.582562
vt 0.047971 0.583275
vt 0.049208 0.582559
vt 0.072110 0.566506
vt 0.074532 0.566473
vt 0.072081 0.538612
vt 0.074501 0.537211
vt 0.013275 0.574606
vt 0.022615 0.568671
vt 0.047968 0.580478
vt 0.047939 0.552585
vt 0.047909 0.524691
vt 0.073263 0.536498
vt 0.082607 0.530564
vt 0.021377 0.567958
vt 0.023797 0.566557
vt 0.023767 0.538664
vt 0.046670 0.522610
vt 0.047906 0.521895
vt 0.049144 0.522608
vt 0.049591 0.511549
vt 0.021375 0.566529
vt 0.011578 0.571674
vt 0.011535 0.531618
vt 0.021346 0.538697
vt 0.021344 0.537268
vt 0.022581 0.536552
vt 0.046204 0.511553
vt 0.047896 0.510573
vt 0.013228 0.530638
vt 0.011537 0.533573
vt 0.047986 -0.405403
vt 0.084347 -0.426448
vt 0.049678 -0.406383
vt 0.049208 -0.417441
vt 0.047971 -0.416725
vt 0.046291 -0.406379
vt 0.013275 -0.425394
vt 0.022615 -0.431329
vt 0.082654 -0.425468
vt 0.084345 -0.428404
vt 0.074532 -0.433527
vt 0.074533 -0.432098
vt 0.073297 -0.431383
vt 0.047968 -0.419522
vt 0.046733 -0.417438
vt 0.023797 -0.433443
vt 0.021377 -0.432042
vt 0.084304 -0.466504
vt 0.074502 -0.461360
vt 0.072110 -0.433494
vt 0.047939 -0.447415
vt 0.023767 -0.461336
vt 0.021375 -0.433471
vt 0.074501 -0.462788
vt 0.072081 -0.461388
vt 0.047909 -0.475309
vt 0.022581 -0.463448
vt 0.021344 -0.462732
vt 0.021346 -0.461303
vt 0.073263 -0.463502
vt 0.049144 -0.477392
vt 0.047906 -0.478105
vt 0.046670 -0.477390
vt 0.013228 -0.469362
vt 0.046204 -0.488447
vt 0.994284 -1.978571
vt 0.953573 -1.965600
vt 0.953573 -1.978571
vt 0.994284 -1.965600
vt 0.912861 -1.978571
vt 0.953573 -1.984794
vt 0.912861 -1.965600
vt 0.953573 -1.958248
vt 0.912861 -1.958248
vt 0.872150 -1.965600
vt 0.872150 -1.978571
vt 0.912861 -1.984794
vt 0.953573 -1.996137
vt 0.872150 -1.958248
vt 0.912861 -1.949738
vt 0.953573 -1.949738
vt 0.872150 -1.949738
vt 0.831439 -1.958248
vt 0.831439 -1.965600
vt 0.831439 -1.978571
vt 0.872150 -1.984794
vt 0.912861 -1.996137
vt 0.831439 -1.949738
vt 0.912861 -1.943768
vt 0.872150 -1.943768
vt 0.953573 -1.943768
vt 0.994284 -1.949738
vt 0.831439 -1.943768
vt 0.790727 -1.965600
vt 0.790727 -1.958248
vt 0.831439 -1.984794
vt 0.872150 -1.996137
vt 0.790727 -1.943768
vt 0.790727 -1.949738
vt 0.953573 -1.815516
vt 0.750016 -1.958248
vt 0.750016 -1.949738
vt 0.831439 -1.996137
vt 0.790727 -1.978571
vt 0.790727 -1.984794
vt 0.750016 -1.943768
vt 0.912861 -1.809546
vt 0.912861 -1.815516
vt 0.953573 -1.809546
vt 0.790727 -1.996137
vt 0.750016 -1.965600
vt 0.750016 -1.978571
vt 0.750016 -1.984794
vt 0.912861 -1.801036
vt 0.953573 -1.801036
vt 0.750016 -1.996137
vt 0.709305 -1.958248
vt 0.709305 -1.965600
vt 0.709305 -1.978571
vt 0.709305 -1.984794
vt 0.912861 -1.793684
vt 0.953573 -1.793684
vt 0.872150 -1.815516
vt 0.709305 -1.996137
vt 0.709305 -1.949738
vt 0.668593 -1.978571
vt 0.668593 -1.984794
vt 0.912861 -1.780712
vt 0.953573 -1.780712
vt 0.994284 -1.793684
vt 0.994284 -1.780712
vt 0.872150 -1.809546
vt 0.831439 -1.815516
vt 0.668593 -1.996137
vt 0.709305 -1.943768
vt 0.912861 -1.774490
vt 0.953573 -1.774490
vt 0.994284 -1.774490
vt 0.872150 -1.801036
vt 0.790727 -1.815516
vt 0.627882 -1.984794
vt 0.627882 -1.996137
vt 0.750016 -1.815516
vt 0.912861 -1.763147
vt 0.953573 -1.763147
vt 0.872150 -1.793684
vt 0.750016 -1.809546
vt 0.790727 -1.809546
vt 0.627882 -1.978571
vt 0.587170 -1.984794
vt 0.587170 -1.996137
vt 0.872150 -1.763147
vt 0.872150 -1.780712
vt 0.831439 -1.809546
vt 0.668593 -1.965600
vt 0.627882 -1.965600
vt 0.546459 -1.984794
vt 0.546459 -1.996137
vt 0.831439 -1.763147
vt 0.872150 -1.774490
vt 0.790727 -1.801036
vt 0.831439 -1.801036
vt 0.505748 -1.984794
vt 0.505748 -1.996137
vt 0.790727 -1.763147
vt 0.831439 -1.774490
vt 0.750016 -1.801036
vt 0.790727 -1.793684
vt 0.831439 -1.793684
vt 0.668593 -1.958248
vt 0.831439 -1.780712
vt 0.709305 -1.809546
vt 0.709305 -1.801036
vt 0.668593 -1.949738
vt 0.627882 -1.958248
vt 0.546459 -1.978571
vt 0.709305 -1.815516
vt 0.668593 -1.943768
vt 0.627882 -1.949738
vt 0.627882 -1.943768
vt 0.587170 -1.978571
vt 0.546459 -1.965600
vt 0.790727 -1.780712
vt 0.668593 -1.815516
vt 0.627882 -1.815516
vt 0.587170 -1.943768
vt 0.587170 -1.965600
vt 0.546459 -1.958248
vt 0.505748 -1.958248
vt 0.750016 -1.780712
vt 0.750016 -1.793684
vt 0.790727 -1.774490
vt 0.587170 -1.958248
vt 0.546459 -1.949738
vt 0.709305 -1.780712
vt 0.709305 -1.793684
vt 0.750016 -1.774490
vt 0.750016 -1.763147
vt 0.587170 -1.949738
vt 0.546459 -1.943768
vt 0.505748 -1.943768
vt 0.546459 -1.815516
vt 0.505748 -1.815516
vt 0.668593 -1.793684
vt 0.668593 -1.780712
vt 0.709305 -1.763147
vt 0.709305 -1.774490
vt 0.587170 -1.815516
vt 0.505748 -1.809546
vt 0.546459 -1.809546
vt 0.668593 -1.801036
vt 0.668593 -1.763147
vt 0.668593 -1.774490
vt 0.587170 -1.809546
vt 0.505748 -1.801036
vt 0.546459 -1.801036
vt 0.668593 -1.809546
vt 0.627882 -1.763147
vt 0.627882 -1.774490
vt 0.627882 -1.809546
vt 0.587170 -1.801036
vt 0.546459 -1.793684
vt 0.627882 -1.801036
vt 0.587170 -1.763147
vt 0.627882 -1.780712
vt 0.587170 -1.774490
vt 0.587170 -1.793684
vt 0.546459 -1.780712
vt 0.627882 -1.793684
vt 0.546459 -1.763147
vt 0.587170 -1.780712
vt 0.546459 -1.774490
vt 0.505748 -1.763147
vt 0.953573 -0.978572
vt 0.912861 -0.978572
vt 0.953573 -0.984794
vt 0.912861 -0.965600
vt 0.953573 -0.965600
vt 0.953573 -0.958248
vt 0.912861 -0.958248
vt 0.994284 -0.965600
vt 0.872150 -0.965600
vt 0.872150 -0.978572
vt 0.912861 -0.984794
vt 0.953573 -0.996137
vt 0.994284 -0.996137
vt 0.872150 -0.958248
vt 0.912861 -0.949738
vt 0.953573 -0.949738
vt 0.872150 -0.949738
vt 0.831439 -0.958248
vt 0.831439 -0.965600
vt 0.831439 -0.978572
vt 0.872150 -0.984794
vt 0.912861 -0.996137
vt 0.831439 -0.949738
vt 0.912861 -0.943767
vt 0.872150 -0.943767
vt 0.953573 -0.943767
vt 0.831439 -0.943767
vt 0.790727 -0.965600
vt 0.790727 -0.958248
vt 0.831439 -0.984794
vt 0.872150 -0.996137
vt 0.790727 -0.943767
vt 0.790727 -0.949738
vt 0.994284 -0.815516
vt 0.953573 -0.815516
vt 0.994284 -0.943767
vt 0.750016 -0.958248
vt 0.750016 -0.949738
vt 0.831439 -0.996137
vt 0.790727 -0.978572
vt 0.790727 -0.984794
vt 0.750016 -0.943767
vt 0.953573 -0.809546
vt 0.912861 -0.809546
vt 0.912861 -0.815516
vt 0.790727 -0.996137
vt 0.750016 -0.965600
vt 0.750016 -0.978572
vt 0.750016 -0.984794
vt 0.912861 -0.801036
vt 0.953573 -0.801036
vt 0.750016 -0.996137
vt 0.709305 -0.958248
vt 0.709305 -0.965600
vt 0.709305 -0.978572
vt 0.709305 -0.984794
vt 0.912861 -0.793684
vt 0.953573 -0.793684
vt 0.872150 -0.815516
vt 0.709305 -0.996137
vt 0.709305 -0.949738
vt 0.668593 -0.978572
vt 0.668593 -0.984794
vt 0.912861 -0.780712
vt 0.953573 -0.780712
vt 0.994284 -0.793684
vt 0.994284 -0.780712
vt 0.872150 -0.809546
vt 0.831439 -0.815516
vt 0.668593 -0.996137
vt 0.709305 -0.943767
vt 0.912861 -0.774490
vt 0.953573 -0.774490
vt 0.994284 -0.774490
vt 0.872150 -0.801036
vt 0.790727 -0.815516
vt 0.627882 -0.984794
vt 0.627882 -0.996137
vt 0.750016 -0.815516
vt 0.912861 -0.763147
vt 0.953573 -0.763147
vt 0.872150 -0.793684
vt 0.750016 -0.809546
vt 0.790727 -0.809546
vt 0.627882 -0.978572
vt 0.587170 -0.984794
vt 0.587170 -0.996137
vt 0.872150 -0.763147
vt 0.872150 -0.780712
vt 0.831439 -0.809546
vt 0.668593 -0.965600
vt 0.627882 -0.965600
vt 0.546459 -0.984794
vt 0.546459 -0.996137
vt 0.831439 -0.763147
vt 0.872150 -0.774490
vt 0.790727 -0.801036
vt 0.831439 -0.801036
vt 0.505748 -0.984794
vt 0.790727 -0.763147
vt 0.831439 -0.774490
vt 0.750016 -0.801036
vt 0.790727 -0.793684
vt 0.831439 -0.793684
vt 0.668593 -0.958248
vt 0.505748 -0.978572
vt 0.831439 -0.780712
vt 0.709305 -0.809546
vt 0.709305 -0.801036
vt 0.668593 -0.949738
vt 0.627882 -0.958248
vt 0.546459 -0.978572
vt 0.709305 -0.815516
vt 0.668593 -0.943767
vt 0.627882 -0.949738
vt 0.627882 -0.943767
vt 0.587170 -0.978572
vt 0.546459 -0.965600
vt 0.790727 -0.780712
vt 0.668593 -0.815516
vt 0.627882 -0.815516
vt 0.587170 -0.943767
vt 0.587170 -0.965600
vt 0.546459 -0.958248
vt 0.505748 -0.958248
vt 0.505748 -0.949738
vt 0.750016 -0.780712
vt 0.750016 -0.793684
vt 0.790727 -0.774490
vt 0.587170 -0.958248
vt 0.546459 -0.949738
vt 0.709305 -0.780712
vt 0.709305 -0.793684
vt 0.750016 -0.774490
vt 0.750016 -0.763147
vt 0.587170 -0.949738
vt 0.546459 -0.943767
vt 0.668593 -0.793684
vt 0.668593 -0.780712
vt 0.709305 -0.763147
vt 0.709305 -0.774490
vt 0.587170 -0.815516
vt 0.546459 -0.815516
vt 0.546459 -0.809546
vt 0.505748 -0.809546
vt 0.668593 -0.801036
vt 0.668593 -0.763147
vt 0.668593 -0.774490
vt 0.587170 -0.809546
vt 0.505748 -0.801036
vt 0.546459 -0.801036
vt 0.668593 -0.809546
vt 0.627882 -0.763147
vt 0.627882 -0.774490
vt 0.627882 -0.809546
vt 0.587170 -0.801036
vt 0.546459 -0.793684
vt 0.627882 -0.801036
vt 0.587170 -0.763147
vt 0.627882 -0.780712
vt 0.587170 -0.774490
vt 0.587170 -0.793684
vt 0.546459 -0.780712
vt 0.627882 -0.793684
vt 0.546459 -0.763147
vt 0.587170 -0.780712
vt 0.546459 -0.774490
vt 0.505748 -0.763147
vt 1.047969 0.510573
vt 1.084330 0.531618
vt 1.082638 0.530638
vt 1.049662 0.511553
vt 1.047960 0.521895
vt 1.046721 0.522608
vt 1.046274 0.511549
vt 1.084328 0.533573
vt 1.074522 0.537268
vt 1.073285 0.536552
vt 1.049196 0.522610
vt 1.047956 0.524691
vt 1.022603 0.536498
vt 1.013258 0.530564
vt 1.084288 0.571674
vt 1.074491 0.566529
vt 1.074520 0.538697
vt 1.072098 0.538664
vt 1.047927 0.552585
vt 1.023785 0.538612
vt 1.021365 0.537211
vt 1.084286 0.573629
vt 1.074489 0.567958
vt 1.072069 0.566557
vt 1.047897 0.580478
vt 1.023756 0.566506
vt 1.021334 0.566473
vt 1.021363 0.538640
vt 1.049575 0.593620
vt 1.082591 0.574606
vt 1.073251 0.568671
vt 1.021332 0.567902
vt 1.049132 0.582562
vt 1.022569 0.568617
vt 1.046187 0.593617
vt 1.013212 0.574532
vt 1.046658 0.582559
vt 1.047894 0.583275
vt 1.049575 -0.406379
vt 1.047880 -0.405403
vt 1.082591 -0.425394
vt 1.047894 -0.416725
vt 1.049132 -0.417438
vt 1.073251 -0.431329
vt 1.046187 -0.406383
vt 1.011519 -0.426448
vt 1.046658 -0.417441
vt 1.084286 -0.426371
vt 1.047897 -0.419522
vt 1.072069 -0.433443
vt 1.074489 -0.432042
vt 1.013212 -0.425468
vt 1.021332 -0.432098
vt 1.021334 -0.433527
vt 1.011521 -0.428404
vt 1.022569 -0.431383
vt 1.084328 -0.466427
vt 1.084288 -0.428326
vt 1.074491 -0.433471
vt 1.011562 -0.466504
vt 1.023756 -0.433494
vt 1.021363 -0.461360
vt 1.074520 -0.461303
vt 1.072098 -0.461336
vt 1.021365 -0.462788
vt 1.023785 -0.461388
vt 1.022603 -0.463502
vt 1.046721 -0.477392
vt 1.047927 -0.447415
vt 1.074522 -0.462732
vt 1.049196 -0.477390
vt 1.073285 -0.463448
vt 1.047956 -0.475309
vt 1.047960 -0.478105
vt 0.471468 0.090649
vt 0.474370 0.089170
vt 0.480066 0.111378
vt 0.465722 0.093577
vt 0.459752 0.071510
vt 0.462387 0.069595
vt 0.463732 0.068617
vt 0.475852 0.088416
vt 0.484745 0.109857
vt 0.483164 0.110371
vt 0.445169 0.054452
vt 0.447473 0.052149
vt 0.440610 0.059012
vt 0.454535 0.075300
vt 0.448648 0.050973
vt 0.488511 0.132692
vt 0.490153 0.132432
vt 0.428112 0.039870
vt 0.430027 0.037234
vt 0.431004 0.035889
vt 0.449003 0.079319
vt 0.491986 0.155572
vt 0.485294 0.133201
vt 0.478925 0.134210
vt 0.473932 0.113371
vt 0.410451 0.025251
vt 0.411206 0.023770
vt 0.459631 0.096681
vt 0.467430 0.115484
vt 0.488511 0.178453
vt 0.490323 0.155572
vt 0.490153 0.178713
vt 0.487065 0.155572
vt 0.389764 0.014876
vt 0.455689 0.098689
vt 0.485294 0.177943
vt 0.478925 0.176934
vt 0.480617 0.155572
vt 0.389250 0.016457
vt 0.366930 0.011110
vt 0.480066 0.199767
vt 0.473779 0.155572
vt 0.472172 0.135280
vt 0.388244 0.019556
vt 0.408972 0.028154
vt 0.483164 0.200773
vt 0.474370 0.221974
vt 0.467803 0.135972
vt 0.463222 0.116851
vt 0.406045 0.033899
vt 0.424322 0.045087
vt 0.460385 0.117772
vt 0.344049 0.009298
vt 0.344049 0.012556
vt 0.321169 0.011110
vt 0.366420 0.014328
vt 0.420303 0.050619
vt 0.435775 0.063846
vt 0.298335 0.014876
vt 0.298848 0.016457
vt 0.277648 0.025251
vt 0.365411 0.020697
vt 0.386251 0.025689
vt 0.432647 0.066974
vt 0.445424 0.081919
vt 0.321678 0.014328
vt 0.299855 0.019556
vt 0.384138 0.032192
vt 0.402941 0.039991
vt 0.443011 0.083673
vt 0.453031 0.100043
vt 0.344049 0.019005
vt 0.322687 0.020697
vt 0.400933 0.043932
vt 0.417702 0.054198
vt 0.450790 0.101185
vt 0.344049 0.025842
vt 0.364342 0.027449
vt 0.258072 0.037234
vt 0.259987 0.039870
vt 0.240626 0.052149
vt 0.279126 0.028154
vt 0.239451 0.050973
vt 0.224366 0.068617
vt 0.415949 0.056611
vt 0.430538 0.069084
vt 0.382771 0.036399
vt 0.363650 0.031819
vt 0.301848 0.025689
vt 0.282054 0.033899
vt 0.225711 0.069595
vt 0.213729 0.089170
vt 0.212247 0.088416
vt 0.428760 0.070862
vt 0.440976 0.085151
vt 0.381849 0.039236
vt 0.303961 0.032192
vt 0.242930 0.054452
vt 0.228347 0.071510
vt 0.203354 0.109857
vt 0.399579 0.046590
vt 0.263777 0.045087
vt 0.247489 0.059012
vt 0.233564 0.075300
vt 0.222376 0.093577
vt 0.216631 0.090649
vt 0.398437 0.048831
vt 0.414470 0.058646
vt 0.267796 0.050619
vt 0.285158 0.039991
vt 0.239096 0.079319
vt 0.208033 0.111378
vt 0.204935 0.110371
vt 0.287166 0.043932
vt 0.199588 0.132692
vt 0.214166 0.113371
vt 0.209174 0.134210
vt 0.202805 0.133201
vt 0.201034 0.155572
vt 0.197775 0.155572
vt 0.196113 0.155572
vt 0.228468 0.096681
vt 0.220669 0.115484
vt 0.199588 0.178453
vt 0.197946 0.178713
vt 0.207482 0.155572
vt 0.209174 0.176934
vt 0.202805 0.177943
vt 0.232410 0.098689
vt 0.224877 0.116851
vt 0.220296 0.135972
vt 0.215927 0.135280
vt 0.214320 0.155572
vt 0.208033 0.199767
vt 0.227714 0.117772
vt 0.223242 0.136438
vt 0.221727 0.155572
vt 0.218744 0.155572
vt 0.220296 0.175173
vt 0.215927 0.175865
vt 0.225726 0.136832
vt 0.204935 0.200773
vt 0.213729 0.221974
vt 0.216631 0.220495
vt 0.228347 0.239635
vt 0.225711 0.241550
vt 0.220669 0.195661
vt 0.214166 0.197774
vt 0.222376 0.217568
vt 0.240626 0.258995
vt 0.233564 0.235844
vt 0.247489 0.252132
vt 0.242930 0.256692
vt 0.224877 0.194294
vt 0.232410 0.212455
vt 0.228468 0.214464
vt 0.239096 0.231825
vt 0.259987 0.271275
vt 0.239451 0.260171
vt 0.257095 0.275255
vt 0.258072 0.273910
vt 0.223242 0.174706
vt 0.227714 0.193372
vt 0.255452 0.244170
vt 0.252324 0.247298
vt 0.242675 0.229225
vt 0.277648 0.285893
vt 0.276893 0.287374
vt 0.224242 0.155572
vt 0.225726 0.174313
vt 0.267796 0.260526
vt 0.245088 0.227472
vt 0.263777 0.266057
vt 0.230106 0.192595
vt 0.235067 0.211101
vt 0.282054 0.277245
vt 0.279126 0.282991
vt 0.237308 0.209959
vt 0.299855 0.291588
vt 0.298848 0.294687
vt 0.321169 0.300034
vt 0.321678 0.296816
vt 0.344049 0.298588
vt 0.344049 0.301846
vt 0.344049 0.303509
vt 0.320909 0.301676
vt 0.247123 0.225993
vt 0.259339 0.240282
vt 0.257561 0.242061
vt 0.322687 0.290448
vt 0.366930 0.300034
vt 0.272150 0.254533
vt 0.270397 0.256947
vt 0.287166 0.267212
vt 0.285158 0.271153
vt 0.261715 0.168613
vt 0.303961 0.278953
vt 0.301848 0.285455
vt 0.389251 0.294687
vt 0.388244 0.291588
vt 0.410451 0.285893
vt 0.366420 0.296816
vt 0.230106 0.118550
vt 0.365411 0.290448
vt 0.344049 0.292139
vt 0.237308 0.101185
vt 0.235067 0.100043
vt 0.323757 0.283695
vt 0.344049 0.285302
vt 0.430027 0.273910
vt 0.428112 0.271275
vt 0.447473 0.258996
vt 0.245088 0.083673
vt 0.242675 0.081919
vt 0.324449 0.279326
vt 0.305328 0.274745
vt 0.463733 0.242527
vt 0.462388 0.241550
vt 0.255452 0.066974
vt 0.252324 0.063846
vt 0.306250 0.271908
vt 0.288520 0.264554
vt 0.445169 0.256692
vt 0.459752 0.239635
vt 0.471468 0.220495
vt 0.289662 0.262313
vt 0.273628 0.252498
vt 0.440610 0.252132
vt 0.454535 0.235844
vt 0.465722 0.217568
vt 0.473933 0.197774
vt 0.270396 0.054198
vt 0.449003 0.231825
vt 0.459631 0.214464
vt 0.467430 0.195661
vt 0.472172 0.175865
vt 0.272150 0.056611
vt 0.257561 0.069084
vt 0.455689 0.212455
vt 0.463222 0.194294
vt 0.467803 0.175173
vt 0.469355 0.155572
vt 0.259339 0.070862
vt 0.247123 0.085151
vt 0.460385 0.193372
vt 0.464857 0.174706
vt 0.466372 0.155572
vt 0.464857 0.136438
vt 0.264762 0.181334
vt 0.269774 0.193417
vt 0.462373 0.174313
vt 0.462373 0.136832
vt 0.463857 0.155572
vt 0.457993 0.118550
vt 0.266443 0.180788
vt 0.261715 0.142532
vt 0.260682 0.155572
vt 0.262449 0.155572
vt 0.263460 0.168336
vt 0.418325 0.117727
vt 0.402995 0.096627
vt 0.411495 0.106570
vt 0.266372 0.167875
vt 0.269247 0.179877
vt 0.273976 0.191276
vt 0.271349 0.192615
vt 0.410065 0.107609
vt 0.381072 0.041629
vt 0.272608 0.178785
vt 0.278033 0.203536
vt 0.276604 0.204574
vt 0.362790 0.037249
vt 0.363183 0.034765
vt 0.285104 0.214517
vt 0.344049 0.033250
vt 0.344049 0.030266
vt 0.393052 0.088126
vt 0.381894 0.081297
vt 0.324449 0.031819
vt 0.323757 0.027449
vt 0.401745 0.097877
vt 0.392013 0.089556
vt 0.307027 0.269516
vt 0.399660 0.099962
vt 0.305328 0.036399
vt 0.295047 0.223018
vt 0.306204 0.229847
vt 0.325309 0.273896
vt 0.324915 0.276380
vt 0.306250 0.039236
vt 0.324915 0.034765
vt 0.288520 0.046590
vt 0.296086 0.221588
vt 0.344049 0.277895
vt 0.344049 0.280878
vt 0.344049 0.035765
vt 0.325309 0.037249
vt 0.289662 0.048831
vt 0.273628 0.058646
vt 0.363650 0.279326
vt 0.364342 0.283695
vt 0.344049 0.275380
vt 0.384138 0.278953
vt 0.386251 0.285455
vt 0.362790 0.273896
vt 0.363183 0.276380
vt 0.406045 0.277245
vt 0.408972 0.282991
vt 0.381849 0.271908
vt 0.382771 0.274745
vt 0.269774 0.117727
vt 0.276604 0.106570
vt 0.285104 0.096627
vt 0.264762 0.129810
vt 0.400933 0.267212
vt 0.402941 0.271153
vt 0.424322 0.266057
vt 0.278033 0.107609
vt 0.266443 0.130356
vt 0.263460 0.142808
vt 0.420303 0.260526
vt 0.435775 0.247298
vt 0.271349 0.118529
vt 0.266372 0.143269
vt 0.265398 0.155572
vt 0.417702 0.256947
vt 0.432647 0.244170
vt 0.445424 0.229225
vt 0.307027 0.041629
vt 0.273976 0.119868
vt 0.415949 0.254533
vt 0.399579 0.264554
vt 0.443011 0.227472
vt 0.453031 0.211101
vt 0.269247 0.131268
vt 0.381072 0.269516
vt 0.398437 0.262313
vt 0.450790 0.209959
vt 0.457993 0.192595
vt 0.272608 0.132360
vt 0.369811 0.076285
vt 0.357090 0.073237
vt 0.306204 0.081297
vt 0.295047 0.088126
vt 0.426384 0.142532
vt 0.423337 0.129810
vt 0.381092 0.082872
vt 0.369265 0.077966
vt 0.296086 0.089556
vt 0.286354 0.097877
vt 0.421656 0.130356
vt 0.416750 0.118529
vt 0.390280 0.091942
vt 0.379754 0.085499
vt 0.288439 0.099962
vt 0.280419 0.109342
vt 0.414123 0.119868
vt 0.407680 0.109342
vt 0.404821 0.111419
vt 0.397161 0.102460
vt 0.388202 0.094801
vt 0.283278 0.111419
vt 0.277124 0.121472
vt 0.410974 0.121472
vt 0.415490 0.132360
vt 0.418851 0.131268
vt 0.394670 0.104951
vt 0.280264 0.123072
vt 0.275959 0.133448
vt 0.273342 0.144373
vt 0.269863 0.143822
vt 0.407835 0.123072
vt 0.421726 0.143269
vt 0.424639 0.142808
vt 0.268932 0.155572
vt 0.401970 0.113490
vt 0.425650 0.155572
vt 0.427417 0.155572
vt 0.426384 0.168613
vt 0.286129 0.113490
vt 0.272455 0.155572
vt 0.275973 0.155572
vt 0.269863 0.167322
vt 0.293429 0.104951
vt 0.290938 0.102460
vt 0.273342 0.166771
vt 0.276817 0.166221
vt 0.299897 0.094801
vt 0.301967 0.097651
vt 0.304035 0.100497
vt 0.297819 0.091942
vt 0.275959 0.177696
vt 0.440976 0.225993
vt 0.311549 0.091786
vt 0.313146 0.094921
vt 0.307007 0.082872
vt 0.308345 0.085499
vt 0.280264 0.188073
vt 0.277124 0.189672
vt 0.428760 0.240282
vt 0.430538 0.242061
vt 0.318834 0.077966
vt 0.318287 0.076285
vt 0.309949 0.088647
vt 0.283398 0.186476
vt 0.288975 0.195586
vt 0.283278 0.199725
vt 0.280419 0.201802
vt 0.331009 0.073237
vt 0.320837 0.084131
vt 0.321926 0.087482
vt 0.288439 0.211183
vt 0.286354 0.213268
vt 0.414470 0.252498
vt 0.319745 0.080770
vt 0.332851 0.084865
vt 0.344049 0.072205
vt 0.331747 0.077895
vt 0.344049 0.073972
vt 0.331285 0.074983
vt 0.332299 0.081385
vt 0.344049 0.080455
vt 0.344049 0.083978
vt 0.344049 0.087496
vt 0.357090 0.237907
vt 0.418325 0.193417
vt 0.423337 0.181334
vt 0.344049 0.076921
vt 0.355248 0.084865
vt 0.355799 0.081385
vt 0.356352 0.077895
vt 0.421656 0.180788
vt 0.424639 0.168336
vt 0.356813 0.074983
vt 0.367262 0.084131
vt 0.366173 0.087482
vt 0.365086 0.090828
vt 0.368354 0.080770
vt 0.421727 0.167875
vt 0.422701 0.155572
vt 0.376550 0.091786
vt 0.378149 0.088647
vt 0.374953 0.094921
vt 0.419167 0.155572
vt 0.418236 0.167322
vt 0.415490 0.178785
vt 0.418851 0.179877
vt 0.418236 0.143822
vt 0.384064 0.100497
vt 0.414757 0.166771
vt 0.414757 0.144373
vt 0.415644 0.155572
vt 0.414123 0.191277
vt 0.416750 0.192615
vt 0.412139 0.133448
vt 0.386131 0.097651
vt 0.410065 0.203536
vt 0.411495 0.204574
vt 0.408794 0.134535
vt 0.404701 0.124669
vt 0.392183 0.107439
vt 0.402995 0.214517
vt 0.411282 0.144924
vt 0.412139 0.177696
vt 0.408794 0.176609
vt 0.392013 0.221588
vt 0.401745 0.213268
vt 0.393052 0.223018
vt 0.407835 0.188073
vt 0.404701 0.186476
vt 0.410974 0.189672
vt 0.399660 0.211183
vt 0.407680 0.201802
vt 0.381894 0.229847
vt 0.399124 0.195586
vt 0.401970 0.197654
vt 0.404821 0.199725
vt 0.397161 0.208684
vt 0.388202 0.216343
vt 0.390280 0.219203
vt 0.394670 0.206193
vt 0.392183 0.203706
vt 0.376550 0.219358
vt 0.386131 0.213493
vt 0.378149 0.222497
vt 0.379754 0.225646
vt 0.381092 0.228273
vt 0.369811 0.234859
vt 0.384064 0.210647
vt 0.367262 0.227013
vt 0.369265 0.233179
vt 0.368354 0.230374
vt 0.356813 0.236162
vt 0.344049 0.237172
vt 0.344049 0.238940
vt 0.374953 0.216224
vt 0.356352 0.233249
vt 0.344049 0.234224
vt 0.331747 0.233249
vt 0.331285 0.236162
vt 0.331009 0.237907
vt 0.366173 0.223662
vt 0.355799 0.229759
vt 0.344049 0.230690
vt 0.318834 0.233179
vt 0.318287 0.234859
vt 0.355248 0.226279
vt 0.344049 0.227166
vt 0.332851 0.226279
vt 0.332299 0.229759
vt 0.321926 0.223662
vt 0.323013 0.220316
vt 0.333401 0.222805
vt 0.320837 0.227013
vt 0.319745 0.230374
vt 0.307007 0.228273
vt 0.311549 0.219358
vt 0.313146 0.216224
vt 0.309949 0.222497
vt 0.308345 0.225646
vt 0.297819 0.219203
vt 0.301967 0.213493
vt 0.304035 0.210647
vt 0.299897 0.216343
vt 0.290938 0.208684
vt 0.293429 0.206193
vt 0.295916 0.203706
vt 0.286129 0.197654
vt 0.448384 0.948408
vt 0.446158 0.946182
vt 0.457428 0.937831
vt 0.437807 0.957452
vt 0.452269 0.952293
vt 0.454879 0.935980
vt 0.453279 0.934817
vt 0.444759 0.944783
vt 0.434793 0.953303
vt 0.435956 0.954903
vt 0.461887 0.924532
vt 0.460124 0.923634
vt 0.458361 0.922736
vt 0.451678 0.933654
vt 0.443359 0.943383
vt 0.424508 0.961911
vt 0.422712 0.958385
vt 0.433630 0.951702
vt 0.423610 0.960148
vt 0.465148 0.911523
vt 0.411499 0.965172
vt 0.410888 0.963289
vt 0.398439 0.966272
vt 0.463265 0.910912
vt 0.466247 0.898463
vt 0.468202 0.898773
vt 0.470156 0.899082
vt 0.467029 0.912135
vt 0.467258 0.885702
vt 0.469237 0.885702
vt 0.470024 0.913108
vt 0.464693 0.925962
vt 0.466247 0.872941
vt 0.469587 0.928456
vt 0.461872 0.941060
vt 0.466414 0.944360
vt 0.456238 0.956263
vt 0.444336 0.966438
vt 0.441036 0.961896
vt 0.372917 0.966271
vt 0.458721 0.958745
vt 0.428432 0.969612
vt 0.425938 0.964717
vt 0.413084 0.970049
vt 0.414781 0.975273
vt 0.416516 0.980613
vt 0.430981 0.974613
vt 0.412110 0.967053
vt 0.348644 0.958385
vt 0.360468 0.963289
vt 0.400410 0.978716
vt 0.432574 0.977742
vt 0.446400 0.969279
vt 0.399058 0.970180
vt 0.398748 0.968226
vt 0.359857 0.965172
vt 0.418361 0.986291
vt 0.417601 0.983952
vt 0.385678 0.969261
vt 0.385678 0.967282
vt 0.401837 0.987729
vt 0.401288 0.984261
vt 0.385678 0.991468
vt 0.385678 0.989008
vt 0.385678 0.985497
vt 0.385678 0.979883
vt 0.385678 0.974389
vt 0.399550 0.973291
vt 0.372607 0.968226
vt 0.469254 0.946424
vt 0.369518 0.987729
vt 0.370946 0.978716
vt 0.372298 0.970180
vt 0.385678 0.971240
vt 0.477717 0.932598
vt 0.474589 0.931005
vt 0.371805 0.973291
vt 0.358272 0.970048
vt 0.359245 0.967053
vt 0.475249 0.914805
vt 0.480589 0.916540
vt 0.346848 0.961911
vt 0.347746 0.960148
vt 0.353754 0.983952
vt 0.338781 0.977741
vt 0.354839 0.980613
vt 0.370068 0.984261
vt 0.336563 0.953303
vt 0.337726 0.951702
vt 0.483928 0.917625
vt 0.327996 0.943383
vt 0.487704 0.901861
vt 0.478692 0.900434
vt 0.484237 0.901312
vt 0.490133 0.902246
vt 0.491444 0.885702
vt 0.488984 0.885702
vt 0.485473 0.885702
vt 0.356574 0.975273
vt 0.487704 0.869542
vt 0.340375 0.974613
vt 0.342924 0.969611
vt 0.345418 0.964717
vt 0.473267 0.899575
vt 0.327020 0.966438
vt 0.324956 0.969279
vt 0.333549 0.957452
vt 0.335400 0.954903
vt 0.474365 0.885702
vt 0.479859 0.885702
vt 0.471215 0.885702
vt 0.312635 0.958745
vt 0.325198 0.946182
vt 0.326597 0.944783
vt 0.478692 0.870970
vt 0.484237 0.870092
vt 0.468202 0.872631
vt 0.470156 0.872322
vt 0.318077 0.934817
vt 0.319678 0.933654
vt 0.480589 0.854863
vt 0.483928 0.853778
vt 0.465148 0.859881
vt 0.473267 0.871829
vt 0.312995 0.922736
vt 0.477717 0.838805
vt 0.470024 0.858296
vt 0.475249 0.856598
vt 0.302101 0.946424
vt 0.293638 0.932598
vt 0.304942 0.944360
vt 0.315117 0.956263
vt 0.467029 0.859269
vt 0.469587 0.842948
vt 0.474589 0.840399
vt 0.319087 0.952293
vt 0.330319 0.961896
vt 0.461887 0.846872
vt 0.466414 0.827044
vt 0.469254 0.824980
vt 0.471244 0.823534
vt 0.464693 0.845442
vt 0.458721 0.812659
vt 0.461872 0.830343
vt 0.452269 0.819111
vt 0.456238 0.815141
vt 0.322971 0.948408
vt 0.457427 0.833573
vt 0.444336 0.804966
vt 0.446400 0.802125
vt 0.313928 0.937831
vt 0.316476 0.935980
vt 0.309484 0.941060
vt 0.432574 0.793662
vt 0.306663 0.925962
vt 0.309469 0.924532
vt 0.301768 0.928456
vt 0.311231 0.923634
vt 0.296766 0.931005
vt 0.301331 0.913108
vt 0.304327 0.912135
vt 0.306208 0.911523
vt 0.290767 0.916540
vt 0.296106 0.914806
vt 0.308091 0.910912
vt 0.285089 0.918385
vt 0.287428 0.917625
vt 0.301200 0.899082
vt 0.292663 0.900434
vt 0.305108 0.898463
vt 0.283651 0.901861
vt 0.417601 0.787452
vt 0.416516 0.790791
vt 0.401837 0.783675
vt 0.298089 0.899575
vt 0.287119 0.901312
vt 0.296990 0.885702
vt 0.285882 0.885702
vt 0.291497 0.885702
vt 0.385678 0.782396
vt 0.385678 0.785907
vt 0.369518 0.783675
vt 0.401288 0.787143
vt 0.369134 0.781246
vt 0.352994 0.785113
vt 0.282371 0.885702
vt 0.292663 0.870970
vt 0.400410 0.792687
vt 0.353754 0.787452
vt 0.338781 0.793662
vt 0.283651 0.869542
vt 0.370068 0.787143
vt 0.354839 0.790791
vt 0.287119 0.870092
vt 0.385678 0.791521
vt 0.370946 0.792687
vt 0.305108 0.872941
vt 0.304098 0.885702
vt 0.290767 0.854863
vt 0.385678 0.797015
vt 0.340375 0.796790
vt 0.327020 0.804966
vt 0.324956 0.802125
vt 0.312635 0.812659
vt 0.310896 0.810920
vt 0.300112 0.823534
vt 0.302118 0.885702
vt 0.303153 0.898773
vt 0.356574 0.796130
vt 0.342924 0.801792
vt 0.330319 0.809508
vt 0.319087 0.819111
vt 0.315117 0.815141
vt 0.371805 0.798113
vt 0.358272 0.801355
vt 0.345418 0.806687
vt 0.333549 0.813952
vt 0.304942 0.827044
vt 0.302101 0.824980
vt 0.300140 0.885702
vt 0.372298 0.801224
vt 0.359245 0.804351
vt 0.346848 0.809493
vt 0.293638 0.838805
vt 0.298089 0.871829
vt 0.301200 0.872322
vt 0.303153 0.872631
vt 0.359857 0.806232
vt 0.301331 0.858296
vt 0.304327 0.859269
vt 0.306208 0.859881
vt 0.296106 0.856598
vt 0.308091 0.860492
vt 0.285089 0.853019
vt 0.287428 0.853778
vt 0.281222 0.869158
vt 0.309469 0.846871
vt 0.311231 0.847769
vt 0.312995 0.848668
vt 0.301768 0.842948
vt 0.296766 0.840399
vt 0.318077 0.836587
vt 0.319678 0.837750
vt 0.306663 0.845442
vt 0.309484 0.830343
vt 0.327996 0.828021
vt 0.313928 0.833573
vt 0.316476 0.835424
vt 0.322971 0.822995
vt 0.325198 0.825222
vt 0.326597 0.826621
vt 0.335400 0.816500
vt 0.348644 0.813019
vt 0.337726 0.819702
vt 0.336563 0.818101
vt 0.347746 0.811256
vt 0.372607 0.803178
vt 0.372917 0.805132
vt 0.360468 0.808115
vt 0.385678 0.800164
vt 0.385678 0.802142
vt 0.385678 0.804122
vt 0.399550 0.798113
vt 0.399058 0.801224
vt 0.398748 0.803178
vt 0.398439 0.805132
vt 0.414781 0.796130
vt 0.413084 0.801355
vt 0.412110 0.804351
vt 0.411499 0.806232
vt 0.430981 0.796790
vt 0.428432 0.801792
vt 0.425938 0.806687
vt 0.424508 0.809493
vt 0.422711 0.813019
vt 0.410887 0.808115
vt 0.423610 0.811256
vt 0.441036 0.809508
vt 0.437807 0.813952
vt 0.434793 0.818101
vt 0.435956 0.816500
vt 0.446157 0.825222
vt 0.448384 0.822995
vt 0.433629 0.819702
vt 0.443359 0.828020
vt 0.444759 0.826621
vt 0.453279 0.836587
vt 0.454879 0.835424
vt 0.458361 0.848668
vt 0.451678 0.837750
vt 0.460124 0.847770
vt 0.463265 0.860492
vt 0.081468 0.474604
vt 0.084378 0.468892
vt 0.099375 0.482031
vt 0.064933 0.464483
vt 0.079800 0.477877
vt 0.087248 0.463260
vt 0.103309 0.469922
vt 0.101356 0.475934
vt 0.072417 0.454181
vt 0.068701 0.459296
vt 0.088793 0.460227
vt 0.120752 0.470611
vt 0.120219 0.473973
vt 0.119231 0.480216
vt 0.104361 0.466684
vt 0.054731 0.447352
vt 0.061607 0.440475
vt 0.074418 0.451427
vt 0.059200 0.442882
vt 0.137554 0.475345
vt 0.137554 0.481667
vt 0.137554 0.488078
vt 0.118228 0.486548
vt 0.108216 0.454822
vt 0.081749 0.441337
vt 0.047901 0.429665
vt 0.155877 0.480216
vt 0.117653 0.490176
vt 0.098240 0.485525
vt 0.093445 0.451096
vt 0.137554 0.491752
vt 0.097528 0.487716
vt 0.062774 0.467454
vt 0.157454 0.490176
vt 0.047600 0.454482
vt 0.050198 0.451885
vt 0.068853 0.433229
vt 0.156879 0.486548
vt 0.037600 0.437149
vt 0.042787 0.433381
vt 0.060746 0.420333
vt 0.050655 0.427664
vt 0.175733 0.482031
vt 0.033191 0.417704
vt 0.041856 0.413289
vt 0.176868 0.485525
vt 0.177580 0.487716
vt 0.034628 0.439309
vt 0.024206 0.422283
vt 0.122355 0.460490
vt 0.038823 0.414835
vt 0.195307 0.477877
vt 0.196353 0.479929
vt 0.027479 0.420615
vt 0.137554 0.459469
vt 0.137554 0.471941
vt 0.032161 0.398773
vt 0.014366 0.404555
vt 0.016558 0.403843
vt 0.020051 0.402708
vt 0.026149 0.400727
vt 0.154355 0.470611
vt 0.154888 0.473973
vt 0.011907 0.384430
vt 0.009631 0.384790
vt 0.021866 0.382852
vt 0.171798 0.469922
vt 0.173751 0.475934
vt 0.212333 0.467454
vt 0.210174 0.464483
vt 0.227507 0.454482
vt 0.193640 0.474604
vt 0.008027 0.364529
vt 0.015535 0.383855
vt 0.190729 0.468892
vt 0.011907 0.344629
vt 0.010331 0.364529
vt 0.014004 0.364529
vt 0.237507 0.437150
vt 0.240479 0.439309
vt 0.224910 0.451885
vt 0.250901 0.422283
vt 0.015535 0.345203
vt 0.021866 0.346206
vt 0.020415 0.364529
vt 0.026737 0.364529
vt 0.028110 0.381863
vt 0.220377 0.447352
vt 0.206406 0.459296
vt 0.014366 0.324503
vt 0.022153 0.305730
vt 0.024206 0.306776
vt 0.016558 0.325215
vt 0.031472 0.381331
vt 0.035398 0.397721
vt 0.202690 0.454181
vt 0.187859 0.463260
vt 0.020051 0.326350
vt 0.047260 0.393867
vt 0.050986 0.408637
vt 0.186314 0.460227
vt 0.170746 0.466684
vt 0.074911 0.396447
vt 0.166892 0.454822
vt 0.152752 0.460490
vt 0.034628 0.289749
vt 0.047600 0.274576
vt 0.037600 0.291908
vt 0.027479 0.308443
vt 0.061420 0.259739
vt 0.079800 0.251181
vt 0.062774 0.261604
vt 0.033191 0.311353
vt 0.026149 0.328331
vt 0.041593 0.379728
vt 0.064933 0.264575
vt 0.050198 0.277173
vt 0.032161 0.330285
vt 0.028110 0.347195
vt 0.042614 0.364529
vt 0.030141 0.364529
vt 0.181662 0.451096
vt 0.054731 0.281706
vt 0.042787 0.295677
vt 0.031472 0.347727
vt 0.193358 0.441337
vt 0.200689 0.451427
vt 0.047901 0.299393
vt 0.038823 0.314223
vt 0.035398 0.331337
vt 0.047260 0.335191
vt 0.041593 0.349330
vt 0.213500 0.440475
vt 0.215907 0.442882
vt 0.041856 0.315769
vt 0.068113 0.353531
vt 0.214362 0.420333
vt 0.206254 0.433229
vt 0.227206 0.429665
vt 0.232320 0.433381
vt 0.241916 0.417704
vt 0.247629 0.420615
vt 0.050986 0.320421
vt 0.227847 0.393867
vt 0.224121 0.408637
vt 0.224452 0.427664
vt 0.255056 0.402708
vt 0.258550 0.403843
vt 0.060746 0.308725
vt 0.050655 0.301394
vt 0.233251 0.413289
vt 0.236284 0.414835
vt 0.263200 0.384430
vt 0.059200 0.286176
vt 0.061607 0.288583
vt 0.239709 0.397721
vt 0.242946 0.398773
vt 0.248958 0.400727
vt 0.068701 0.269762
vt 0.072417 0.274877
vt 0.243635 0.381331
vt 0.246997 0.381863
vt 0.253241 0.382852
vt 0.233514 0.379728
vt 0.259573 0.383855
vt 0.081468 0.254454
vt 0.084378 0.260166
vt 0.248370 0.364529
vt 0.254692 0.364529
vt 0.261103 0.364529
vt 0.232494 0.364529
vt 0.264776 0.364529
vt 0.099375 0.247026
vt 0.098240 0.243533
vt 0.253241 0.346206
vt 0.244966 0.364529
vt 0.263200 0.344628
vt 0.117653 0.238882
vt 0.227847 0.335191
vt 0.233514 0.349330
vt 0.243635 0.347727
vt 0.246997 0.347195
vt 0.259573 0.345203
vt 0.265476 0.344268
vt 0.260741 0.324503
vt 0.239709 0.331337
vt 0.242946 0.330285
vt 0.248958 0.328331
vt 0.255056 0.326350
vt 0.258550 0.325215
vt 0.250901 0.306776
vt 0.233251 0.315769
vt 0.241916 0.311353
vt 0.247629 0.308443
vt 0.137554 0.237306
vt 0.157454 0.238882
vt 0.137554 0.240979
vt 0.118228 0.242510
vt 0.224121 0.320421
vt 0.237507 0.291908
vt 0.242343 0.288395
vt 0.240479 0.289749
vt 0.227507 0.274576
vt 0.119231 0.248842
vt 0.101356 0.253124
vt 0.214362 0.308725
vt 0.103309 0.259136
vt 0.087248 0.265798
vt 0.206254 0.295829
vt 0.213500 0.288583
vt 0.224452 0.301394
vt 0.227206 0.299393
vt 0.236284 0.314223
vt 0.088793 0.268831
vt 0.074418 0.277631
vt 0.193358 0.287721
vt 0.081749 0.287721
vt 0.104361 0.262374
vt 0.108216 0.274236
vt 0.093445 0.277961
vt 0.068853 0.295829
vt 0.232320 0.295677
vt 0.120219 0.255085
vt 0.120752 0.258447
vt 0.087840 0.314815
vt 0.220376 0.281706
vt 0.215907 0.286176
vt 0.224909 0.277173
vt 0.202690 0.274877
vt 0.210174 0.264575
vt 0.206406 0.269762
vt 0.200689 0.277631
vt 0.212333 0.261604
vt 0.186314 0.268831
vt 0.190729 0.260166
vt 0.187859 0.265798
vt 0.195307 0.251181
vt 0.193640 0.254454
vt 0.181662 0.277961
vt 0.171798 0.259136
vt 0.175733 0.247026
vt 0.173751 0.253124
vt 0.156531 0.306121
vt 0.166892 0.274236
vt 0.137554 0.303115
vt 0.148552 0.295089
vt 0.122355 0.268568
vt 0.155877 0.248842
vt 0.170746 0.262374
vt 0.154355 0.258447
vt 0.152752 0.268568
vt 0.137554 0.269589
vt 0.137554 0.257117
vt 0.137554 0.253712
vt 0.176868 0.243533
vt 0.156879 0.242510
vt 0.154888 0.255085
vt 0.137554 0.247391
vt 0.304845 0.149363
vt 0.304353 0.155572
vt 0.315016 0.155572
vt 0.315375 0.151031
vt 0.316437 0.146600
vt 0.306296 0.143305
vt 0.304845 0.161782
vt 0.315375 0.160114
vt 0.308682 0.137552
vt 0.318182 0.142392
vt 0.320561 0.138507
vt 0.311934 0.132239
vt 0.303308 0.125972
vt 0.316437 0.164544
vt 0.315982 0.127505
vt 0.323521 0.135044
vt 0.308443 0.119966
vt 0.306296 0.167839
vt 0.308682 0.173592
vt 0.299183 0.178433
vt 0.303308 0.185172
vt 0.318182 0.168752
vt 0.311934 0.178905
vt 0.320561 0.172638
vt 0.326984 0.132084
vt 0.320716 0.123457
vt 0.315982 0.183639
vt 0.323521 0.176100
vt 0.326029 0.120205
vt 0.330869 0.129705
vt 0.320716 0.187687
vt 0.326984 0.179061
vt 0.314449 0.196313
vt 0.335077 0.127960
vt 0.331782 0.117819
vt 0.328487 0.107678
vt 0.321188 0.110705
vt 0.326029 0.190939
vt 0.330869 0.181439
vt 0.321188 0.200439
vt 0.337840 0.116368
vt 0.339508 0.126898
vt 0.336172 0.105837
vt 0.331782 0.193326
vt 0.335077 0.183185
vt 0.344049 0.126539
vt 0.344049 0.115876
vt 0.344049 0.105213
vt 0.337840 0.194777
vt 0.339508 0.184246
vt 0.350259 0.116368
vt 0.348591 0.126898
vt 0.351927 0.105837
vt 0.344049 0.195268
vt 0.344049 0.184606
vt 0.344049 0.205931
vt 0.336172 0.205307
vt 0.353021 0.127960
vt 0.356316 0.117819
vt 0.359611 0.107678
vt 0.350259 0.194777
vt 0.348591 0.184246
vt 0.351927 0.205307
vt 0.362070 0.120205
vt 0.357229 0.129705
vt 0.366910 0.110705
vt 0.356316 0.193326
vt 0.353021 0.183185
vt 0.361115 0.132084
vt 0.367382 0.123457
vt 0.373650 0.114831
vt 0.362070 0.190939
vt 0.357229 0.181439
vt 0.372117 0.127505
vt 0.364578 0.135044
vt 0.379656 0.119966
vt 0.367382 0.187687
vt 0.361115 0.179061
vt 0.373650 0.196313
vt 0.367538 0.138507
vt 0.376164 0.132239
vt 0.372117 0.183639
vt 0.364578 0.176100
vt 0.379656 0.191179
vt 0.379416 0.137552
vt 0.369916 0.142392
vt 0.376164 0.178905
vt 0.367538 0.172638
vt 0.384791 0.185172
vt 0.371662 0.146600
vt 0.381803 0.143305
vt 0.379416 0.173593
vt 0.369916 0.168752
vt 0.388916 0.178433
vt 0.383254 0.149363
vt 0.372723 0.151031
vt 0.391944 0.171134
vt 0.381803 0.167839
vt 0.371662 0.164544
vt 0.383746 0.155572
vt 0.394408 0.155572
vt 0.373083 0.155572
vt 0.383254 0.161782
vt 0.372723 0.160114
vt 0.358349 0.432631
vt 0.100726 0.638355
vt 0.101703 0.644529
vt 0.084762 0.642179
vt 0.100254 0.635375
vt 0.117090 0.637059
vt 0.117090 0.649503
vt 0.102672 0.650644
vt 0.088607 0.654014
vt 0.117090 0.643310
vt 0.086694 0.648125
vt 0.133454 0.638355
vt 0.132476 0.644529
vt 0.133925 0.635375
vt 0.117090 0.634042
vt 0.103116 0.653448
vt 0.072437 0.654038
vt 0.149417 0.642179
vt 0.147485 0.648125
vt 0.145572 0.654014
vt 0.131507 0.650644
vt 0.117090 0.632642
vt 0.161742 0.654038
vt 0.165949 0.645780
vt 0.164580 0.648468
vt 0.150349 0.639310
vt 0.131063 0.653448
vt 0.117090 0.652341
vt 0.100035 0.633993
vt 0.178580 0.657038
vt 0.117090 0.658559
vt 0.144695 0.656713
vt 0.142773 0.662627
vt 0.130090 0.659589
vt 0.157642 0.662084
vt 0.127536 0.675718
vt 0.158931 0.659555
vt 0.083830 0.639310
vt 0.180353 0.654598
vt 0.171266 0.667106
vt 0.174905 0.662096
vt 0.068230 0.645780
vt 0.069599 0.648468
vt 0.067594 0.644533
vt 0.053003 0.653465
vt 0.053826 0.654598
vt 0.055599 0.657038
vt 0.193190 0.665572
vt 0.186637 0.672126
vt 0.191057 0.667705
vt 0.059274 0.662096
vt 0.062913 0.667106
vt 0.075248 0.659555
vt 0.040989 0.665572
vt 0.039999 0.664582
vt 0.201724 0.680182
vt 0.204165 0.678409
vt 0.047542 0.672126
vt 0.076537 0.662084
vt 0.089485 0.656713
vt 0.212982 0.692813
vt 0.043122 0.667705
vt 0.104089 0.659589
vt 0.091406 0.662627
vt 0.214229 0.692178
vt 0.220784 0.707981
vt 0.032455 0.680182
vt 0.117090 0.674890
vt 0.106643 0.675718
vt 0.030014 0.678409
vt 0.021197 0.692813
vt 0.223387 0.724837
vt 0.219453 0.708413
vt 0.109989 0.696840
vt 0.103062 0.698499
vt 0.096453 0.678159
vt 0.216583 0.709345
vt 0.210294 0.694183
vt 0.086773 0.682174
vt 0.096482 0.701228
vt 0.014727 0.708413
vt 0.017596 0.709345
vt 0.010792 0.724837
vt 0.023885 0.694183
vt 0.204724 0.697021
vt 0.196666 0.683857
vt 0.137727 0.678159
vt 0.131117 0.698499
vt 0.029455 0.697021
vt 0.037513 0.683857
vt 0.191657 0.687497
vt 0.182259 0.676504
vt 0.147406 0.682174
vt 0.154819 0.667624
vt 0.042522 0.687497
vt 0.051920 0.676504
vt 0.180252 0.678511
vt 0.169597 0.669402
vt 0.165942 0.674433
vt 0.156343 0.687644
vt 0.053927 0.678511
vt 0.064582 0.669402
vt 0.189360 0.689165
vt 0.184330 0.692820
vt 0.175855 0.682907
vt 0.164308 0.694454
vt 0.068237 0.674433
vt 0.079360 0.667624
vt 0.196679 0.701120
vt 0.199207 0.699832
vt 0.171118 0.702419
vt 0.153815 0.714990
vt 0.202049 0.714068
vt 0.196135 0.715989
vt 0.191139 0.703943
vt 0.204748 0.713191
vt 0.210638 0.711277
vt 0.176589 0.711357
vt 0.077836 0.687645
vt 0.205315 0.727699
vt 0.208118 0.727255
vt 0.214233 0.726287
vt 0.220408 0.725309
vt 0.180604 0.721036
vt 0.160263 0.727645
vt 0.069871 0.694454
vt 0.058324 0.682907
vt 0.209260 0.741673
vt 0.221703 0.741673
vt 0.215452 0.741673
vt 0.224720 0.741673
vt 0.183045 0.731227
vt 0.199173 0.728672
vt 0.049849 0.692820
vt 0.044819 0.689165
vt 0.214233 0.757059
vt 0.223387 0.758509
vt 0.200203 0.741673
vt 0.206421 0.741673
vt 0.037501 0.701120
vt 0.034972 0.699832
vt 0.220408 0.758037
vt 0.205315 0.755646
vt 0.208118 0.756090
vt 0.029431 0.713191
vt 0.023541 0.711277
vt 0.216583 0.774000
vt 0.183872 0.741673
vt 0.183045 0.752119
vt 0.204749 0.770155
vt 0.210638 0.772068
vt 0.019946 0.726287
vt 0.013772 0.725309
vt 0.219453 0.774933
vt 0.199173 0.754674
vt 0.204724 0.786325
vt 0.212982 0.790533
vt 0.196135 0.767356
vt 0.180604 0.762310
vt 0.176589 0.771989
vt 0.157534 0.762280
vt 0.153815 0.768355
vt 0.202049 0.769278
vt 0.210294 0.789163
vt 0.196679 0.782225
vt 0.199207 0.783514
vt 0.204165 0.804937
vt 0.201724 0.803163
vt 0.191139 0.779403
vt 0.171118 0.780927
vt 0.164308 0.788892
vt 0.191657 0.795849
vt 0.193190 0.817774
vt 0.184330 0.790526
vt 0.196666 0.799489
vt 0.178580 0.826307
vt 0.191057 0.815640
vt 0.180353 0.828748
vt 0.189360 0.794181
vt 0.175855 0.800439
vt 0.180252 0.804835
vt 0.186637 0.811220
vt 0.165949 0.837565
vt 0.165942 0.808913
vt 0.156343 0.795701
vt 0.169597 0.813944
vt 0.171266 0.816240
vt 0.182259 0.806842
vt 0.174905 0.821250
vt 0.147406 0.801172
vt 0.154819 0.815722
vt 0.157642 0.821262
vt 0.158931 0.823791
vt 0.161742 0.829308
vt 0.164580 0.834877
vt 0.142773 0.820719
vt 0.144695 0.826632
vt 0.145572 0.829332
vt 0.147485 0.835221
vt 0.149417 0.841167
vt 0.150349 0.844036
vt 0.133925 0.847970
vt 0.131063 0.829898
vt 0.137726 0.805187
vt 0.127536 0.807628
vt 0.130090 0.823757
vt 0.131507 0.832701
vt 0.132476 0.838817
vt 0.133454 0.844991
vt 0.117090 0.850703
vt 0.117090 0.849304
vt 0.100254 0.847970
vt 0.100035 0.849353
vt 0.131117 0.784846
vt 0.117090 0.824786
vt 0.117090 0.833843
vt 0.117090 0.840035
vt 0.117090 0.846287
vt 0.083397 0.845367
vt 0.124190 0.786506
vt 0.117090 0.831005
vt 0.103116 0.829898
vt 0.102672 0.832701
vt 0.101703 0.838817
vt 0.100726 0.844991
vt 0.068230 0.837565
vt 0.083830 0.844036
vt 0.067594 0.838812
vt 0.117090 0.808455
vt 0.088607 0.829332
vt 0.084762 0.841167
vt 0.086694 0.835221
vt 0.053003 0.829880
vt 0.106643 0.807628
vt 0.104089 0.823757
vt 0.072437 0.829308
vt 0.069599 0.834877
vt 0.053826 0.828748
vt 0.040989 0.817774
vt 0.039999 0.818763
vt 0.091406 0.820719
vt 0.096453 0.805187
vt 0.089484 0.826632
vt 0.055599 0.826307
vt 0.086773 0.801172
vt 0.079360 0.815722
vt 0.076537 0.821262
vt 0.075248 0.823791
vt 0.059274 0.821250
vt 0.047542 0.811220
vt 0.043122 0.815640
vt 0.068237 0.808913
vt 0.077836 0.795701
vt 0.062913 0.816240
vt 0.064582 0.813944
vt 0.032455 0.803163
vt 0.030014 0.804937
vt 0.069871 0.788892
vt 0.053927 0.804835
vt 0.058324 0.800439
vt 0.051920 0.806842
vt 0.021197 0.790533
vt 0.049849 0.790526
vt 0.063061 0.780927
vt 0.042522 0.795849
vt 0.044819 0.794181
vt 0.037513 0.799489
vt 0.057590 0.771989
vt 0.037501 0.782225
vt 0.043040 0.779403
vt 0.029455 0.786325
vt 0.034972 0.783514
vt 0.023885 0.789163
vt 0.076645 0.762280
vt 0.073916 0.755701
vt 0.038044 0.767356
vt 0.029431 0.770155
vt 0.032130 0.769278
vt 0.017596 0.774000
vt 0.023541 0.772068
vt 0.014727 0.774933
vt 0.010792 0.758509
vt 0.053575 0.762310
vt 0.051134 0.752119
vt 0.028864 0.755646
vt 0.026061 0.756090
vt 0.019946 0.757059
vt 0.013772 0.758037
vt 0.024919 0.741673
vt 0.012476 0.741673
vt 0.018727 0.741673
vt 0.009459 0.741673
vt 0.035006 0.754674
vt 0.072257 0.734572
vt 0.051134 0.731227
vt 0.073916 0.727645
vt 0.033976 0.741673
vt 0.050307 0.741673
vt 0.027758 0.741673
vt 0.026061 0.727255
vt 0.053575 0.721036
vt 0.057590 0.711357
vt 0.035006 0.728672
vt 0.028864 0.727699
vt 0.032130 0.714068
vt 0.038044 0.715989
vt 0.043040 0.703943
vt 0.063061 0.702419
vt 0.492101 0.581020
vt 0.355930 0.684912
vt 0.195000 0.511280
vt 0.195000 0.537260
vt 0.195000 0.603384
vt 0.195000 0.624622
vt 0.195000 0.643577
vt 0.195000 0.658944
vt 1.135283 0.517468
vt 0.209441 0.863859
vt 0.222287 0.863859
vt 0.228710 0.863859
vt 0.190172 0.863859
vt 0.183749 0.863859
vt 0.177326 0.863859
vt 0.254401 0.863859
vt 0.151635 0.863859
vt 0.260824 0.863859
vt 0.264036 0.863859
vt 0.267247 0.882494
vt 0.267247 0.924921
vt 0.132366 0.863859
vt 0.267247 0.944679
vt 0.125943 0.863859
vt 0.119520 0.863859
vt 0.087405 0.863859
vt 0.080982 0.863859
vt 0.061714 0.863859
vt 0.055291 0.863859
vt 0.010330 0.992317
vt 0.010330 0.951614
vt 0.010330 0.902955
vt 0.029599 0.863859
vt 0.989603 0.408627
vt 0.983406 0.255761
vt 0.996871 0.332969
vt 0.996871 0.408794
vt 0.972943 0.485336
vt 1.506014 0.281835
vt 1.989603 0.408627
vt 1.989605 0.333135
vt 1.996871 0.408794
vt 1.996871 0.332968
vt 1.972943 0.485336
vt 0.994284 0.021428
vt 0.994284 0.015206
vt 0.994284 0.034400
vt 0.994284 0.003863
vt 0.994284 0.056233
vt 0.994284 0.198964
vt 0.505748 0.041752
vt 0.505748 0.050262
vt 0.505748 0.184484
vt 0.505748 0.190454
vt 0.505748 0.206316
vt 0.505748 0.219288
vt 0.505748 0.225510
vt 0.505748 0.236853
vt 0.011578 -0.428326
vt 0.994284 -1.984794
vt 0.994284 -1.996137
vt 0.994284 -1.958248
vt 0.994284 -1.943768
vt 0.994284 -1.815516
vt 0.994284 -1.809546
vt 0.994284 -1.801036
vt 0.994284 -1.763147
vt 0.505748 -1.978571
vt 0.505748 -1.965600
vt 0.505748 -1.949738
vt 0.505748 -1.793684
vt 0.505748 -1.780712
vt 0.505748 -1.774490
vt 0.994284 -0.978572
vt 0.994284 -0.984794
vt 0.994284 -0.958248
vt 0.994284 -0.949738
vt 0.994284 -0.809546
vt 0.994284 -0.801036
vt 0.994284 -0.763147
vt 0.505748 -0.996137
vt 0.505748 -0.965600
vt 0.505748 -0.943767
vt 0.505748 -0.815516
vt 0.505748 -0.793684
vt 0.505748 -0.780712
vt 0.505748 -0.774490
vt 1.047880 0.594597
vt 0.484745 0.201287
vt 0.367190 0.009468
vt 0.475852 0.222729
vt 0.344049 0.007636
vt 0.320909 0.009468
vt 0.276893 0.023770
vt 0.257095 0.035889
vt 0.197946 0.132432
vt 0.203354 0.201287
vt 0.212247 0.222729
vt 0.224366 0.242527
vt 0.298335 0.296268
vt 0.367190 0.301676
vt 0.389764 0.296268
vt 0.411206 0.287374
vt 0.431004 0.275255
vt 0.448648 0.260171
vt 0.279305 0.134535
vt 0.283398 0.124669
vt 0.276817 0.144924
vt 0.399124 0.115558
vt 0.288975 0.115558
vt 0.295916 0.107439
vt 0.279305 0.176609
vt 0.323013 0.090828
vt 0.333401 0.088339
vt 0.354698 0.088339
vt 0.412126 0.155572
vt 0.411282 0.166221
vt 0.365086 0.220316
vt 0.354698 0.222805
vt 0.344049 0.223649
vt 0.447845 0.971268
vt 0.433691 0.979933
vt 0.460460 0.960484
vt 0.402222 0.990157
vt 0.471244 0.947869
vt 0.369134 0.990157
vt 0.352994 0.986291
vt 0.479908 0.933715
vt 0.337665 0.979933
vt 0.486267 0.918385
vt 0.323510 0.971268
vt 0.490133 0.869158
vt 0.486267 0.853019
vt 0.310896 0.960484
vt 0.300112 0.947869
vt 0.291447 0.933715
vt 0.479908 0.837689
vt 0.460460 0.810920
vt 0.447845 0.800136
vt 0.433691 0.791471
vt 0.418361 0.785113
vt 0.402222 0.781246
vt 0.281222 0.902246
vt 0.385678 0.779936
vt 0.279912 0.885702
vt 0.337665 0.791471
vt 0.323510 0.800136
vt 0.291447 0.837689
vt 0.137554 0.494056
vt 0.117293 0.492451
vt 0.078754 0.479929
vt 0.061420 0.469318
vt 0.157815 0.492451
vt 0.045971 0.456111
vt 0.032764 0.440663
vt 0.022153 0.423328
vt 0.213688 0.469318
vt 0.229136 0.456111
vt 0.242343 0.440663
vt 0.252954 0.423329
vt 0.009631 0.344268
vt 0.260741 0.404555
vt 0.032764 0.288395
vt 0.045971 0.272947
vt 0.078754 0.249129
vt 0.097528 0.241342
vt 0.265476 0.384790
vt 0.267081 0.364529
vt 0.117293 0.236607
vt 0.137554 0.235002
vt 0.252954 0.305730
vt 0.157815 0.236607
vt 0.177580 0.241342
vt 0.229136 0.272947
vt 0.213688 0.259739
vt 0.196353 0.249129
vt 0.294314 0.147695
vt 0.293690 0.155572
vt 0.296155 0.140010
vt 0.294314 0.163449
vt 0.299183 0.132711
vt 0.296155 0.171134
vt 0.314449 0.114831
vt 0.308443 0.191179
vt 0.328487 0.203466
vt 0.359611 0.203466
vt 0.366910 0.200439
vt 0.384791 0.125972
vt 0.388916 0.132711
vt 0.391944 0.140010
vt 0.393784 0.147695
vt 0.393784 0.163449
vt 0.134144 0.633993
vt 0.150782 0.637979
vt 0.083397 0.637979
vt 0.166585 0.644533
vt 0.181176 0.653465
vt 0.194180 0.664582
vt 0.205297 0.677586
vt 0.028882 0.677586
vt 0.019950 0.692178
vt 0.013395 0.707981
vt 0.224769 0.724618
vt 0.117090 0.696278
vt 0.009410 0.724618
vt 0.226120 0.741673
vt 0.124190 0.696840
vt 0.008059 0.741673
vt 0.090407 0.704947
vt 0.137697 0.701228
vt 0.143772 0.704947
vt 0.149186 0.709576
vt 0.157534 0.721065
vt 0.084993 0.709576
vt 0.161922 0.734572
vt 0.080364 0.714990
vt 0.224769 0.758728
vt 0.162485 0.741673
vt 0.220784 0.775365
vt 0.161922 0.748774
vt 0.160263 0.755701
vt 0.214229 0.791168
vt 0.205297 0.805759
vt 0.149186 0.773770
vt 0.194180 0.818763
vt 0.143772 0.778398
vt 0.181176 0.829880
vt 0.166585 0.838812
vt 0.150782 0.845367
vt 0.137697 0.782117
vt 0.134144 0.849353
vt 0.117090 0.787068
vt 0.109989 0.786506
vt 0.103062 0.784846
vt 0.028882 0.805759
vt 0.096482 0.782117
vt 0.090407 0.778398
vt 0.084993 0.773770
vt 0.019950 0.791168
vt 0.080364 0.768355
vt 0.013395 0.775365
vt 0.009410 0.758728
vt 0.072257 0.748774
vt 0.071694 0.741673
vt 0.076645 0.721065
vn 0.000000 -1.000000 0.000000
vn 0.000000 0.894400 0.447200
vn -0.005900 -1.000000 -0.004900
vn -0.007400 -1.000000 -0.001900
vn -0.007000 -1.000000 0.002300
vn 0.002300 -1.000000 -0.007000
vn 0.006000 -1.000000 -0.004300
vn 0.002900 -1.000000 -0.007100
vn 0.000000 -1.000000 0.007400
vn 0.001900 -1.000000 -0.007400
vn -0.004900 -1.000000 0.005900
vn 0.007000 -1.000000 -0.002300
vn 0.004900 -1.000000 -0.005900
vn 0.004100 -1.000000 -0.006500
vn 0.004400 -1.000000 0.006000
vn 0.000500 -1.000000 0.007700
vn -0.000500 -1.000000 0.007700
vn 0.007000 -1.000000 0.002300
vn 0.007400 -1.000000 -0.001900
vn 0.014900 0.999700 0.017400
vn 0.017400 0.999700 0.014900
vn -0.022300 0.999700 -0.005300
vn -0.022800 0.999700 -0.001800
vn -0.021200 0.999700 -0.008800
vn -0.019500 0.999700 -0.012000
vn -0.022800 0.999700 0.001800
vn -0.022300 0.999700 0.005300
vn -0.017400 0.999700 -0.014900
vn -0.014900 0.999700 -0.017400
vn -0.021200 0.999700 0.008800
vn -0.019500 0.999700 0.012000
vn 0.022300 0.999700 0.005300
vn 0.022800 0.999700 0.001800
vn 0.021200 0.999700 0.008800
vn 0.019500 0.999700 0.012000
vn 0.012000 0.999700 0.019500
vn 0.008800 0.999700 0.021200
vn 0.005300 0.999700 0.022300
vn 0.001800 0.999700 0.022800
vn -0.012000 0.999700 -0.019500
vn -0.008800 0.999700 -0.021200
vn -0.005300 0.999700 -0.022300
vn -0.001800 0.999700 -0.022800
vn -0.017400 0.999700 0.014900
vn -0.014900 0.999700 0.017400
vn -0.012000 0.999700 0.019500
vn -0.008800 0.999700 0.021200
vn -0.005300 0.999700 0.022300
vn -0.001800 0.999700 0.022800
vn 0.001800 0.999700 -0.022800
vn 0.005300 0.999700 -0.022300
vn 0.022800 0.999700 -0.001800
vn 0.022300 0.999700 -0.005300
vn 0.021200 0.999700 -0.008800
vn 0.019500 0.999700 -0.012000
vn 0.012000 0.999700 -0.019500
vn 0.008800 0.999700 -0.021200
vn 0.014900 0.999700 -0.017400
vn 0.017400 0.999700 -0.014900
vn 0.000000 1.000000 -0.000000
vn -0.007100 -1.000000 -0.005900
vn -0.009000 -1.000000 -0.002300
vn -0.008400 -1.000000 0.002800
vn -0.008600 -1.000000 -0.003400
vn -0.007200 -1.000000 0.005200
vn -0.009200 -1.000000 0.000600
vn -0.009200 -1.000000 -0.000600
vn -0.005200 -1.000000 0.007200
vn -0.008600 -1.000000 0.003400
vn -0.009000 -1.000000 0.002300
vn -0.002700 -1.000000 0.008500
vn -0.007100 -1.000000 0.005900
vn 0.007200 -1.000000 -0.005200
vn 0.003400 -1.000000 -0.008600
vn 0.002300 -1.000000 -0.009000
vn 0.008500 -1.000000 -0.002700
vn 0.005900 -1.000000 -0.007100
vn 0.002800 -1.000000 0.008400
vn 0.004900 -1.000000 -0.007800
vn 0.008900 -1.000000 0.000000
vn 0.007800 -1.000000 -0.004900
vn 0.008400 -1.000000 0.002800
vn 0.007200 -1.000000 0.005200
vn 0.003400 -1.000000 0.008600
vn 0.008600 -1.000000 -0.003400
vn 0.009200 -1.000000 0.000600
vn 0.008500 -1.000000 0.002700
vn 0.009200 -1.000000 -0.000600
vn 0.004900 -1.000000 0.007800
vn 0.007800 -1.000000 0.004900
vn 0.000000 0.000000 1.000000
vn 0.000000 -1.000000 -0.007100
vn 0.000000 -0.987900 0.155000
vn -0.006500 -1.000000 -0.004100
vn -0.007100 -1.000000 -0.002900
vn 0.000000 -1.000000 -0.007400
vn -0.004100 -1.000000 -0.006500
vn -0.006000 -1.000000 0.004400
vn -0.007700 -1.000000 0.000500
vn -0.004900 -1.000000 -0.005900
vn -0.007700 -1.000000 -0.000500
vn -0.001900 -1.000000 -0.007400
vn -0.004300 -1.000000 0.006000
vn -0.007100 -1.000000 0.002900
vn -0.002900 -1.000000 -0.007100
vn -0.007400 -1.000000 0.001900
vn 0.004400 -1.000000 -0.006000
vn 0.000500 -1.000000 -0.007700
vn -0.002300 -1.000000 0.007000
vn -0.005900 -1.000000 0.004900
vn -0.000500 -1.000000 -0.007700
vn -0.006500 -1.000000 0.004100
vn -0.004100 -1.000000 0.006500
vn 0.002300 -1.000000 0.007000
vn -0.001900 -1.000000 0.007400
vn -0.002900 -1.000000 0.007100
vn 0.007400 -1.000000 0.000000
vn 0.006500 -1.000000 -0.004100
vn 0.005900 -1.000000 -0.004900
vn 0.006000 -1.000000 0.004300
vn 0.002900 -1.000000 0.007100
vn 0.007100 -1.000000 -0.002900
vn 0.001900 -1.000000 0.007400
vn 0.006000 -1.000000 0.004400
vn 0.007700 -1.000000 0.000500
vn 0.004900 -1.000000 0.005900
vn 0.007700 -1.000000 -0.000500
vn 0.004100 -1.000000 0.006500
vn 0.004300 -1.000000 0.006000
vn 0.007100 -1.000000 0.002900
vn 0.006500 -1.000000 0.004100
vn 0.007400 -1.000000 0.001900
vn 0.005900 -1.000000 0.004900
vn -0.007800 -1.000000 -0.004900
vn 0.000000 -1.000000 -0.008900
vn -0.004900 -1.000000 -0.007800
vn -0.005900 -1.000000 -0.007100
vn 0.002800 -1.000000 -0.008400
vn -0.002300 -1.000000 -0.009000
vn -0.003400 -1.000000 -0.008600
vn 0.005200 -1.000000 -0.007200
vn 0.000600 -1.000000 -0.009200
vn -0.000600 -1.000000 -0.009200
vn -0.007800 -1.000000 0.004900
vn 0.000000 -1.000000 0.008900
vn -0.004900 -1.000000 0.007800
vn -0.005900 -1.000000 0.007100
vn -0.002300 -1.000000 0.009000
vn -0.003400 -1.000000 0.008600
vn 0.005200 -1.000000 0.007200
vn 0.000600 -1.000000 0.009200
vn 0.007100 -1.000000 -0.005900
vn -0.000600 -1.000000 0.009200
vn 0.009000 -1.000000 -0.002300
vn 0.002300 -1.000000 0.008900
vn 0.005900 -1.000000 0.007100
vn 0.008600 -1.000000 0.003400
vn 0.009000 -1.000000 0.002300
vn 0.007100 -1.000000 0.005900
vn 0.434400 -0.789000 -0.434400
vn 0.588200 -0.555000 -0.588200
vn 0.720400 -0.555000 -0.415900
vn 0.307200 -0.789000 -0.532000
vn 0.192300 -0.923100 -0.332900
vn 0.532000 -0.789100 -0.307100
vn 0.273000 -0.922400 -0.273000
vn 0.332800 -0.923200 -0.192300
vn 0.146100 -0.978400 -0.146100
vn 0.076400 -0.979500 -0.186100
vn 0.099300 -0.923100 -0.371400
vn 0.593700 -0.789000 -0.157600
vn 0.803500 -0.555300 -0.214200
vn 0.371500 -0.923200 -0.098300
vn 0.186500 -0.979500 -0.075800
vn 0.075100 -0.994300 -0.075100
vn 0.000000 -0.996200 -0.087500
vn 0.000000 -0.922400 -0.386200
vn 0.159000 -0.789000 -0.593400
vn 0.613900 -0.789400 -0.001400
vn 0.831400 -0.555600 -0.000500
vn 0.385500 -0.922700 -0.001100
vn 0.203500 -0.979100 -0.000800
vn 0.087800 -0.996100 -0.002400
vn 0.000000 -1.000000 0.000100
vn 0.000000 -0.789000 -0.614400
vn 0.215300 -0.555000 -0.803500
vn 0.415900 -0.555000 -0.720400
vn 0.594300 -0.789000 0.155900
vn 0.804900 -0.553500 0.213700
vn 0.371900 -0.923200 0.097000
vn 0.186000 -0.979700 0.074500
vn 0.074900 -0.994500 0.073000
vn 0.000000 -0.996300 0.086200
vn 0.000000 -0.555000 -0.831800
vn 0.242000 -0.408200 -0.880200
vn 0.476600 -0.390300 -0.787700
vn 0.670900 -0.315700 -0.670900
vn 0.821700 -0.315700 -0.474400
vn 0.332800 -0.923200 0.192300
vn 0.532000 -0.789100 0.307100
vn 0.146100 -0.978400 0.146100
vn 0.076400 -0.979500 0.186100
vn 0.000000 -0.408200 -0.912800
vn 0.707600 -0.224900 -0.669900
vn 0.864400 -0.190600 -0.465200
vn 0.962500 -0.083800 -0.257900
vn 0.916500 -0.315700 -0.245600
vn 0.273500 -0.923200 0.269800
vn 0.440000 -0.789500 0.428000
vn 0.187400 -0.927600 0.323000
vn 0.000000 -0.979000 0.203700
vn 0.096500 -0.928100 0.359500
vn 0.972300 0.057100 -0.226600
vn 0.996500 -0.083900 -0.005600
vn 0.997300 0.068600 0.024800
vn 0.948900 -0.315400 -0.006600
vn 0.307500 -0.791600 0.528000
vn 0.160600 -0.781800 0.602500
vn 0.000000 -0.927600 0.373500
vn 0.000000 -0.781500 0.623900
vn 0.962500 -0.083700 0.257900
vn 0.960400 0.106300 0.257400
vn 0.946900 0.160000 0.278700
vn 0.916600 -0.315200 0.246000
vn 0.208900 -0.541000 0.814700
vn 0.422500 -0.540500 0.727500
vn 0.000000 -0.537000 0.843600
vn -0.155500 -0.783800 0.601100
vn -0.211300 -0.534800 0.818100
vn 0.858400 0.103400 0.502300
vn 0.835100 0.168500 0.523600
vn 0.860000 -0.083800 0.503300
vn 0.822800 -0.307100 0.478100
vn 0.725000 -0.545300 0.420600
vn 0.600700 -0.542000 0.587700
vn 0.690200 0.217000 0.690200
vn 0.655100 0.285100 0.699700
vn 0.704600 -0.083800 0.704600
vn 0.681000 -0.298300 0.668800
vn 0.703300 0.103400 0.703300
vn 0.490100 -0.279200 0.825700
vn 0.488100 0.217000 0.845400
vn 0.463200 0.285200 0.839100
vn 0.502600 -0.068200 0.861800
vn 0.497300 0.103400 0.861400
vn 0.243100 -0.290800 0.925400
vn 0.252600 0.217000 0.942900
vn 0.248100 0.285300 0.925800
vn 0.257100 0.102400 0.960900
vn -0.000200 -0.293900 0.955800
vn 0.000200 -0.061600 0.998100
vn 0.000000 0.217000 0.976100
vn 0.000000 0.285300 0.958400
vn 0.000300 0.103000 0.994700
vn -0.246600 -0.294400 0.923300
vn 0.064100 -0.197800 0.978100
vn -0.257600 0.102500 0.960800
vn -0.252600 0.217000 0.942900
vn -0.248100 0.285300 0.925800
vn -0.482000 -0.285700 0.828200
vn -0.499400 -0.064600 0.863900
vn -0.497100 0.103200 0.861500
vn -0.488100 0.217000 0.845400
vn -0.463200 0.285200 0.839100
vn -0.422100 -0.534300 0.732300
vn -0.683200 -0.301300 0.665200
vn -0.707300 -0.080600 0.702300
vn -0.703300 0.103400 0.703300
vn -0.690200 0.217000 0.690200
vn -0.655100 0.285100 0.699700
vn -0.601100 -0.541900 0.587300
vn -0.310300 -0.794800 0.521600
vn -0.096500 -0.928100 0.359500
vn -0.822500 -0.305500 0.479800
vn -0.860100 -0.083900 0.503200
vn -0.858900 0.104300 0.501400
vn -0.835800 0.167200 0.522800
vn -0.723300 -0.546600 0.421900
vn -0.437800 -0.790700 0.427800
vn -0.190600 -0.926800 0.323400
vn -0.076400 -0.979500 0.186100
vn -0.917400 -0.314100 0.244400
vn -0.962500 -0.083800 0.258000
vn -0.959900 0.107900 0.258800
vn -0.945800 0.156800 0.284300
vn -0.804900 -0.554400 0.211300
vn -0.532000 -0.789100 0.307100
vn -0.273000 -0.922400 0.273000
vn -0.146100 -0.978400 0.146100
vn -0.074900 -0.994500 0.073000
vn -0.948600 -0.316300 -0.006800
vn -0.996500 -0.083800 -0.005700
vn -0.997300 0.068600 0.024800
vn -0.832000 -0.554800 -0.000800
vn -0.594300 -0.789000 0.156100
vn -0.332800 -0.923200 0.192300
vn -0.186000 -0.979700 0.074500
vn -0.087800 -0.996100 -0.002400
vn -0.916500 -0.316200 -0.245000
vn -0.962500 -0.083800 -0.257900
vn -0.972300 0.057100 -0.226600
vn -0.804000 -0.554900 -0.213600
vn -0.613900 -0.789400 -0.001800
vn -0.371700 -0.923200 0.097100
vn -0.203500 -0.979100 -0.000800
vn -0.186500 -0.979500 -0.075800
vn -0.075100 -0.994300 -0.075100
vn -0.821700 -0.315700 -0.474400
vn -0.864400 -0.190600 -0.465200
vn -0.720400 -0.555000 -0.415900
vn -0.593800 -0.789100 -0.157500
vn -0.385500 -0.922700 -0.001300
vn -0.371600 -0.923200 -0.098200
vn -0.332800 -0.923200 -0.192300
vn -0.146100 -0.978400 -0.146100
vn -0.076400 -0.979500 -0.186100
vn -0.670900 -0.315700 -0.670900
vn -0.707600 -0.224900 -0.669900
vn -0.588200 -0.555000 -0.588200
vn -0.532000 -0.789100 -0.307100
vn -0.099300 -0.923100 -0.371400
vn 0.000000 -0.979000 -0.203700
vn -0.192300 -0.923100 -0.332900
vn -0.434400 -0.789000 -0.434400
vn -0.273000 -0.922400 -0.273000
vn -0.476600 -0.390300 -0.787700
vn -0.415900 -0.555000 -0.720400
vn -0.159000 -0.789000 -0.593400
vn -0.307200 -0.789000 -0.532000
vn -0.242000 -0.408200 -0.880200
vn -0.215300 -0.555000 -0.803500
vn 0.787400 0.256200 0.560700
vn 0.695700 0.441500 0.566700
vn 0.464400 0.266700 0.844500
vn 0.750300 0.136700 0.646700
vn 0.314200 0.482800 0.817400
vn 0.337900 0.699000 0.630200
vn -0.108000 0.109500 0.988100
vn 0.472700 0.094200 0.876200
vn -0.140200 0.276500 0.950700
vn 0.786100 0.062600 0.614900
vn -0.085100 0.636300 0.766700
vn 0.035000 0.803500 0.594200
vn -0.400100 0.101000 0.910900
vn -0.178400 -0.059700 0.982100
vn 0.428000 -0.107000 0.897400
vn 0.727900 0.001200 0.685700
vn -0.385000 0.282600 0.878500
vn -0.538900 0.616000 0.574500
vn -0.270800 0.785500 0.556500
vn -0.393800 -0.084800 0.915300
vn -0.102500 -0.521300 0.847100
vn 0.245900 -0.359500 0.900100
vn 0.761600 -0.169400 0.625500
vn -0.587900 0.262100 0.765300
vn -0.831000 0.443600 0.335400
vn -0.731200 0.656200 0.186300
vn -0.506000 0.779700 0.368800
vn -0.505300 -0.536600 0.675800
vn -0.588900 -0.076200 0.804600
vn 0.356200 -0.637000 0.683600
vn -0.634100 0.085100 0.768500
vn -0.931500 0.228500 0.282900
vn -0.914600 0.390700 -0.103700
vn -0.796400 -0.401100 0.452700
vn -0.933300 -0.161900 0.320600
vn 0.067900 -0.732800 0.677000
vn -0.950100 0.037400 0.309500
vn -0.996400 0.076400 -0.036300
vn -0.965800 0.208200 -0.154600
vn -0.885600 -0.463700 -0.028100
vn -0.686200 -0.683700 0.248000
vn -0.965400 -0.241600 -0.097700
vn -0.997700 -0.066100 -0.012400
vn -0.238800 -0.736300 0.633100
vn -0.995400 -0.005300 -0.095700
vn -0.481200 -0.753000 0.448800
vn -0.787400 0.256200 0.560700
vn -0.464400 0.266700 0.844500
vn -0.695700 0.441500 0.566700
vn -0.750300 0.136700 0.646700
vn -0.472700 0.094200 0.876200
vn 0.108000 0.109500 0.988100
vn 0.140200 0.276500 0.950700
vn -0.314200 0.482800 0.817400
vn -0.337900 0.699000 0.630200
vn -0.786100 0.062600 0.614900
vn -0.428000 -0.107000 0.897400
vn -0.727900 0.001200 0.685700
vn 0.178400 -0.059700 0.982100
vn 0.400100 0.101000 0.910900
vn 0.385000 0.282600 0.878500
vn 0.085100 0.636300 0.766700
vn -0.035000 0.803500 0.594200
vn -0.245900 -0.359500 0.900100
vn -0.064400 -0.197600 0.978100
vn -0.761600 -0.169400 0.625500
vn 0.102500 -0.521300 0.847100
vn 0.393800 -0.084800 0.915300
vn 0.587900 0.262100 0.765300
vn 0.538900 0.616000 0.574500
vn 0.270800 0.785500 0.556500
vn -0.356200 -0.637000 0.683600
vn 0.505300 -0.536600 0.675800
vn 0.238800 -0.736300 0.633100
vn -0.067900 -0.732800 0.677000
vn 0.588900 -0.076200 0.804600
vn 0.831000 0.443600 0.335400
vn 0.731200 0.656200 0.186300
vn 0.506000 0.779700 0.368800
vn 0.686300 -0.683700 0.248000
vn 0.796300 -0.401100 0.452700
vn 0.481200 -0.753000 0.448800
vn 0.933300 -0.161900 0.320600
vn 0.634100 0.085100 0.768500
vn 0.931500 0.228500 0.282900
vn 0.914600 0.390700 -0.103700
vn 0.885600 -0.463600 -0.028000
vn 0.965400 -0.241600 -0.097700
vn 0.950100 0.037400 0.309500
vn 0.997700 -0.066100 -0.012400
vn 0.996400 0.076400 -0.036300
vn 0.965800 0.208200 -0.154600
vn 0.995400 -0.005300 -0.095700
vn 0.196600 0.978400 -0.063900
vn 0.610100 0.767100 -0.198200
vn 0.641500 0.767100 0.000000
vn 0.999800 0.017300 0.000000
vn 0.950900 0.017300 0.308900
vn 0.610100 0.767100 0.198200
vn 0.206800 0.978400 0.000000
vn 0.228200 0.972900 0.036100
vn 0.518900 0.767100 -0.377000
vn 0.950900 0.017300 -0.308900
vn 0.657200 -0.753700 0.000000
vn 0.625000 -0.753700 0.203100
vn 0.531700 -0.753700 0.386300
vn 0.808900 0.017300 0.587700
vn 0.518900 0.767100 0.377000
vn 0.808900 0.017300 -0.587700
vn 0.625000 -0.753700 -0.203100
vn 0.823300 -0.500600 0.267500
vn 0.865700 -0.500600 0.000000
vn 0.700300 -0.500600 0.508800
vn 0.508800 -0.500600 0.700300
vn 0.386300 -0.753700 0.531700
vn 0.587700 0.017300 0.808900
vn 0.163400 0.972900 -0.163400
vn 0.121500 0.978400 -0.167300
vn 0.823300 -0.500600 -0.267500
vn 0.531700 -0.753700 -0.386300
vn 0.951000 0.000000 0.309000
vn 1.000000 0.000000 0.000000
vn 0.267500 -0.500600 0.823300
vn 0.203100 -0.753700 0.625000
vn 0.308900 0.017300 0.950900
vn 0.377000 0.767100 0.518900
vn 0.377000 0.767100 -0.518900
vn 0.104900 0.972900 -0.205900
vn 0.000000 -0.500600 0.865700
vn 0.000000 -0.753700 0.657200
vn 0.000000 0.017300 0.999800
vn 0.198200 0.767100 0.610100
vn 0.121500 0.978400 0.167300
vn 0.163400 0.972900 0.163400
vn 0.198200 0.767100 -0.610100
vn 0.587700 0.017300 -0.808900
vn -0.267500 -0.500600 0.823300
vn -0.203100 -0.753700 0.625000
vn -0.308900 0.017300 0.950900
vn 0.000000 0.767100 0.641500
vn 0.104900 0.972900 0.205900
vn 0.386300 -0.753700 -0.531700
vn 0.308900 0.017300 -0.950900
vn 0.700300 -0.500600 -0.508800
vn -0.508800 -0.500600 0.700300
vn -0.386300 -0.753700 0.531700
vn 0.508800 -0.500600 -0.700300
vn 0.203100 -0.753700 -0.625000
vn 0.000000 0.017300 -0.999800
vn 0.951000 0.000000 -0.309000
vn 0.036100 0.972900 0.228200
vn 0.000000 0.978400 0.206800
vn 0.809000 0.000000 -0.587800
vn 0.587800 0.000000 -0.809000
vn 0.267500 -0.500600 -0.823300
vn -0.198200 0.767100 0.610100
vn 0.309000 0.000000 -0.951000
vn 0.809000 0.000000 0.587800
vn -0.587700 0.017300 0.808900
vn -0.377000 0.767100 0.518900
vn 0.587800 0.000000 0.809000
vn -0.700300 -0.500600 0.508800
vn -0.531700 -0.753700 0.386300
vn -0.808900 0.017300 0.587700
vn 0.000000 0.000000 -1.000000
vn 0.309000 0.000000 0.951000
vn -0.823300 -0.500600 0.267500
vn -0.625000 -0.753700 0.203100
vn -0.951000 0.000000 0.309000
vn -1.000000 0.000000 0.000000
vn -0.865700 -0.500600 0.000000
vn -0.518900 0.767100 0.377000
vn -0.121500 0.978400 0.167300
vn -0.163400 0.972900 0.163400
vn -0.309000 0.000000 0.951000
vn -0.809000 0.000000 0.587800
vn -0.950900 0.017300 0.308900
vn -0.610100 0.767100 0.198200
vn -0.167300 0.978400 0.121500
vn -0.587800 0.000000 0.809000
vn -0.657200 -0.753700 0.000000
vn -0.999800 0.017300 0.000000
vn -0.205900 0.972900 0.104900
vn -0.951000 0.000000 -0.309000
vn -0.823300 -0.500600 -0.267500
vn -0.625000 -0.753700 -0.203100
vn -0.950900 0.017300 -0.308900
vn -0.641500 0.767100 0.000000
vn -0.809000 0.000000 -0.587800
vn -0.700300 -0.500600 -0.508800
vn -0.531700 -0.753700 -0.386300
vn -0.808900 0.017300 -0.587700
vn -0.610100 0.767100 -0.198200
vn -0.206800 0.978400 0.000000
vn -0.587800 0.000000 -0.809000
vn -0.508800 -0.500600 -0.700300
vn -0.386300 -0.753700 -0.531700
vn -0.587700 0.017300 -0.808900
vn -0.518900 0.767100 -0.377000
vn -0.228200 0.972900 -0.036100
vn -0.309000 0.000000 -0.951000
vn -0.267500 -0.500600 -0.823300
vn -0.203100 -0.753700 -0.625000
vn -0.308900 0.017300 -0.950900
vn -0.377000 0.767100 -0.518900
vn -0.167300 0.978400 -0.121500
vn 0.000000 -0.500600 -0.865700
vn 0.000000 -0.753700 -0.657200
vn -0.198200 0.767100 -0.610100
vn -0.121500 0.978400 -0.167300
vn -0.163400 0.972900 -0.163400
vn 0.000000 0.767100 -0.641500
vn -0.063900 0.978400 -0.196600
vn 0.000000 0.978400 -0.206800
vn -0.036100 0.972900 -0.228200
vn -0.768700 -0.580600 -0.268000
vn 0.174600 -0.981000 -0.084900
vn -0.632200 -0.711100 0.307600
vn -0.161700 -0.730800 -0.663100
vn -0.774900 0.573900 -0.265000
vn 0.581000 -0.763200 -0.282700
vn 0.163500 -0.584300 -0.794800
vn -0.401700 0.670800 -0.623400
vn -0.639600 0.702800 0.311200
vn 0.865300 -0.272100 -0.421000
vn 0.372400 -0.206600 -0.904800
vn -0.668700 0.484600 -0.564000
vn -0.117600 0.991400 0.057200
vn 0.860000 0.291800 -0.418400
vn 0.372800 0.222500 -0.900800
vn -0.884700 0.175600 -0.431700
vn -0.531200 0.806800 0.258500
vn 0.735600 0.575100 -0.357900
vn 0.216200 0.409300 -0.886400
vn -0.889100 -0.168200 -0.425700
vn -0.863800 0.277900 0.420200
vn 0.802400 0.451400 -0.390400
vn 0.208000 0.300600 -0.930800
vn -0.830300 -0.389800 -0.398300
vn -0.867200 -0.264500 0.421900
vn 0.888900 0.151200 -0.432400
vn 0.270100 0.101200 -0.957500
vn -0.891800 -0.333100 -0.306100
vn -0.743200 -0.562900 0.361600
vn 0.892800 -0.119300 -0.434400
vn 0.283800 -0.080900 -0.955400
vn -0.951600 -0.097000 -0.291600
vn -0.804700 -0.446300 0.391500
vn 0.829500 -0.386100 -0.403500
vn 0.228600 -0.257900 -0.938700
vn -0.951600 0.087400 -0.294500
vn -0.891300 -0.132100 0.433600
vn 0.683200 -0.650200 -0.332400
vn 0.131700 -0.434900 -0.890800
vn -0.906500 0.290400 -0.306500
vn -0.892800 0.119400 0.434300
vn 0.520900 -0.815100 -0.253400
vn 0.038500 -0.558700 -0.828400
vn -0.799000 0.478600 -0.363900
vn -0.827100 0.392300 0.402400
vn 0.453300 -0.863600 -0.220600
vn 0.011500 -0.610900 -0.791600
vn -0.682900 0.590100 -0.430500
vn -0.683200 0.650100 0.332400
vn 0.512400 -0.821700 -0.249300
vn 0.068700 -0.594500 -0.801100
vn -0.630800 0.609700 -0.480000
vn -0.526100 0.810900 0.256000
vn 0.661800 -0.677000 -0.322000
vn 0.191700 -0.498800 -0.845200
vn -0.664800 0.573200 -0.479000
vn -0.454600 0.862800 0.221200
vn 0.826000 -0.395100 -0.401900
vn 0.324400 -0.294600 -0.898800
vn -0.762400 0.458900 -0.456100
vn -0.504300 0.827900 0.245300
vn 0.895600 -0.089200 -0.435700
vn 0.358600 -0.065400 -0.931200
vn -0.873500 0.254600 -0.414800
vn -0.653800 0.686500 0.318100
vn 0.884100 0.182300 -0.430200
vn 0.356900 0.134500 -0.924400
vn -0.929400 0.051900 -0.365300
vn -0.828600 0.388500 0.403100
vn 0.794700 0.468000 -0.386600
vn 0.292100 0.345600 -0.891700
vn -0.923300 -0.110000 -0.368100
vn -0.896600 0.076600 0.436200
vn 0.597400 0.747400 -0.290700
vn 0.155700 0.558500 -0.814800
vn -0.865200 -0.289300 -0.409400
vn -0.887300 -0.162100 0.431700
vn 0.315200 0.936500 -0.153400
vn -0.060400 0.693700 -0.717700
vn -0.738800 -0.476100 -0.476900
vn -0.809700 -0.434900 0.393900
vn 0.062500 0.997600 -0.030400
vn -0.251900 0.730900 -0.634200
vn -0.543300 -0.610600 -0.576200
vn -0.621700 -0.722400 0.302500
vn -0.444700 0.723200 -0.528400
vn -0.204200 0.973800 0.099400
vn -0.364200 -0.683600 -0.632400
vn -0.324600 -0.932500 0.157900
vn -0.194100 -0.630800 -0.751200
vn -0.646400 0.626500 -0.435500
vn -0.475900 0.848500 0.231500
vn -0.066600 -0.997300 0.032400
vn 0.213600 -0.971400 -0.103900
vn 0.018100 -0.557100 -0.830200
vn -0.780400 0.496900 -0.379500
vn -0.659300 0.680000 0.320700
vn 0.506200 -0.826500 -0.246300
vn 0.137800 -0.445200 -0.884700
vn -0.629200 0.714300 0.306100
vn -0.745700 0.476500 -0.465600
vn 0.677900 -0.657000 -0.329800
vn 0.177000 -0.538000 -0.824100
vn -0.335200 0.927900 0.163100
vn -0.550500 0.600000 -0.580500
vn 0.624700 -0.719300 -0.303900
vn -0.048500 -0.694100 -0.718300
vn -0.068100 0.997100 0.033100
vn -0.363800 0.687700 -0.628200
vn 0.326600 -0.931700 -0.158900
vn -0.240500 -0.723200 -0.647400
vn -0.002000 1.000000 0.000900
vn -0.401600 0.679900 -0.613500
vn 0.082900 -0.995700 -0.040300
vn -0.398300 -0.680400 -0.615000
vn -0.608900 0.671900 0.421500
vn -0.002000 1.000000 0.001100
vn -0.707600 0.671800 0.218800
vn -0.741800 0.609900 -0.278900
vn 0.002100 -1.000000 -0.000900
vn -0.737500 -0.614400 -0.280300
vn -0.703400 -0.676700 0.217200
vn -0.605200 -0.676800 0.419100
vn -0.289200 0.621000 0.728500
vn 0.187500 0.665200 0.722700
vn -0.285500 -0.625500 0.726100
vn 0.190800 -0.666100 0.721000
vn 0.269800 0.687700 0.673900
vn 0.360900 -0.723200 0.588800
vn 0.117000 0.600000 0.791400
vn 0.535200 -0.694100 0.481500
vn -0.093800 0.476600 0.874100
vn 0.757700 -0.538000 0.369400
vn -0.183200 0.496900 0.848200
vn 0.781100 -0.445200 0.437700
vn -0.056300 0.626400 0.777400
vn -0.204200 0.973800 0.099300
vn 0.664400 -0.557100 0.498200
vn 0.141400 0.723200 0.676000
vn 0.062600 0.997600 -0.030400
vn 0.213500 -0.971400 -0.103900
vn 0.471400 -0.630800 0.616300
vn 0.343600 0.730900 0.589600
vn 0.315300 0.936500 -0.153400
vn -0.066600 -0.997200 0.032400
vn 0.272900 -0.683600 0.676900
vn 0.527500 0.693700 0.490400
vn -0.324700 -0.932500 0.157900
vn 0.118100 -0.610600 0.783000
vn 0.737100 0.558600 0.380200
vn 0.794600 0.468000 -0.386600
vn -0.080800 -0.476100 0.875700
vn 0.881900 0.345700 0.320600
vn 0.884200 0.182300 -0.430200
vn -0.211900 -0.289200 0.933500
vn 0.947600 0.134500 0.289700
vn -0.280200 -0.110000 0.953600
vn 0.954000 -0.065400 0.292500
vn -0.286200 0.051900 0.956800
vn 0.907500 -0.294600 0.299400
vn -0.212700 0.254600 0.943300
vn 0.783400 -0.498800 0.370800
vn -0.111700 0.458900 0.881400
vn 0.672700 -0.594500 0.440300
vn 0.453400 -0.863600 -0.220600
vn -0.033400 0.573200 0.818700
vn 0.629900 -0.610900 0.479500
vn -0.011700 0.609700 0.792500
vn 0.675600 -0.558700 0.481000
vn -0.082800 0.590100 0.803100
vn 0.782200 -0.434900 0.446100
vn -0.206800 0.478600 0.853300
vn 0.879700 -0.257900 0.399500
vn 0.892800 -0.119300 -0.434300
vn -0.318300 0.290400 0.902400
vn 0.926900 -0.080900 0.366300
vn -0.355600 0.087400 0.930500
vn 0.920100 0.101200 0.378400
vn -0.357900 -0.097000 0.928700
vn 0.860700 0.300700 0.410800
vn -0.309500 -0.333100 0.890600
vn 0.830800 0.409300 0.377100
vn -0.199000 -0.389800 0.899100
vn 0.938900 0.222500 0.262600
vn -0.213800 -0.168200 0.962300
vn 0.941700 -0.206600 0.265500
vn 0.581000 -0.763200 -0.282600
vn -0.206300 0.175400 0.962600
vn 0.726200 -0.584500 0.361900
vn 0.174500 -0.981000 -0.084900
vn -0.531200 0.806800 0.258400
vn 0.030800 0.484300 0.874400
vn 0.421800 -0.731000 0.536400
vn -0.632100 -0.711200 0.307500
vn 0.242500 0.670800 0.700900
vn -0.263500 -0.580600 0.770300
vn -0.269700 0.573900 0.773200
vn 0.768700 -0.580600 -0.268000
vn -0.174600 -0.981000 -0.084900
vn 0.161700 -0.730800 -0.663100
vn 0.632200 -0.711100 0.307600
vn -0.163500 -0.584300 -0.794800
vn 0.401700 0.670800 -0.623400
vn -0.581000 -0.763200 -0.282700
vn -0.372400 -0.206600 -0.904800
vn 0.668700 0.484600 -0.564000
vn -0.865300 -0.272100 -0.421000
vn 0.117600 0.991400 0.057200
vn 0.639600 0.702800 0.311200
vn -0.372800 0.222500 -0.900800
vn 0.884700 0.175600 -0.431700
vn -0.860000 0.291800 -0.418400
vn 0.531200 0.806800 0.258500
vn -0.216200 0.409300 -0.886400
vn 0.889100 -0.168200 -0.425700
vn -0.735600 0.575100 -0.357900
vn 0.863800 0.277900 0.420200
vn -0.208000 0.300600 -0.930800
vn 0.830300 -0.389800 -0.398300
vn -0.802400 0.451400 -0.390400
vn 0.867200 -0.264500 0.421900
vn -0.270100 0.101200 -0.957500
vn 0.891800 -0.333100 -0.306100
vn -0.888900 0.151200 -0.432400
vn 0.743200 -0.562900 0.361600
vn -0.283800 -0.080900 -0.955400
vn 0.951600 -0.097000 -0.291600
vn -0.892800 -0.119300 -0.434400
vn 0.804700 -0.446300 0.391500
vn -0.228600 -0.257900 -0.938700
vn 0.951600 0.087400 -0.294500
vn -0.829500 -0.386100 -0.403500
vn 0.891300 -0.132100 0.433600
vn -0.131700 -0.434900 -0.890800
vn 0.906500 0.290400 -0.306500
vn -0.683200 -0.650200 -0.332400
vn 0.892800 0.119400 0.434300
vn -0.038500 -0.558700 -0.828400
vn 0.799000 0.478600 -0.363900
vn -0.520900 -0.815100 -0.253400
vn 0.827100 0.392300 0.402400
vn -0.011500 -0.610900 -0.791600
vn 0.682900 0.590100 -0.430500
vn -0.453300 -0.863600 -0.220600
vn 0.683200 0.650100 0.332400
vn -0.068700 -0.594500 -0.801100
vn 0.630800 0.609700 -0.480000
vn -0.512400 -0.821700 -0.249300
vn 0.526100 0.810900 0.256000
vn -0.191700 -0.498800 -0.845200
vn 0.664800 0.573200 -0.479000
vn -0.661800 -0.677000 -0.322000
vn 0.454600 0.862800 0.221200
vn -0.324400 -0.294600 -0.898800
vn 0.762400 0.458900 -0.456100
vn -0.826000 -0.395100 -0.401900
vn 0.504300 0.827900 0.245300
vn -0.358600 -0.065400 -0.931200
vn 0.873500 0.254600 -0.414800
vn -0.895600 -0.089200 -0.435700
vn 0.653800 0.686500 0.318100
vn -0.356900 0.134500 -0.924400
vn 0.929400 0.051900 -0.365300
vn -0.884100 0.182300 -0.430200
vn 0.828600 0.388500 0.403100
vn -0.292100 0.345600 -0.891700
vn 0.923300 -0.110000 -0.368100
vn -0.794700 0.468000 -0.386600
vn 0.896600 0.076600 0.436200
vn -0.155700 0.558500 -0.814800
vn 0.865200 -0.289300 -0.409400
vn -0.597400 0.747400 -0.290700
vn 0.887300 -0.162100 0.431700
vn -0.315200 0.936500 -0.153400
vn 0.060400 0.693700 -0.717700
vn 0.738800 -0.476100 -0.476900
vn 0.809700 -0.434900 0.393900
vn -0.062500 0.997600 -0.030400
vn 0.251900 0.730900 -0.634200
vn 0.543300 -0.610600 -0.576200
vn 0.621700 -0.722400 0.302500
vn 0.204200 0.973800 0.099400
vn 0.444700 0.723200 -0.528400
vn 0.364200 -0.683600 -0.632400
vn 0.324600 -0.932500 0.157900
vn 0.475900 0.848500 0.231500
vn 0.646400 0.626500 -0.435500
vn 0.194100 -0.630800 -0.751200
vn 0.066600 -0.997300 0.032400
vn 0.659300 0.680000 0.320700
vn 0.780400 0.496900 -0.379500
vn -0.018100 -0.557100 -0.830200
vn -0.213600 -0.971400 -0.103900
vn 0.629200 0.714300 0.306100
vn 0.745700 0.476500 -0.465600
vn -0.137800 -0.445200 -0.884700
vn -0.506200 -0.826500 -0.246300
vn 0.335200 0.927900 0.163100
vn 0.550500 0.600000 -0.580500
vn -0.177000 -0.538000 -0.824100
vn -0.677900 -0.657000 -0.329800
vn 0.068100 0.997100 0.033100
vn 0.363800 0.687700 -0.628200
vn 0.048500 -0.694100 -0.718300
vn -0.624700 -0.719300 -0.303900
vn 0.002000 1.000000 0.000900
vn 0.401600 0.679900 -0.613500
vn 0.240500 -0.723200 -0.647400
vn -0.326600 -0.931700 -0.158900
vn 0.002000 1.000000 0.001100
vn 0.608900 0.671900 0.421500
vn 0.707600 0.671800 0.218800
vn 0.741800 0.609900 -0.278900
vn 0.398300 -0.680400 -0.615000
vn -0.082900 -0.995700 -0.040300
vn 0.289200 0.621000 0.728500
vn -0.187500 0.665200 0.722700
vn 0.605200 -0.676800 0.419100
vn 0.703400 -0.676700 0.217200
vn 0.737500 -0.614400 -0.280300
vn -0.002100 -1.000000 -0.000900
vn 0.285500 -0.625500 0.726100
vn -0.190800 -0.666100 0.721000
vn -0.269800 0.687700 0.673900
vn -0.360900 -0.723200 0.588800
vn -0.117000 0.600000 0.791400
vn -0.535200 -0.694100 0.481500
vn 0.093800 0.476600 0.874100
vn -0.757700 -0.538000 0.369400
vn 0.183200 0.496900 0.848200
vn -0.781100 -0.445200 0.437700
vn 0.056300 0.626400 0.777400
vn 0.204200 0.973800 0.099300
vn -0.664400 -0.557100 0.498200
vn -0.141400 0.723200 0.676000
vn -0.062600 0.997600 -0.030400
vn -0.471400 -0.630800 0.616300
vn -0.213500 -0.971400 -0.103900
vn -0.343600 0.730900 0.589600
vn -0.315300 0.936500 -0.153400
vn -0.272900 -0.683600 0.676900
vn 0.066600 -0.997200 0.032400
vn -0.527500 0.693700 0.490400
vn -0.118100 -0.610600 0.783000
vn 0.324700 -0.932500 0.157900
vn -0.737100 0.558600 0.380200
vn -0.794600 0.468000 -0.386600
vn 0.080800 -0.476100 0.875700
vn -0.881900 0.345700 0.320600
vn -0.884200 0.182300 -0.430200
vn 0.211900 -0.289200 0.933500
vn -0.947600 0.134500 0.289700
vn 0.280200 -0.110000 0.953600
vn -0.954000 -0.065400 0.292500
vn 0.286200 0.051900 0.956800
vn -0.907500 -0.294600 0.299400
vn 0.212700 0.254600 0.943300
vn -0.783400 -0.498800 0.370800
vn 0.111700 0.458900 0.881400
vn -0.672700 -0.594500 0.440300
vn -0.453400 -0.863600 -0.220600
vn 0.033400 0.573200 0.818700
vn -0.629900 -0.610900 0.479500
vn 0.011700 0.609700 0.792500
vn -0.675600 -0.558700 0.481000
vn 0.082800 0.590100 0.803100
vn -0.782200 -0.434900 0.446100
vn 0.206800 0.478600 0.853300
vn -0.879700 -0.257900 0.399500
vn -0.892800 -0.119300 -0.434300
vn 0.318300 0.290400 0.902400
vn -0.926900 -0.080900 0.366300
vn 0.355600 0.087400 0.930500
vn -0.920100 0.101200 0.378400
vn 0.357900 -0.097000 0.928700
vn -0.860700 0.300700 0.410800
vn 0.309500 -0.333100 0.890600
vn -0.830800 0.409300 0.377100
vn 0.199000 -0.389800 0.899100
vn -0.938900 0.222500 0.262600
vn 0.213800 -0.168200 0.962300
vn -0.941700 -0.206600 0.265500
vn -0.581000 -0.763200 -0.282600
vn 0.206300 0.175400 0.962600
vn -0.726200 -0.584500 0.361900
vn -0.174500 -0.981000 -0.084900
vn 0.531200 0.806800 0.258400
vn -0.030800 0.484300 0.874400
vn -0.421800 -0.731000 0.536400
vn 0.632100 -0.711200 0.307500
vn -0.242500 0.670800 0.700900
vn 0.263500 -0.580600 0.770300
vn 0.269700 0.573900 0.773200
vn 0.110100 0.743700 0.659300
vn 0.272300 0.962100 0.015100
vn 0.000000 1.000000 -0.005300
vn 0.209500 0.699200 0.683500
vn 0.064800 0.552600 0.830900
vn 0.034000 0.566300 0.823500
vn 0.000000 0.759000 0.651100
vn 0.309000 0.835800 -0.453800
vn 0.000000 0.878800 -0.477100
vn 0.518000 0.852000 0.075000
vn -0.309000 0.835800 -0.453800
vn -0.272300 0.962100 0.015100
vn 0.287900 0.629800 0.721400
vn 0.089400 0.531200 0.842500
vn 0.000000 0.477300 0.878700
vn 0.000000 0.571000 0.820900
vn -0.110100 0.743700 0.659300
vn 0.000000 0.878800 -0.477200
vn 0.712800 0.680800 0.168500
vn 0.587800 0.711000 -0.386000
vn -0.587800 0.711000 -0.386000
vn -0.518000 0.852100 0.074900
vn 0.105100 0.504200 0.857100
vn 0.338900 0.542600 0.768500
vn -0.034100 0.566200 0.823500
vn -0.209400 0.699200 0.683500
vn -0.809000 0.516600 -0.280400
vn -0.712800 0.680800 0.168500
vn 0.110700 0.474100 0.873400
vn -0.064800 0.552600 0.830900
vn -0.288000 0.629800 0.721400
vn -0.838100 0.464900 0.285500
vn -0.951000 0.271600 -0.147400
vn 0.105400 0.444000 0.889800
vn 0.356600 0.445800 0.821000
vn -0.089400 0.531100 0.842500
vn -0.338900 0.542600 0.768500
vn 0.809000 0.516600 -0.280400
vn 0.809000 0.516600 -0.280500
vn 0.089800 0.416800 0.904500
vn 0.339300 0.348900 0.873600
vn 0.838100 0.464900 0.285500
vn -0.105100 0.504200 0.857100
vn 0.951000 0.271600 -0.147400
vn 0.065200 0.395000 0.916300
vn 0.288600 0.261600 0.921000
vn 0.838100 -0.013800 0.545300
vn 0.881200 0.225500 0.415400
vn -0.356600 0.445800 0.821000
vn -0.110700 0.474100 0.873400
vn 0.712800 -0.229400 0.662700
vn 0.951000 -0.271600 0.147400
vn -0.881200 0.225500 0.415400
vn -0.838100 -0.013700 0.545300
vn -0.339300 0.348900 0.873500
vn -0.105400 0.444000 0.889800
vn 0.210000 0.191600 0.958700
vn 0.518100 -0.401200 0.755400
vn 0.809000 -0.516500 0.280500
vn -0.951000 -0.271600 0.147400
vn -0.712800 -0.229400 0.662800
vn -0.288500 0.261600 0.921000
vn -0.089800 0.416800 0.904500
vn 0.809000 -0.516500 0.280400
vn 0.587800 -0.711000 0.386000
vn -0.809000 -0.516500 0.280400
vn -0.809000 -0.516500 0.280500
vn -0.210100 0.191600 0.958700
vn -0.065300 0.395100 0.916300
vn 0.587800 -0.710900 0.386000
vn 0.309000 -0.835800 0.453800
vn 0.272400 -0.511300 0.815100
vn 0.034400 0.381200 0.923800
vn -0.587800 -0.710900 0.386000
vn -0.110500 0.146800 0.983000
vn -0.034300 0.381200 0.923900
vn 0.110500 0.146800 0.982900
vn -0.000000 0.376400 0.926500
vn -0.309000 -0.835800 0.453800
vn -0.587800 -0.711000 0.386000
vn -0.518100 -0.401100 0.755400
vn 0.000000 0.131500 0.991300
vn 0.000000 -0.878800 0.477200
vn -0.272400 -0.511300 0.815100
vn 0.000000 -0.549100 0.835700
vn 0.393100 -0.617900 -0.680900
vn 0.680900 -0.617900 -0.393100
vn 0.342700 -0.728200 -0.593500
vn 0.673400 0.628800 -0.388800
vn 0.388800 0.628800 -0.673400
vn 0.335600 0.741300 -0.581300
vn 0.581300 0.741300 -0.335600
vn 0.777600 0.628800 0.000000
vn 0.786200 -0.617900 0.000000
vn 0.593500 -0.728200 -0.342700
vn 0.500000 0.000000 -0.866000
vn 0.671200 0.741300 0.000000
vn 0.568500 -0.754300 -0.328200
vn 0.328200 -0.754300 -0.568500
vn 0.000000 0.741300 -0.671200
vn 0.656500 -0.754300 0.000000
vn 0.000000 -0.754300 -0.656500
vn 0.581300 0.741300 0.335600
vn 0.673400 0.628800 0.388800
vn 0.680900 -0.617900 0.393100
vn 0.685400 -0.728200 0.000000
vn 0.866000 0.000000 -0.500000
vn 0.568500 -0.754300 0.328200
vn 0.665600 -0.639700 -0.384300
vn 0.768600 -0.639700 0.000000
vn 0.384300 -0.639700 -0.665600
vn 0.665600 -0.639700 0.384300
vn 0.388800 0.628800 0.673400
vn 0.335600 0.741300 0.581300
vn 0.593500 -0.728200 0.342700
vn 0.384300 -0.639700 0.665600
vn 0.328200 -0.754300 0.568500
vn 0.000000 0.639700 -0.768600
vn 0.384300 0.639700 -0.665600
vn 0.000000 0.741300 0.671200
vn 0.000000 -0.754300 0.656500
vn 0.866000 0.000000 0.500000
vn 0.393100 -0.617900 0.680900
vn 0.342700 -0.728200 0.593500
vn 0.000000 -0.639700 0.768600
vn 0.328200 0.754300 -0.568500
vn 0.000000 0.754300 -0.656500
vn 0.568500 0.754300 -0.328200
vn 0.665600 0.639700 -0.384300
vn 0.500000 0.000000 0.866000
vn 0.000000 0.628800 0.777600
vn 0.000000 -0.617900 0.786200
vn 0.000000 -0.728200 0.685400
vn 0.581300 -0.741300 -0.335600
vn 0.335600 -0.741300 -0.581300
vn -0.335600 0.741300 0.581300
vn -0.388800 0.628800 0.673400
vn -0.393100 -0.617900 0.680900
vn -0.342700 -0.728200 0.593500
vn 0.673400 -0.628800 -0.388800
vn 0.388800 -0.628800 -0.673400
vn 0.768600 0.639700 0.000000
vn -0.500000 0.000000 0.866000
vn -0.328200 -0.754300 0.568500
vn -0.680900 -0.617900 0.393100
vn -0.593500 -0.728200 0.342700
vn 0.680900 0.617900 -0.393100
vn 0.393100 0.617900 -0.680900
vn 0.000000 -0.628800 -0.777600
vn 0.000000 0.617900 -0.786200
vn 0.656500 0.754300 0.000000
vn 0.665600 0.639700 0.384300
vn -0.866000 0.000000 0.500000
vn -0.384300 -0.639700 0.665600
vn 0.593500 0.728200 -0.342700
vn 0.342700 0.728200 -0.593500
vn 0.000000 0.728200 -0.685300
vn 0.671200 -0.741300 0.000000
vn 0.384300 0.639700 0.665600
vn -0.685400 -0.728200 0.000000
vn 0.000000 0.639700 0.768600
vn 0.777600 -0.628800 0.000000
vn 0.000000 0.754300 0.656500
vn 0.328200 0.754300 0.568500
vn -0.786200 -0.617900 0.000000
vn -0.593500 -0.728200 -0.342700
vn -0.866000 0.000000 -0.500000
vn 0.786200 0.617900 0.000000
vn 0.568500 0.754300 0.328200
vn -0.673400 0.628800 0.388800
vn -0.777600 0.628800 0.000000
vn -0.342700 -0.728200 -0.593500
vn -0.500000 0.000000 -0.866000
vn 0.685300 0.728200 0.000000
vn 0.335600 -0.741300 0.581300
vn 0.581300 -0.741300 0.335600
vn 0.000000 -0.728200 -0.685400
vn 0.593500 0.728200 0.342700
vn 0.000000 -0.741300 0.671200
vn 0.388800 -0.628800 0.673400
vn 0.673400 -0.628800 0.388800
vn -0.581300 0.741300 0.335600
vn 0.000000 -0.617900 -0.786200
vn 0.680900 0.617900 0.393100
vn -0.328200 0.754300 0.568500
vn -0.335600 -0.741300 0.581300
vn -0.568500 -0.754300 0.328200
vn -0.671200 0.741300 0.000000
vn -0.393100 -0.617900 -0.680900
vn 0.000000 0.628800 -0.777600
vn -0.384300 0.639700 0.665600
vn -0.665600 -0.639700 0.384300
vn -0.656500 -0.754300 0.000000
vn -0.768600 -0.639700 0.000000
vn -0.680900 -0.617900 -0.393100
vn -0.388800 0.628800 -0.673400
vn 0.393100 0.617900 0.680900
vn -0.665600 0.639700 0.384300
vn -0.768600 0.639700 0.000000
vn -0.665600 -0.639700 -0.384300
vn -0.673400 0.628800 -0.388800
vn -0.335600 0.741300 -0.581300
vn 0.000000 0.617900 0.786200
vn 0.000000 -0.628800 0.777600
vn 0.342700 0.728200 0.593500
vn -0.581300 0.741300 -0.335600
vn -0.328200 -0.754300 -0.568500
vn -0.393100 0.617900 0.680900
vn -0.388800 -0.628800 0.673400
vn 0.000000 0.728200 0.685300
vn -0.568500 -0.754300 -0.328200
vn -0.384300 -0.639700 -0.665600
vn 0.000000 -0.639700 -0.768600
vn -0.384300 0.639700 -0.665600
vn -0.673400 -0.628800 0.388800
vn -0.680900 0.617900 0.393100
vn -0.342700 0.728200 0.593500
vn -0.665600 0.639700 -0.384300
vn -0.328300 0.754300 -0.568500
vn -0.581300 -0.741300 0.335600
vn -0.593500 0.728200 0.342700
vn -0.568500 0.754300 -0.328200
vn -0.335600 -0.741300 -0.581300
vn 0.000000 -0.741300 -0.671200
vn -0.568500 0.754300 0.328200
vn -0.685300 0.728200 0.000000
vn -0.656500 0.754300 0.000000
vn -0.581300 -0.741300 -0.335600
vn -0.388800 -0.628800 -0.673400
vn -0.671200 -0.741300 0.000000
vn -0.786200 0.617900 0.000000
vn -0.593500 0.728200 -0.342700
vn -0.673400 -0.628800 -0.388800
vn -0.393100 0.617900 -0.680900
vn -0.777600 -0.628800 0.000000
vn -0.680900 0.617900 -0.393100
vn -0.342700 0.728200 -0.593500
vn 0.865500 -0.000100 0.500800
vn 0.866500 -0.000100 -0.499100
vn 0.707100 -0.707100 -0.002000
vn 0.001000 0.000000 -1.000000
vn 0.354200 -0.707100 -0.611900
vn 0.467500 0.359200 -0.807700
vn 0.810600 0.353400 -0.466900
vn 0.707100 -0.707100 0.000700
vn 0.933200 0.359200 0.001000
vn 0.853400 0.497800 0.154600
vn -0.865500 0.000000 -0.500800
vn -0.352900 0.707100 -0.612700
vn -0.465700 0.359200 -0.808700
vn 0.001000 0.353400 -0.935500
vn 0.409100 0.881500 -0.235600
vn 0.933200 0.359200 0.000900
vn 0.408600 0.881500 0.236500
vn 0.809600 0.353400 0.468600
vn -0.259200 0.088800 -0.961700
vn 0.000500 0.881500 -0.472100
vn -0.000500 0.881500 0.472200
vn 0.465700 0.359200 0.808700
vn 0.258300 0.000000 0.966000
vn -0.809600 0.353400 -0.468600
vn -0.408600 0.881500 -0.236500
vn -0.409100 0.881500 0.235600
vn -0.467500 0.359200 0.807700
vn -0.001000 0.353400 0.935500
vn 0.812600 -0.571700 -0.113600
vn -0.933200 0.359200 -0.001000
vn -0.707500 0.000000 0.706700
vn -0.866400 0.000000 0.499300
vn -0.810600 0.353400 0.466800
vn -0.884500 0.428300 -0.184800
vn -0.001000 -0.000000 1.000000
vn -0.259500 -0.037700 0.965000
vn -0.707100 0.707100 0.004800
vn 0.001000 -0.000100 -1.000000
vn 0.354200 -0.707100 -0.612000
vn 0.467500 -0.359200 -0.807700
vn 0.001000 -0.353400 -0.935500
vn -0.352900 -0.707100 -0.612700
vn -0.489700 0.816400 -0.306000
vn -0.465700 -0.359200 -0.808700
vn -0.865500 -0.000100 -0.500800
vn 0.430000 0.797000 -0.424100
vn 0.865500 -0.000200 0.500900
vn 0.707100 0.707100 0.000700
vn 0.933200 -0.359200 0.000900
vn 0.810600 -0.353400 -0.466900
vn 0.000500 -0.881500 -0.472200
vn -0.408600 -0.881500 -0.236500
vn -0.809600 -0.353400 -0.468600
vn 0.409100 -0.881500 -0.235600
vn -0.409100 -0.881500 0.235600
vn -0.933200 -0.359200 -0.001000
vn 0.809600 -0.353400 0.468600
vn 0.408600 -0.881500 0.236500
vn -0.000500 -0.881500 0.472200
vn -0.467500 -0.359200 0.807700
vn -0.810600 -0.353400 0.466800
vn 0.465700 -0.359200 0.808700
vn 0.352900 -0.707100 0.612800
vn -0.001000 -0.353400 0.935500
vn -0.354200 -0.707100 0.612000
vn -0.408300 -0.781100 0.472300
vn 0.328200 0.754300 -0.568600
vn 0.328200 0.754300 0.568600
vn 0.685400 0.728200 0.000000
vn 0.000000 0.728200 0.685400
vn -0.328200 0.754300 -0.568500
vn -0.685400 0.728200 0.000000
vn 0.001000 -0.000000 1.000000
vn 0.866500 0.000100 0.499200
vn 0.259500 -0.037700 0.965000
vn 0.884500 0.428300 -0.184800
vn 0.001000 0.353400 0.935500
vn -0.465700 0.359200 0.808700
vn -0.812600 -0.571700 -0.113600
vn 0.707100 -0.707100 0.001100
vn 0.810600 0.353400 0.466900
vn 0.467500 0.359200 0.807700
vn 0.000500 0.881500 0.472200
vn -0.258300 0.000000 0.966000
vn 0.707100 0.707100 -0.003500
vn 0.933200 0.359200 -0.000900
vn 0.933200 0.359200 -0.001000
vn 0.409100 0.881500 0.235600
vn -0.408600 0.881500 0.236500
vn -0.809600 0.353400 0.468600
vn -0.865500 -0.000100 0.500800
vn 0.865500 0.000100 -0.500900
vn 0.809600 0.353400 -0.468600
vn 0.408600 0.881500 -0.236500
vn -0.000500 0.881500 -0.472100
vn -0.409100 0.881500 -0.235600
vn -0.933200 0.359200 0.000900
vn -0.933200 0.359200 0.001000
vn -0.707100 -0.707100 -0.004200
vn 0.504000 0.816700 -0.281100
vn 0.352900 0.707100 -0.612800
vn 0.465700 0.359200 -0.808700
vn -0.810600 0.353400 -0.466800
vn -0.707100 -0.707100 0.000700
vn -0.467500 0.359200 -0.807700
vn -0.853400 0.497800 0.154600
vn -0.354200 -0.707100 -0.611900
vn -0.001000 0.353400 -0.935500
vn 0.352900 -0.707100 -0.612700
vn -0.001000 -0.000100 -1.000000
vn 0.455500 0.809700 -0.369800
vn -0.001000 -0.353400 -0.935500
vn 0.465700 -0.359200 -0.808700
vn -0.354200 -0.707100 -0.612000
vn -0.866500 -0.000100 -0.499100
vn -0.467500 -0.359200 -0.807700
vn 0.865500 -0.000200 -0.500900
vn -0.000500 -0.881500 -0.472200
vn 0.408600 -0.881500 -0.236500
vn 0.809600 -0.353400 -0.468600
vn -0.430000 0.797000 -0.424100
vn -0.810600 -0.353400 -0.466900
vn -0.933200 -0.359200 0.000900
vn -0.707100 0.707100 0.000700
vn 0.707100 -0.707100 -0.000400
vn 0.707100 -0.707100 -0.000700
vn 0.933200 -0.359200 -0.001000
vn -0.409100 -0.881500 -0.235600
vn 0.409100 -0.881500 0.235600
vn -0.809600 -0.353400 0.468600
vn -0.408600 -0.881500 0.236500
vn -0.465700 -0.359200 0.808700
vn 0.810600 -0.353400 0.466800
vn 0.332600 -0.655900 0.677600
vn 0.467500 -0.359200 0.807700
vn 0.000500 -0.881500 0.472200
vn 0.001000 -0.353400 0.935500
vn -0.025100 -0.999500 -0.018300
vn -0.003100 -1.000000 -0.003100
vn -0.001400 -1.000000 -0.001000
vn -0.003800 -1.000000 -0.002000
vn -0.029600 -0.999500 -0.009600
vn -0.001700 -1.000000 -0.000500
vn -0.004200 -1.000000 -0.000700
vn -0.000500 -1.000000 -0.001700
vn -0.009600 -0.999500 -0.029600
vn -0.000700 -1.000000 -0.004200
vn 0.000500 -1.000000 -0.001700
vn 0.009600 -0.999500 -0.029600
vn 0.002000 -1.000000 -0.003800
vn -0.001000 -1.000000 0.001400
vn -0.002000 -1.000000 0.003800
vn -0.018300 -0.999500 0.025100
vn 0.001000 -1.000000 -0.001400
vn 0.018300 -0.999500 -0.025100
vn 0.003100 -1.000000 -0.003100
vn 0.000000 -1.000000 0.001800
vn 0.000700 -1.000000 0.004200
vn 0.000000 -0.999500 0.031100
vn 0.001700 -1.000000 -0.000500
vn 0.029600 -0.999500 -0.009600
vn 0.004200 -1.000000 -0.000700
vn 0.816800 -0.399500 0.416200
vn 0.525500 -0.807600 0.267700
vn 0.871800 -0.399500 0.283300
vn 0.823300 -0.382400 0.419500
vn 0.741600 -0.399500 0.538800
vn 0.474900 -0.809500 0.345000
vn 0.025100 -0.999500 0.018300
vn 0.036200 -0.999100 0.018400
vn 0.029600 -0.999500 0.009600
vn 0.558300 -0.809500 0.181400
vn 0.648200 -0.399500 0.648200
vn 0.417000 -0.807600 0.417000
vn 0.653300 -0.382400 0.653300
vn 0.747500 -0.382500 0.543100
vn 0.028700 -0.999100 0.028700
vn 0.582500 -0.807600 0.092300
vn 0.040100 -0.999100 0.006300
vn 0.538800 -0.399500 0.741600
vn 0.345000 -0.809500 0.474900
vn 0.018300 -0.999500 0.025100
vn 0.774200 -0.290300 0.562500
vn 0.031100 -0.999500 0.000000
vn 0.905400 -0.399500 0.143400
vn 0.912600 -0.382400 0.144500
vn 0.878700 -0.382500 0.285500
vn 0.267700 -0.807600 0.525500
vn 0.018400 -0.999100 0.036200
vn 0.852600 -0.290300 0.434400
vn 0.910100 -0.290300 0.295700
vn 0.582500 -0.807600 -0.092300
vn 0.587100 -0.809500 0.000000
vn 0.040100 -0.999100 -0.006300
vn 0.916700 -0.399500 0.000000
vn 0.009600 -0.999500 0.029600
vn 0.882700 0.136200 0.449800
vn 0.905400 -0.399500 -0.143400
vn 0.912600 -0.382400 -0.144500
vn 0.923900 -0.382500 0.000000
vn 0.181400 -0.809500 0.558300
vn 0.092300 -0.807600 0.582500
vn 0.871800 -0.399500 -0.283300
vn 0.956900 -0.290300 0.000000
vn 0.945100 -0.290300 0.149700
vn 0.283300 -0.399500 0.871800
vn 0.416200 -0.399500 0.816800
vn 0.558300 -0.809500 -0.181400
vn 0.525500 -0.807600 -0.267700
vn 0.978500 0.136200 0.155000
vn 0.942200 0.136200 0.306100
vn 0.419500 -0.382400 0.823300
vn 0.543100 -0.382500 0.747500
vn 0.587100 0.786600 0.190800
vn 0.000000 -0.809500 0.587100
vn 0.000000 -0.399500 0.916700
vn -0.092300 -0.807600 0.582500
vn 0.143400 -0.399500 0.905400
vn 0.562500 -0.290300 0.774200
vn 0.676600 -0.290300 0.676600
vn -0.009600 -0.999500 0.029600
vn -0.181400 -0.809500 0.558300
vn -0.267700 -0.807600 0.525500
vn 0.144500 -0.382400 0.912600
vn 0.285500 -0.382500 0.878700
vn 0.700500 0.136200 0.700500
vn 0.801400 0.136200 0.582300
vn -0.143400 -0.399500 0.905400
vn -0.283300 -0.399500 0.871800
vn 0.295700 -0.290300 0.910100
vn 0.434400 -0.290300 0.852600
vn 0.499500 0.786600 0.362900
vn 0.550000 0.786700 0.280200
vn 0.000000 -0.382500 0.923900
vn -0.144500 -0.382400 0.912600
vn 0.449800 0.136200 0.882700
vn 0.582300 0.136200 0.801400
vn 0.113300 0.991900 0.057700
vn 0.000000 -0.290300 0.956900
vn 0.149700 -0.290300 0.945100
vn -0.345000 -0.809500 0.474900
vn -0.538800 -0.399500 0.741600
vn -0.417000 -0.807600 0.417000
vn -0.416200 -0.399500 0.816800
vn -0.028700 -0.999100 0.028700
vn -0.025100 -0.999500 0.018300
vn 0.362900 0.786600 0.499500
vn 0.436400 0.786700 0.436400
vn 0.306100 0.136200 0.942200
vn 0.155000 0.136200 0.978500
vn -0.285500 -0.382500 0.878700
vn -0.419500 -0.382400 0.823300
vn -0.474900 -0.809500 0.345000
vn -0.525500 -0.807600 0.267700
vn -0.036200 -0.999100 0.018400
vn 0.089900 0.991900 0.089900
vn 0.102900 0.991900 0.074800
vn 0.190800 0.786600 0.587200
vn -0.295700 -0.290300 0.910100
vn -0.648200 -0.399500 0.648200
vn -0.741600 -0.399500 0.538800
vn -0.029600 -0.999500 0.009600
vn 0.018500 0.999700 0.013400
vn 0.280200 0.786700 0.550000
vn -0.543100 -0.382500 0.747500
vn -0.653300 -0.382400 0.653300
vn -0.747500 -0.382500 0.543100
vn -0.823300 -0.382400 0.419500
vn -0.816800 -0.399500 0.416200
vn 0.057700 0.991900 0.113300
vn 0.074800 0.991900 0.102900
vn -0.562500 -0.290300 0.774200
vn -0.434400 -0.290300 0.852600
vn -0.774200 -0.290300 0.562500
vn -0.871800 -0.399500 0.283300
vn -0.558300 -0.809500 0.181400
vn 0.013400 0.999700 0.018500
vn 0.016100 0.999700 0.016100
vn -0.449800 0.136200 0.882700
vn -0.582500 -0.807600 0.092300
vn -0.878700 -0.382500 0.285500
vn -0.912600 -0.382400 0.144500
vn -0.905400 -0.399500 0.143400
vn -0.916700 -0.399500 0.000000
vn -0.587100 -0.809500 0.000000
vn -0.031100 -0.999500 0.000000
vn -0.852600 -0.290300 0.434400
vn -0.910100 -0.290300 0.295700
vn -0.582500 -0.807600 -0.092300
vn -0.040100 -0.999100 -0.006300
vn -0.923900 -0.382500 0.000000
vn -0.912600 -0.382400 -0.144500
vn -0.905400 -0.399500 -0.143400
vn -0.882700 0.136200 0.449800
vn -0.942200 0.136200 0.306100
vn -0.978500 0.136200 0.155000
vn -0.945100 -0.290300 0.149700
vn -0.956900 -0.290300 0.000000
vn -0.871800 -0.399500 -0.283300
vn -0.587200 0.786600 0.190800
vn -0.609600 0.786700 0.096600
vn -0.617400 0.786600 0.000000
vn -0.990700 0.136200 0.000000
vn -0.978500 0.136200 -0.155000
vn -0.945100 -0.290300 -0.149700
vn -0.125600 0.991900 0.019900
vn -0.558300 -0.809500 -0.181400
vn -0.525500 -0.807600 -0.267700
vn -0.816800 -0.399500 -0.416200
vn -0.741600 -0.399500 -0.538800
vn -0.474900 -0.809500 -0.345000
vn -0.910100 -0.290300 -0.295700
vn -0.878700 -0.382500 -0.285500
vn -0.823300 -0.382400 -0.419500
vn -0.417000 -0.807600 -0.417000
vn -0.747500 -0.382500 -0.543100
vn -0.653300 -0.382400 -0.653300
vn -0.648200 -0.399500 -0.648200
vn -0.942200 0.136200 -0.306100
vn -0.882700 0.136200 -0.449800
vn -0.852600 -0.290300 -0.434400
vn -0.774200 -0.290300 -0.562500
vn -0.538800 -0.399500 -0.741600
vn -0.028700 -0.999100 -0.028700
vn -0.018300 -0.999500 -0.025100
vn -0.345000 -0.809500 -0.474900
vn -0.609600 0.786700 -0.096600
vn -0.587200 0.786600 -0.190800
vn -0.700500 0.136200 -0.700500
vn -0.676600 -0.290300 -0.676600
vn -0.801400 0.136200 -0.582300
vn -0.267700 -0.807600 -0.525500
vn -0.018400 -0.999100 -0.036200
vn -0.127200 0.991900 0.000000
vn -0.125600 0.991900 -0.019900
vn -0.562500 -0.290300 -0.774200
vn -0.499500 0.786600 -0.362900
vn -0.543100 -0.382500 -0.747500
vn -0.022800 0.999700 0.000000
vn -0.022600 0.999700 -0.003600
vn -0.021700 0.999700 -0.007000
vn -0.121000 0.991900 -0.039300
vn -0.550000 0.786700 -0.280200
vn -0.419500 -0.382400 -0.823300
vn -0.416200 -0.399500 -0.816800
vn -0.113300 0.991900 -0.057700
vn -0.283300 -0.399500 -0.871800
vn -0.181400 -0.809500 -0.558300
vn -0.092300 -0.807600 -0.582500
vn -0.143400 -0.399500 -0.905400
vn 0.000000 -0.399500 -0.916700
vn 0.000000 -0.809500 -0.587100
vn 0.000000 -0.999500 -0.031100
vn -0.006300 -0.999100 -0.040100
vn -0.020300 0.999700 -0.010300
vn -0.018500 0.999700 -0.013400
vn -0.102900 0.991900 -0.074800
vn -0.089900 0.991900 -0.089900
vn -0.436400 0.786700 -0.436400
vn -0.144500 -0.382400 -0.912600
vn 0.092300 -0.807600 -0.582500
vn -0.362900 0.786600 -0.499500
vn -0.582300 0.136200 -0.801400
vn -0.449800 0.136200 -0.882700
vn -0.434400 -0.290300 -0.852600
vn -0.098900 0.995000 -0.015700
vn -0.022600 0.999700 0.003600
vn -0.295700 -0.290300 -0.910100
vn -0.285500 -0.382500 -0.878700
vn 0.181400 -0.809500 -0.558300
vn 0.283300 -0.399500 -0.871800
vn 0.267700 -0.807600 -0.525500
vn 0.143400 -0.399500 -0.905400
vn -0.021700 0.999700 0.007000
vn -0.121000 0.991900 0.039300
vn 0.144500 -0.382400 -0.912600
vn 0.000000 -0.382500 -0.923900
vn -0.113300 0.991900 0.057700
vn -0.550000 0.786700 0.280200
vn -0.149700 -0.290300 -0.945100
vn 0.000000 -0.290300 -0.956900
vn 0.345000 -0.809500 -0.474900
vn 0.538800 -0.399500 -0.741600
vn 0.417000 -0.807600 -0.417000
vn -0.499500 0.786600 0.362900
vn -0.801400 0.136200 0.582300
vn -0.155000 0.136200 -0.978500
vn -0.306100 0.136200 -0.942200
vn 0.025100 -0.999500 -0.018300
vn 0.474900 -0.809500 -0.345000
vn -0.700500 0.136200 0.700500
vn -0.676600 -0.290300 0.676600
vn -0.190800 0.786600 -0.587200
vn -0.280200 0.786700 -0.550000
vn 0.648200 -0.399500 -0.648200
vn 0.741600 -0.399500 -0.538800
vn 0.816800 -0.399500 -0.416200
vn -0.057700 0.991900 -0.113300
vn -0.074800 0.991900 -0.102900
vn 0.653300 -0.382400 -0.653300
vn 0.747500 -0.382500 -0.543100
vn 0.823300 -0.382400 -0.419500
vn 0.878700 -0.382500 -0.285500
vn -0.582300 0.136200 0.801400
vn -0.013400 0.999700 -0.018500
vn -0.016100 0.999700 -0.016100
vn 0.774200 -0.290300 -0.562500
vn 0.852600 -0.290300 -0.434400
vn 0.910100 -0.290300 -0.295700
vn 0.945100 -0.290300 -0.149700
vn -0.362900 0.786600 0.499500
vn -0.436400 0.786700 0.436400
vn 0.882700 0.136200 -0.449800
vn 0.942200 0.136200 -0.306100
vn 0.978500 0.136200 -0.155000
vn 0.990700 0.136200 0.000000
vn -0.089900 0.991900 0.089900
vn -0.102900 0.991900 0.074800
vn 0.587200 0.786600 -0.190800
vn 0.609600 0.786700 -0.096500
vn 0.617400 0.786600 0.000000
vn 0.609600 0.786700 0.096500
vn -0.018500 0.999700 0.013400
vn -0.020300 0.999700 0.010300
vn -0.095200 0.995000 -0.030900
vn -0.089200 0.995000 -0.045500
vn 0.125600 0.991900 -0.019900
vn 0.125600 0.991900 0.019900
vn 0.127200 0.991900 0.000000
vn 0.121000 0.991900 0.039300
vn -0.230400 0.970200 -0.074900
vn 0.022600 0.999700 0.003600
vn 0.021700 0.999700 0.007000
vn 0.022800 0.999700 0.000000
vn 0.020300 0.999700 0.010300
vn -0.098900 0.995000 0.015700
vn -0.100100 0.995000 0.000000
vn -0.242300 0.970200 0.000000
vn -0.239300 0.970200 -0.037900
vn 0.089200 0.995000 0.045400
vn 0.070800 0.995000 0.070800
vn 0.081000 0.995000 0.058800
vn 0.010300 0.999700 0.020300
vn -0.328000 0.943200 -0.051900
vn -0.315800 0.943200 -0.102600
vn -0.295900 0.943200 -0.150800
vn -0.215900 0.970200 -0.110000
vn 0.196000 0.970200 0.142400
vn 0.007000 0.999700 0.021700
vn 0.039300 0.991900 0.121000
vn -0.369700 0.921300 -0.120100
vn -0.196000 0.970200 -0.142400
vn -0.081000 0.995000 -0.058800
vn 0.019900 0.991900 0.125600
vn 0.003600 0.999700 0.022600
vn 0.096500 0.786700 0.609600
vn -0.070800 0.995000 -0.070800
vn 0.000000 0.999700 0.022800
vn 0.000000 0.786600 0.617400
vn 0.000000 0.136200 0.990700
vn 0.058800 0.995000 0.081000
vn 0.045400 0.995000 0.089200
vn -0.155000 0.136200 0.978500
vn -0.149700 -0.290300 0.945100
vn -0.010300 0.999700 -0.020300
vn 0.171300 0.970200 0.171300
vn 0.142400 0.970200 0.196000
vn -0.007000 0.999700 -0.021700
vn -0.039300 0.991900 -0.121000
vn 0.234900 0.943200 0.234900
vn -0.306100 0.136200 0.942200
vn -0.058800 0.995000 -0.081000
vn -0.045500 0.995000 -0.089200
vn -0.019900 0.991900 -0.125600
vn -0.096600 0.786700 -0.609700
vn -0.190800 0.786600 0.587200
vn -0.096600 0.786700 0.609600
vn -0.280200 0.786700 0.550000
vn -0.142400 0.970200 -0.196000
vn -0.003600 0.999700 -0.022600
vn 0.000000 0.786600 -0.617400
vn 0.000000 0.136200 -0.990700
vn 0.000000 0.991900 0.127200
vn -0.019900 0.991900 0.125600
vn -0.057700 0.991900 0.113300
vn -0.074800 0.991900 0.102900
vn 0.000000 0.999700 -0.022800
vn 0.155000 0.136200 -0.978500
vn 0.149700 -0.290300 -0.945100
vn -0.013400 0.999700 0.018500
vn -0.016100 0.999700 0.016100
vn 0.000000 0.991900 -0.127200
vn 0.295700 -0.290300 -0.910100
vn 0.285500 -0.382500 -0.878700
vn 0.019900 0.991900 -0.125600
vn 0.096500 0.786700 -0.609600
vn 0.419500 -0.382400 -0.823300
vn 0.416200 -0.399500 -0.816800
vn 0.190800 0.786600 -0.587200
vn 0.306100 0.136200 -0.942200
vn -0.089200 0.995000 0.045500
vn -0.081000 0.995000 0.058800
vn -0.070800 0.995000 0.070800
vn -0.095200 0.995000 0.030900
vn 0.449800 0.136200 -0.882700
vn 0.434400 -0.290300 -0.852600
vn 0.543100 -0.382500 -0.747500
vn -0.196000 0.970200 0.142400
vn -0.230400 0.970200 0.074900
vn -0.239300 0.970200 0.037900
vn 0.562500 -0.290300 -0.774200
vn 0.676600 -0.290300 -0.676600
vn -0.010300 0.999700 0.020300
vn -0.215900 0.970200 0.110000
vn -0.328000 0.943200 0.051900
vn -0.332100 0.943200 0.000000
vn 0.582300 0.136200 -0.801400
vn 0.700500 0.136200 -0.700500
vn 0.801400 0.136200 -0.582300
vn -0.007000 0.999700 0.021700
vn -0.039300 0.991900 0.121000
vn -0.295900 0.943200 0.150800
vn 0.362900 0.786600 -0.499500
vn 0.280200 0.786700 -0.550000
vn 0.499500 0.786600 -0.362900
vn 0.550000 0.786700 -0.280200
vn -0.315800 0.943200 0.102600
vn 0.039300 0.991900 -0.121000
vn 0.057700 0.991900 -0.113300
vn 0.113300 0.991900 -0.057700
vn 0.121000 0.991900 -0.039300
vn -0.003600 0.999700 0.022600
vn -0.369700 0.921300 0.120100
vn 0.007000 0.999700 -0.021700
vn 0.003600 0.999700 -0.022600
vn 0.021700 0.999700 -0.007000
vn 0.022600 0.999700 -0.003600
vn 0.030900 0.995000 0.095200
vn 0.015700 0.995000 0.098900
vn -0.045500 0.995000 0.089200
vn -0.058800 0.995000 0.081000
vn 0.098900 0.995000 0.015700
vn 0.095200 0.995000 0.030900
vn 0.110000 0.970200 0.215900
vn 0.074900 0.970200 0.230400
vn -0.142400 0.970200 0.196000
vn -0.171300 0.970200 0.171300
vn 0.230400 0.970200 0.074900
vn 0.215900 0.970200 0.110000
vn 0.195200 0.943200 0.268700
vn 0.150800 0.943200 0.295900
vn -0.234900 0.943200 0.234900
vn -0.268700 0.943200 0.195200
vn 0.295900 0.943200 0.150800
vn 0.268700 0.943200 0.195200
vn 0.314500 0.921300 0.228500
vn 0.274900 0.921300 0.274900
vn 0.228500 0.921300 0.314500
vn -0.314500 0.921300 0.228500
vn -0.346400 0.921300 0.176500
vn 0.346400 0.921300 0.176500
vn 0.369700 0.921300 0.120100
vn 0.315800 0.943200 0.102600
vn 0.322800 0.889700 0.322800
vn -0.406700 0.889700 0.207200
vn -0.434100 0.889700 0.141000
vn -0.450800 0.889700 0.071400
vn -0.384000 0.921300 0.060800
vn 0.406700 0.889700 0.207200
vn 0.328000 0.943200 0.051900
vn 0.239300 0.970200 0.037900
vn -0.388700 0.921300 0.000000
vn 0.369200 0.889700 0.268300
vn 0.242300 0.970200 0.000000
vn 0.100100 0.995000 0.000000
vn 0.098900 0.995000 -0.015700
vn -0.369200 0.889700 0.268300
vn -0.456400 0.889700 0.000000
vn -0.716800 0.697300 0.000000
vn -0.384000 0.921300 -0.060800
vn -0.322800 0.889700 0.322800
vn -0.274900 0.921300 0.274900
vn -0.450800 0.889700 -0.071400
vn -0.708100 0.697100 -0.112100
vn 0.020300 0.999700 -0.010300
vn -0.228500 0.921300 0.314500
vn -0.268300 0.889700 0.369200
vn -0.421300 0.697300 0.579900
vn -0.195200 0.943200 0.268700
vn -0.434100 0.889700 -0.141000
vn 0.018500 0.999700 -0.013400
vn 0.102900 0.991900 -0.074800
vn -0.207200 0.889700 0.406700
vn -0.325400 0.697100 0.638800
vn -0.110000 0.970200 0.215900
vn -0.150800 0.943200 0.295900
vn -0.406700 0.889700 -0.207200
vn -0.346400 0.921300 -0.176500
vn 0.089900 0.991900 -0.089900
vn 0.436400 0.786700 -0.436400
vn -0.074900 0.970200 0.230400
vn -0.030900 0.995000 0.095200
vn -0.176500 0.921300 0.346400
vn -0.638800 0.697100 -0.325400
vn -0.579900 0.697300 -0.421300
vn -0.314500 0.921300 -0.228500
vn -0.268700 0.943200 -0.195200
vn -0.015700 0.995000 0.098900
vn -0.120100 0.921300 0.369700
vn -0.141000 0.889700 0.434100
vn -0.234900 0.943200 -0.234900
vn -0.171300 0.970200 -0.171300
vn 0.074800 0.991900 -0.102900
vn -0.102600 0.943200 0.315800
vn -0.071400 0.889700 0.450800
vn 0.010300 0.999700 -0.020300
vn 0.013400 0.999700 -0.018500
vn 0.016100 0.999700 -0.016100
vn 0.000000 0.995000 0.100100
vn -0.051900 0.943200 0.328000
vn 0.000000 0.970200 0.242300
vn -0.037900 0.970200 0.239300
vn -0.060800 0.921300 0.384000
vn 0.000000 0.921300 0.388700
vn 0.000000 0.889700 0.456400
vn 0.000000 0.697300 0.716800
vn 0.015700 0.995000 -0.098900
vn 0.089200 0.995000 -0.045500
vn 0.095200 0.995000 -0.030900
vn 0.000000 0.943200 0.332100
vn 0.071400 0.889700 0.450800
vn 0.060800 0.921300 0.384000
vn 0.051900 0.943200 0.328000
vn 0.230400 0.970200 -0.074900
vn 0.239300 0.970200 -0.037900
vn 0.037900 0.970200 0.239300
vn 0.120100 0.921300 0.369700
vn 0.141000 0.889700 0.434100
vn 0.221500 0.697300 0.681700
vn 0.102600 0.943200 0.315800
vn 0.328000 0.943200 -0.051900
vn 0.332100 0.943200 0.000000
vn 0.207200 0.889700 0.406700
vn 0.176500 0.921300 0.346400
vn 0.325400 0.697100 0.638800
vn 0.388700 0.921300 0.000000
vn 0.384000 0.921300 -0.060800
vn 0.369700 0.921300 -0.120100
vn 0.315800 0.943200 -0.102600
vn 0.384000 0.921300 0.060800
vn 0.421300 0.697300 0.579900
vn 0.450800 0.889700 -0.071400
vn 0.450800 0.889700 0.071400
vn 0.456400 0.889700 0.000000
vn 0.295900 0.943200 -0.150800
vn 0.215900 0.970200 -0.110000
vn 0.434100 0.889700 0.141000
vn 0.268300 0.889700 0.369200
vn 0.196000 0.970200 -0.142400
vn 0.081000 0.995000 -0.058800
vn 0.681700 0.697300 0.221500
vn 0.638800 0.697100 0.325400
vn 0.506900 0.697100 0.506900
vn 0.070800 0.995000 -0.070800
vn 0.708100 0.697100 0.112100
vn 0.434100 0.889700 -0.141000
vn 0.681700 0.697300 -0.221500
vn 0.142400 0.970200 -0.196000
vn 0.171300 0.970200 -0.171300
vn 0.058800 0.995000 -0.081000
vn 0.406700 0.889700 -0.207200
vn 0.638800 0.697100 -0.325400
vn 0.346400 0.921300 -0.176500
vn 0.234900 0.943200 -0.234900
vn 0.268700 0.943200 -0.195200
vn 0.045400 0.995000 -0.089200
vn 0.579900 0.697300 -0.421300
vn 0.369200 0.889700 -0.268300
vn 0.314500 0.921300 -0.228500
vn 0.274900 0.921300 -0.274900
vn 0.228500 0.921300 -0.314500
vn 0.195200 0.943200 -0.268700
vn 0.322800 0.889700 -0.322800
vn 0.506900 0.697100 -0.506900
vn 0.207200 0.889700 -0.406700
vn 0.268300 0.889700 -0.369200
vn 0.176500 0.921300 -0.346400
vn 0.150800 0.943200 -0.295900
vn 0.110000 0.970200 -0.215900
vn 0.030900 0.995000 -0.095200
vn 0.421300 0.697300 -0.579900
vn 0.120100 0.921300 -0.369700
vn 0.074900 0.970200 -0.230400
vn 0.102600 0.943200 -0.315800
vn 0.037900 0.970200 -0.239300
vn 0.000000 0.970200 -0.242300
vn 0.000000 0.995000 -0.100100
vn 0.325400 0.697100 -0.638800
vn 0.051900 0.943200 -0.328000
vn 0.000000 0.943200 -0.332100
vn -0.051900 0.943200 -0.328000
vn -0.037900 0.970200 -0.239300
vn -0.015700 0.995000 -0.098900
vn 0.141000 0.889700 -0.434100
vn 0.060800 0.921300 -0.384000
vn 0.000000 0.921300 -0.388700
vn -0.074900 0.970200 -0.230400
vn -0.030900 0.995000 -0.095200
vn 0.071400 0.889700 -0.450800
vn 0.000000 0.889700 -0.456400
vn -0.071400 0.889700 -0.450800
vn -0.060800 0.921300 -0.384000
vn -0.141000 0.889700 -0.434100
vn -0.221500 0.697300 -0.681700
vn -0.112100 0.697100 -0.708100
vn -0.120100 0.921300 -0.369700
vn -0.102600 0.943200 -0.315800
vn -0.110000 0.970200 -0.215900
vn -0.207200 0.889700 -0.406700
vn -0.325400 0.697100 -0.638800
vn -0.176500 0.921300 -0.346400
vn -0.150800 0.943200 -0.295900
vn -0.195200 0.943200 -0.268700
vn -0.268300 0.889700 -0.369200
vn -0.421300 0.697300 -0.579900
vn -0.228500 0.921300 -0.314500
vn -0.274900 0.921300 -0.274900
vn -0.322800 0.889700 -0.322800
vn -0.506900 0.697100 -0.506900
vn -0.369200 0.889700 -0.268300
vn 0.707100 -0.002800 -0.707100
vn 0.689400 0.222400 -0.689400
vn 0.809000 -0.002800 -0.587800
vn 0.587800 -0.002800 -0.809000
vn 0.706900 -0.022600 -0.706900
vn 0.788800 0.222400 -0.573000
vn 0.511600 0.774700 -0.371700
vn 0.447000 0.774800 -0.447000
vn 0.371700 0.774700 -0.511600
vn 0.573000 0.222400 -0.788800
vn 0.868700 0.222400 -0.442600
vn 0.563200 0.774800 -0.287000
vn 0.103200 0.993300 -0.052600
vn 0.093800 0.993200 -0.068100
vn 0.081900 0.993300 -0.081900
vn 0.442600 0.222400 -0.868700
vn 0.052600 0.993300 -0.103200
vn 0.068100 0.993200 -0.093800
vn 0.287000 0.774800 -0.563200
vn 0.601300 0.774700 -0.195400
vn 0.195400 0.774700 -0.601400
vn 0.035800 0.993200 -0.110300
vn 0.018100 0.993300 -0.114400
vn 0.110300 0.993200 -0.035800
vn 0.114400 0.993300 -0.018100
vn 0.624400 0.774800 -0.098900
vn 0.962900 0.222400 -0.152500
vn 0.927200 0.222400 -0.301200
vn 0.115900 0.993300 0.000000
vn 0.632300 0.774700 0.000000
vn 0.951000 -0.002800 -0.309000
vn 0.891000 -0.002800 -0.454000
vn 0.114400 0.993300 0.018100
vn 0.890800 -0.022600 -0.453900
vn 0.808800 -0.022600 -0.587600
vn 0.798300 -0.162100 -0.580000
vn 0.697700 -0.162100 -0.697700
vn 0.580000 -0.162100 -0.798300
vn 0.587600 -0.022600 -0.808800
vn -0.018100 0.993300 -0.114400
vn 0.703800 0.095700 -0.703800
vn 0.453900 -0.022600 -0.890800
vn 0.454000 -0.002800 -0.891000
vn 0.309000 -0.002800 -0.951000
vn 0.308900 -0.022600 -0.950800
vn 0.304900 -0.162100 -0.938500
vn 0.448000 -0.162100 -0.879200
vn 0.301200 0.222400 -0.927200
vn -0.052600 0.993300 -0.103200
vn -0.035800 0.993200 -0.110300
vn 0.156400 -0.022600 -0.987400
vn 0.451900 0.095700 -0.886900
vn 0.585100 0.095700 -0.805300
vn 0.152500 0.222400 -0.962900
vn 0.098900 0.774800 -0.624400
vn -0.195400 0.774700 -0.601300
vn 0.221500 0.697300 -0.681700
vn 0.307600 0.095700 -0.946700
vn 0.000000 0.774700 -0.632300
vn 0.000000 0.993200 -0.115900
vn 0.155700 0.095700 -0.983200
vn 0.154400 -0.162100 -0.974600
vn 0.000000 0.697300 -0.716800
vn 0.000000 0.095700 -0.995400
vn 0.000000 -0.162100 -0.986800
vn 0.000000 -0.022600 -0.999700
vn 0.000000 -0.002800 -1.000000
vn 0.156400 -0.002800 -0.987700
vn -0.098900 0.774800 -0.624400
vn 0.805300 0.095700 -0.585100
vn -0.155700 0.095700 -0.983200
vn -0.156400 -0.022600 -0.987400
vn -0.152500 0.222400 -0.962900
vn 0.000000 0.222400 -0.974900
vn 0.886900 0.095700 -0.451900
vn 0.879200 -0.162100 -0.448000
vn -0.156400 -0.002800 -0.987700
vn -0.309000 -0.002800 -0.951000
vn -0.301200 0.222400 -0.927200
vn 0.950800 -0.022600 -0.308900
vn 0.938500 -0.162100 -0.304900
vn -0.442600 0.222400 -0.868700
vn -0.287000 0.774800 -0.563200
vn -0.307600 0.095700 -0.946700
vn -0.451900 0.095700 -0.886900
vn -0.304900 -0.162100 -0.938500
vn -0.154400 -0.162100 -0.974600
vn -0.371700 0.774700 -0.511600
vn -0.068100 0.993300 -0.093800
vn 0.946700 0.095700 -0.307600
vn -0.081900 0.993300 -0.081900
vn 0.983200 0.095700 -0.155700
vn 0.987400 -0.022600 -0.156400
vn 0.974600 -0.162100 -0.154400
vn 0.708100 0.697100 -0.112100
vn 0.716800 0.697300 0.000000
vn 0.995400 0.095700 0.000000
vn 0.986800 -0.162100 0.000000
vn -0.308900 -0.022600 -0.950800
vn 0.983200 0.095700 0.155700
vn -0.448000 -0.162100 -0.879200
vn -0.453900 -0.022600 -0.890800
vn -0.454000 -0.002800 -0.891000
vn 0.987700 -0.002800 -0.156400
vn -0.580000 -0.162100 -0.798300
vn -0.585100 0.095700 -0.805300
vn -0.587800 -0.002800 -0.809000
vn -0.573000 0.222400 -0.788800
vn 1.000000 -0.002800 0.000000
vn 0.999700 -0.022600 0.000000
vn 0.974900 0.222400 0.000000
vn -0.703800 0.095700 -0.703800
vn -0.689400 0.222400 -0.689400
vn -0.447000 0.774800 -0.447000
vn 0.987400 -0.022600 0.156400
vn 0.974600 -0.162100 0.154400
vn 0.624400 0.774800 0.098900
vn 0.962900 0.222400 0.152500
vn -0.511600 0.774700 -0.371700
vn -0.093800 0.993200 -0.068100
vn 0.938500 -0.162100 0.304900
vn 0.946700 0.095700 0.307600
vn 0.601300 0.774700 0.195400
vn 0.987700 -0.002800 0.156400
vn -0.103200 0.993300 -0.052600
vn 0.886900 0.095700 0.451900
vn 0.951000 -0.002800 0.309000
vn 0.950800 -0.022600 0.308900
vn -0.805300 0.095700 -0.585100
vn -0.886900 0.095700 -0.451900
vn -0.798300 -0.162100 -0.580000
vn -0.697700 -0.162100 -0.697700
vn 0.927200 0.222400 0.301200
vn 0.890800 -0.022600 0.453900
vn 0.879200 -0.162100 0.448000
vn -0.706900 -0.022600 -0.706900
vn -0.587600 -0.022600 -0.808800
vn 0.868700 0.222400 0.442600
vn 0.798300 -0.162100 0.580000
vn 0.805300 0.095700 0.585100
vn 0.579900 0.697300 0.421300
vn 0.891000 -0.002800 0.454000
vn 0.703800 0.095700 0.703800
vn 0.808800 -0.022600 0.587600
vn 0.706900 -0.022600 0.706900
vn 0.697700 -0.162100 0.697700
vn -0.707100 -0.002800 -0.707100
vn 0.809000 -0.002800 0.587800
vn 0.580000 -0.162100 0.798300
vn 0.585100 0.095700 0.805300
vn -0.809000 -0.002800 -0.587800
vn -0.788800 0.222400 -0.573000
vn -0.808800 -0.022600 -0.587600
vn 0.451900 0.095700 0.886900
vn -0.891000 -0.002800 -0.454000
vn -0.868700 0.222400 -0.442600
vn -0.890800 -0.022600 -0.453900
vn -0.563200 0.774800 -0.287000
vn -0.879200 -0.162100 -0.448000
vn -0.951000 -0.002800 -0.309000
vn -0.927200 0.222400 -0.301200
vn -0.601400 0.774700 -0.195400
vn -0.938500 -0.162100 -0.304900
vn -0.950800 -0.022600 -0.308900
vn -0.110300 0.993200 -0.035800
vn -0.681700 0.697300 -0.221500
vn -0.946700 0.095700 -0.307600
vn -0.962900 0.222400 -0.152500
vn -0.987400 -0.022600 -0.156400
vn -0.114400 0.993300 -0.018100
vn -0.983200 0.095700 -0.155700
vn 0.307600 0.095700 0.946700
vn 0.304900 -0.162100 0.938500
vn 0.155700 0.095700 0.983200
vn -0.987700 -0.002800 -0.156400
vn -0.974600 -0.162100 -0.154400
vn -1.000000 -0.002800 0.000000
vn -0.986800 -0.162100 0.000000
vn -0.999700 -0.022600 0.000000
vn 0.000000 0.095700 0.995400
vn 0.000000 -0.162100 0.986800
vn -0.155700 0.095700 0.983200
vn 0.154400 -0.162100 0.974600
vn -0.112100 0.697100 0.708100
vn -0.221500 0.697300 0.681700
vn -0.995400 0.095700 0.000000
vn -0.987400 -0.022600 0.156400
vn 0.156400 -0.022600 0.987400
vn -0.307600 0.095700 0.946700
vn -0.451900 0.095700 0.886900
vn -0.983200 0.095700 0.155700
vn -0.154400 -0.162100 0.974600
vn -0.304900 -0.162100 0.938500
vn -0.974600 -0.162100 0.154400
vn 0.000000 -0.022600 0.999700
vn -0.156400 -0.022600 0.987400
vn -0.114400 0.993300 0.018100
vn -0.115900 0.993300 0.000000
vn -0.938500 -0.162100 0.304900
vn 0.000000 -0.002800 1.000000
vn -0.448000 -0.162100 0.879200
vn -0.580000 -0.162100 0.798300
vn -0.585100 0.095700 0.805300
vn -0.703800 0.095700 0.703800
vn -0.506900 0.697100 0.506900
vn -0.579900 0.697300 0.421300
vn -0.632300 0.774700 0.000000
vn -0.624400 0.774800 -0.098900
vn -0.308900 -0.022600 0.950800
vn -0.453900 -0.022600 0.890800
vn -0.587600 -0.022600 0.808800
vn -0.706900 -0.022600 0.706900
vn -0.697700 -0.162100 0.697700
vn -0.156400 -0.002800 0.987700
vn -0.309000 -0.002800 0.951000
vn -0.454000 -0.002800 0.891000
vn -0.587800 -0.002800 0.809000
vn -0.798300 -0.162100 0.580000
vn -0.805300 0.095700 0.585100
vn -0.974900 0.222400 0.000000
vn -0.152500 0.222400 0.962900
vn -0.301200 0.222400 0.927200
vn -0.442600 0.222400 0.868700
vn -0.886900 0.095700 0.451900
vn -0.987700 -0.002800 0.156400
vn -0.962900 0.222400 0.152500
vn -0.624400 0.774800 0.098900
vn -0.195400 0.774700 0.601300
vn -0.951000 -0.002800 0.309000
vn -0.927200 0.222400 0.301200
vn -0.601400 0.774700 0.195400
vn -0.950800 -0.022600 0.308900
vn -0.110300 0.993200 0.035800
vn -0.681700 0.697300 0.221500
vn -0.946700 0.095700 0.307600
vn -0.708100 0.697100 0.112100
vn -0.868700 0.222400 0.442600
vn -0.563200 0.774800 0.287000
vn -0.103200 0.993300 0.052600
vn -0.890800 -0.022600 0.453900
vn -0.879200 -0.162100 0.448000
vn -0.511600 0.774700 0.371700
vn -0.093800 0.993200 0.068100
vn -0.891000 -0.002800 0.454000
vn -0.808800 -0.022600 0.587600
vn -0.081900 0.993300 0.081900
vn -0.809000 -0.002800 0.587800
vn -0.788700 0.222400 0.573000
vn -0.707100 -0.002800 0.707100
vn -0.689400 0.222400 0.689400
vn -0.447000 0.774800 0.447000
vn -0.573000 0.222400 0.788800
vn -0.052600 0.993300 0.103200
vn -0.068100 0.993300 0.093800
vn -0.371700 0.774700 0.511600
vn -0.287000 0.774800 0.563200
vn -0.098900 0.774800 0.624400
vn -0.018100 0.993300 0.114400
vn -0.035800 0.993300 0.110300
vn 0.000000 0.222400 0.974900
vn 0.000000 0.774700 0.632300
vn 0.000000 0.993200 0.115900
vn 0.156400 -0.002800 0.987700
vn 0.152500 0.222400 0.962900
vn 0.098900 0.774800 0.624400
vn 0.018100 0.993300 0.114400
vn 0.308900 -0.022600 0.950800
vn 0.309000 -0.002800 0.951000
vn 0.301200 0.222400 0.927200
vn 0.195400 0.774700 0.601300
vn 0.448000 -0.162100 0.879200
vn 0.453900 -0.022600 0.890800
vn 0.454000 -0.002800 0.891000
vn 0.442600 0.222400 0.868700
vn 0.052600 0.993300 0.103200
vn 0.035800 0.993200 0.110300
vn 0.287000 0.774800 0.563200
vn 0.587600 -0.022600 0.808800
vn 0.587800 -0.002800 0.809000
vn 0.371700 0.774700 0.511600
vn 0.573000 0.222400 0.788800
vn 0.689400 0.222400 0.689400
vn 0.707100 -0.002800 0.707100
vn 0.068100 0.993200 0.093800
vn 0.081900 0.993300 0.081900
vn 0.447000 0.774800 0.447000
vn 0.511600 0.774700 0.371700
vn 0.788800 0.222400 0.573000
vn 0.103200 0.993300 0.052600
vn 0.093800 0.993200 0.068100
vn 0.563200 0.774800 0.287000
vn 0.110300 0.993200 0.035800
vn -0.454000 0.000000 -0.891000
vn -0.349500 -0.638200 -0.685900
vn -0.340800 0.660600 -0.668900
vn -0.117400 0.660600 -0.741400
vn -0.156400 0.000000 -0.987700
vn -0.231000 0.664300 -0.710900
vn -0.707100 0.000000 -0.707100
vn -0.530800 0.660600 -0.530800
vn -0.439300 0.664300 -0.604700
vn -0.013200 0.999100 -0.040800
vn -0.025200 0.999100 -0.034700
vn 0.156400 0.000000 -0.987700
vn -0.120400 -0.638200 -0.760400
vn -0.237900 -0.638000 -0.732300
vn -0.025600 0.998400 -0.050200
vn 0.000000 -0.638000 -0.770000
vn -0.025900 -0.996500 -0.079900
vn -0.452600 -0.638000 -0.622900
vn -0.002700 1.000000 -0.005200
vn 0.120400 -0.638200 -0.760400
vn -0.544400 -0.638200 -0.544400
vn -0.001400 1.000000 -0.002000
vn -0.004100 1.000000 -0.004100
vn -0.039800 0.998400 -0.039800
vn -0.034700 0.999100 -0.025200
vn -0.604700 0.664300 -0.439300
vn -0.891000 0.000000 -0.454000
vn -0.000700 1.000000 -0.002300
vn -0.668900 0.660600 -0.340800
vn 0.237900 -0.638000 -0.732300
vn 0.025900 -0.996500 -0.079900
vn -0.622900 -0.638000 -0.452600
vn -0.685900 -0.638200 -0.349500
vn -0.000900 1.000000 -0.005800
vn -0.008800 0.998400 -0.055600
vn 0.349500 -0.638200 -0.685900
vn 0.038100 -0.996500 -0.074800
vn 0.000000 1.000000 -0.002400
vn 0.000000 0.999100 -0.042900
vn 0.000000 0.664300 -0.747500
vn -0.079900 -0.996500 -0.025900
vn -0.732300 -0.638000 -0.237900
vn 0.000900 1.000000 -0.005800
vn 0.117400 0.660600 -0.741400
vn -0.760400 -0.638200 -0.120400
vn -0.082900 -0.996500 -0.013100
vn -0.987700 0.000000 -0.156400
vn 0.452600 -0.638000 -0.622900
vn 0.544400 -0.638200 -0.544400
vn 0.454000 0.000000 -0.891000
vn -0.084000 -0.996500 0.000000
vn -0.760400 -0.638200 0.120400
vn -0.770000 -0.638000 0.000000
vn 0.622900 -0.638000 -0.452600
vn 0.707100 0.000000 -0.707100
vn 0.685900 -0.638200 -0.349500
vn -0.987700 0.000000 0.156400
vn -0.079900 -0.996500 0.025900
vn -0.074800 -0.996500 0.038100
vn -0.685900 -0.638200 0.349500
vn -0.732300 -0.638000 0.237900
vn -0.741400 0.660600 -0.117400
vn -0.710900 0.664300 -0.231000
vn -0.040800 0.999100 -0.013200
vn -0.050200 0.998400 -0.025600
vn 0.340800 0.660600 -0.668900
vn 0.231000 0.664300 -0.710900
vn -0.005200 1.000000 -0.002700
vn -0.002000 1.000000 -0.001400
vn 0.013200 0.999100 -0.040800
vn 0.008800 0.998400 -0.055600
vn -0.622900 -0.638000 0.452600
vn -0.544400 -0.638200 0.544400
vn -0.891000 0.000000 0.454000
vn -0.002300 1.000000 -0.000700
vn -0.049300 -0.996500 0.067900
vn -0.349500 -0.638200 0.685900
vn -0.452600 -0.638000 0.622900
vn -0.005800 1.000000 -0.000900
vn -0.055700 0.998400 -0.008800
vn 0.000700 1.000000 -0.002300
vn -0.707100 0.000000 0.707100
vn -0.042900 0.999100 0.000000
vn -0.747500 0.664300 0.000000
vn 0.002700 1.000000 -0.005200
vn 0.025600 0.998400 -0.050200
vn -0.741400 0.660600 0.117400
vn 0.001400 1.000000 -0.002000
vn 0.025200 0.999100 -0.034700
vn 0.439300 0.664300 -0.604700
vn -0.710900 0.664300 0.231000
vn -0.040800 0.999100 0.013200
vn -0.055700 0.998400 0.008800
vn 0.004100 1.000000 -0.004100
vn 0.530800 0.660600 -0.530800
vn -0.668900 0.660600 0.340800
vn -0.005800 1.000000 0.000900
vn -0.002400 1.000000 0.000000
vn 0.002000 1.000000 -0.001400
vn 0.034700 0.999100 -0.025200
vn 0.039800 0.998400 -0.039800
vn -0.002300 1.000000 0.000700
vn 0.005200 1.000000 -0.002700
vn 0.891000 0.000000 -0.454000
vn -0.005200 1.000000 0.002700
vn -0.050200 0.998400 0.025600
vn 0.002300 1.000000 -0.000700
vn 0.040800 0.999100 -0.013200
vn 0.050200 0.998400 -0.025600
vn 0.604700 0.664300 -0.439300
vn 0.732300 -0.638000 -0.237900
vn -0.034700 0.999100 0.025200
vn -0.604700 0.664300 0.439300
vn 0.005800 1.000000 -0.000900
vn 0.668900 0.660600 -0.340800
vn 0.760400 -0.638200 -0.120400
vn -0.530800 0.660600 0.530800
vn 0.710900 0.664300 -0.231000
vn 0.741400 0.660600 -0.117400
vn 0.987700 0.000000 -0.156400
vn 0.055700 0.998400 -0.008800
vn -0.454000 0.000000 0.891000
vn 0.002400 1.000000 0.000000
vn 0.042900 0.999100 0.000000
vn 0.770000 -0.638000 0.000000
vn -0.237900 -0.638000 0.732300
vn 0.987700 0.000000 0.156400
vn 0.005800 1.000000 0.000900
vn 0.747500 0.664300 0.000000
vn 0.760400 -0.638200 0.120400
vn -0.120400 -0.638200 0.760400
vn 0.002300 1.000000 0.000700
vn 0.040800 0.999100 0.013200
vn 0.055700 0.998400 0.008800
vn 0.741400 0.660600 0.117400
vn 0.082900 -0.996500 0.013100
vn 0.079900 -0.996500 0.025900
vn 0.005200 1.000000 0.002700
vn 0.710900 0.664300 0.231000
vn 0.732300 -0.638000 0.237900
vn 0.685900 -0.638200 0.349500
vn 0.668900 0.660600 0.340800
vn 0.891000 0.000000 0.454000
vn 0.000000 -0.638000 0.770000
vn 0.120400 -0.638200 0.760400
vn -0.156400 0.000000 0.987700
vn 0.050200 0.998400 0.025600
vn 0.067900 -0.996500 0.049300
vn 0.622900 -0.638000 0.452600
vn 0.544400 -0.638200 0.544400
vn 0.002000 1.000000 0.001400
vn 0.034700 0.999100 0.025200
vn 0.004100 1.000000 0.004100
vn 0.039800 0.998400 0.039800
vn 0.530800 0.660600 0.530800
vn 0.604700 0.664300 0.439300
vn -0.340800 0.660600 0.668900
vn -0.439300 0.664300 0.604700
vn 0.001400 1.000000 0.002000
vn 0.025200 0.999100 0.034700
vn -0.025200 0.999100 0.034700
vn -0.231000 0.664300 0.710900
vn -0.013200 0.999100 0.040800
vn -0.025600 0.998400 0.050200
vn -0.039800 0.998400 0.039800
vn 0.002700 1.000000 0.005200
vn -0.117400 0.660600 0.741400
vn -0.002700 1.000000 0.005200
vn -0.004100 1.000000 0.004100
vn -0.002000 1.000000 0.001400
vn 0.707100 0.000000 0.707100
vn -0.001400 1.000000 0.002000
vn 0.439300 0.664300 0.604700
vn 0.452600 -0.638000 0.622900
vn 0.340800 0.660600 0.668900
vn 0.454000 0.000000 0.891000
vn 0.349500 -0.638200 0.685900
vn 0.025600 0.998400 0.050200
vn -0.000700 1.000000 0.002300
vn 0.000700 1.000000 0.002300
vn 0.013200 0.999100 0.040800
vn -0.000900 1.000000 0.005800
vn 0.000000 1.000000 0.002400
vn 0.000900 1.000000 0.005800
vn -0.008800 0.998400 0.055700
vn 0.156400 0.000000 0.987700
vn 0.231000 0.664300 0.710900
vn 0.117400 0.660600 0.741400
vn 0.008800 0.998400 0.055700
vn 0.000000 0.999100 0.042900
vn 0.000000 0.664300 0.747500
vn 0.237900 -0.638000 0.732300
vn -0.008400 -0.999900 0.001300
vn -0.008500 -0.999900 0.000000
vn -0.008100 -0.999900 0.002600
vn -0.008400 -0.999900 -0.001300
vn -0.007600 -0.999900 0.003900
vn -0.006900 -0.999900 0.005000
vn -0.067900 -0.996500 0.049300
vn -0.006000 -0.999900 0.006000
vn -0.059400 -0.996500 0.059400
vn -0.008100 -0.999900 -0.002600
vn -0.007600 -0.999900 -0.003900
vn -0.074800 -0.996500 -0.038100
vn -0.067900 -0.996500 -0.049300
vn -0.006900 -0.999900 -0.005000
vn -0.005000 -0.999900 0.006900
vn -0.006000 -0.999900 -0.006000
vn -0.003900 -0.999900 0.007600
vn -0.005000 -0.999900 -0.006900
vn -0.049300 -0.996500 -0.067900
vn -0.002600 -0.999900 0.008100
vn -0.025900 -0.996500 0.079900
vn -0.038100 -0.996500 0.074800
vn -0.003900 -0.999900 -0.007600
vn -0.038100 -0.996500 -0.074800
vn -0.001300 -0.999900 0.008400
vn -0.013100 -0.996500 0.082900
vn -0.002600 -0.999900 -0.008100
vn 0.000000 -0.999900 0.008500
vn 0.000000 -0.996500 0.084000
vn -0.001300 -0.999900 -0.008400
vn 0.001300 -0.999900 0.008400
vn 0.013100 -0.996500 0.082900
vn 0.000000 -0.999900 -0.008500
vn 0.000000 -0.996500 -0.084000
vn -0.013100 -0.996500 -0.082900
vn 0.002600 -0.999900 0.008100
vn 0.025900 -0.996500 0.079900
vn 0.001300 -0.999900 -0.008400
vn 0.013100 -0.996500 -0.082900
vn 0.003900 -0.999900 0.007600
vn 0.038100 -0.996500 0.074800
vn 0.002600 -0.999900 -0.008100
vn 0.005000 -0.999900 0.006900
vn 0.049300 -0.996500 0.067900
vn 0.003900 -0.999900 -0.007600
vn 0.006000 -0.999900 0.006000
vn 0.059400 -0.996500 0.059400
vn 0.005000 -0.999900 -0.006900
vn 0.049300 -0.996500 -0.067900
vn 0.006900 -0.999900 0.005000
vn 0.006000 -0.999900 -0.006000
vn 0.059400 -0.996500 -0.059400
vn 0.007600 -0.999900 0.003900
vn 0.006900 -0.999900 -0.005000
vn 0.067900 -0.996500 -0.049300
vn 0.008100 -0.999900 0.002600
vn 0.007600 -0.999900 -0.003900
vn 0.074800 -0.996500 -0.038100
vn 0.008400 -0.999900 0.001300
vn 0.079900 -0.996500 -0.025900
vn 0.008100 -0.999900 -0.002600
vn 0.008500 -0.999900 0.000000
vn 0.084000 -0.996500 0.000000
vn 0.008400 -0.999900 -0.001300
vn -0.030800 -0.999300 -0.022400
vn -0.003700 -1.000000 -0.003700
vn -0.001700 -1.000000 -0.001300
vn -0.004600 -1.000000 -0.002300
vn -0.002000 -1.000000 -0.000600
vn -0.036200 -0.999300 -0.011700
vn -0.005100 -1.000000 -0.000800
vn -0.001300 -1.000000 -0.001700
vn -0.002100 -1.000000 0.000000
vn -0.005100 -1.000000 0.000800
vn -0.038100 -0.999300 0.000000
vn -0.002300 -1.000000 -0.004600
vn -0.000600 -1.000000 -0.002000
vn -0.002000 -1.000000 0.000600
vn -0.004600 -1.000000 0.002300
vn -0.036200 -0.999300 0.011700
vn -0.000800 -1.000000 -0.005100
vn 0.000000 -1.000000 -0.002100
vn -0.001700 -1.000000 0.001300
vn -0.003700 -1.000000 0.003700
vn -0.030800 -0.999300 0.022400
vn 0.000800 -1.000000 -0.005100
vn 0.000600 -1.000000 -0.002000
vn -0.001300 -1.000000 0.001700
vn 0.011700 -0.999300 -0.036200
vn 0.002300 -1.000000 -0.004600
vn 0.001300 -1.000000 -0.001700
vn -0.002300 -1.000000 0.004600
vn -0.000600 -1.000000 0.002000
vn 0.022400 -0.999300 -0.030800
vn 0.003700 -1.000000 -0.003700
vn -0.000800 -1.000000 0.005100
vn -0.011700 -0.999300 0.036200
vn 0.001700 -1.000000 -0.001300
vn 0.000000 -1.000000 0.002100
vn 0.030800 -0.999300 -0.022400
vn 0.004600 -1.000000 -0.002300
vn 0.002000 -1.000000 -0.000600
vn 0.000800 -1.000000 0.005100
vn 0.000600 -1.000000 0.002000
vn 0.036200 -0.999300 -0.011700
vn 0.005100 -1.000000 -0.000800
vn 0.002300 -1.000000 0.004600
vn 0.011700 -0.999300 0.036200
vn 0.002100 -1.000000 0.000000
vn 0.001300 -1.000000 0.001700
vn 0.038100 -0.999300 0.000000
vn 0.005100 -1.000000 0.000800
vn 0.003700 -1.000000 0.003700
vn 0.022400 -0.999300 0.030800
vn 0.002000 -1.000000 0.000600
vn 0.001700 -1.000000 0.001300
vn 0.004600 -1.000000 0.002300
vn 0.030800 -0.999300 0.022400
vn -0.116900 -0.664000 0.738500
vn 0.116900 -0.664000 0.738500
vn 0.000000 -0.667200 0.744900
vn -0.118400 0.653700 0.747400
vn 0.000000 -0.999300 0.038100
vn 0.339500 -0.664000 0.666200
vn 0.230200 -0.667200 0.708400
vn 0.118400 0.653700 0.747400
vn 0.000000 0.653500 0.756900
vn -0.007800 -0.998700 0.049400
vn 0.000000 0.998200 0.059400
vn 0.233900 0.653500 0.719800
vn 0.018300 0.998200 0.056500
vn 0.009300 0.998200 0.058600
vn 0.343500 0.653700 0.674200
vn 0.000900 1.000000 0.005900
vn -0.230200 -0.667200 0.708400
vn 0.437800 -0.667200 0.602600
vn -0.339500 -0.664000 0.666200
vn -0.022700 -0.998700 0.044600
vn -0.022400 -0.999300 0.030800
vn -0.437800 -0.667200 0.602600
vn 0.528700 -0.664000 0.528700
vn -0.528700 -0.664000 0.528700
vn -0.035300 -0.998700 0.035300
vn 0.602600 -0.667200 0.437800
vn -0.343500 0.653700 0.674200
vn -0.233900 0.653500 0.719800
vn 0.666200 -0.664000 0.339500
vn -0.009300 0.998200 0.058600
vn -0.018300 0.998200 0.056500
vn 0.044600 -0.998700 0.022700
vn 0.036200 -0.999300 0.011700
vn 0.000000 1.000000 0.006000
vn -0.000900 1.000000 0.005900
vn -0.602600 -0.667200 0.437800
vn -0.666200 -0.664000 0.339500
vn 0.738500 -0.664000 0.116900
vn 0.708400 -0.667200 0.230200
vn -0.036100 0.972900 0.228200
vn -0.063900 0.978400 0.196600
vn -0.001800 1.000000 0.005700
vn -0.002700 1.000000 0.005300
vn -0.104900 0.972900 0.205900
vn -0.708400 -0.667200 0.230200
vn -0.738500 -0.664000 0.116900
vn 0.001800 1.000000 0.005700
vn 0.063900 0.978400 0.196600
vn 0.002700 1.000000 0.005300
vn 0.026900 0.998200 0.052900
vn 0.535100 0.653700 0.535100
vn 0.444900 0.653500 0.612300
vn 0.034900 0.998200 0.048000
vn 0.003500 1.000000 0.004900
vn -0.535100 0.653700 0.535100
vn -0.444900 0.653500 0.612300
vn 0.612300 0.653500 0.444900
vn 0.048000 0.998200 0.034900
vn 0.042000 0.998200 0.042000
vn 0.004200 1.000000 0.004200
vn -0.034900 0.998200 0.048000
vn -0.026900 0.998200 0.052900
vn 0.674200 0.653700 0.343500
vn 0.004900 1.000000 0.003500
vn 0.167300 0.978400 0.121500
vn 0.719800 0.653500 0.233900
vn 0.056500 0.998200 0.018300
vn 0.052900 0.998200 0.026900
vn 0.005300 1.000000 0.002700
vn -0.003500 1.000000 0.004900
vn 0.747400 0.653700 0.118400
vn 0.005700 1.000000 0.001800
vn 0.196600 0.978400 0.063900
vn -0.004200 1.000000 0.004200
vn -0.042000 0.998200 0.042000
vn 0.744900 -0.667200 0.000000
vn 0.005900 1.000000 0.000900
vn 0.058600 0.998200 0.009300
vn -0.048000 0.998200 0.034900
vn -0.612300 0.653500 0.444900
vn 0.738500 -0.664000 -0.116900
vn 0.059400 0.998200 0.000000
vn 0.756900 0.653500 0.000000
vn -0.674200 0.653700 0.343500
vn 0.747400 0.653700 -0.118400
vn 0.006000 1.000000 0.000000
vn 0.005900 1.000000 -0.000900
vn 0.708400 -0.667200 -0.230200
vn 0.058600 0.998200 -0.009300
vn 0.666200 -0.664000 -0.339500
vn 0.056500 0.998200 -0.018300
vn 0.005700 1.000000 -0.001800
vn 0.005300 1.000000 -0.002700
vn 0.205900 0.972900 -0.104900
vn 0.167300 0.978400 -0.121500
vn 0.719800 0.653500 -0.233900
vn 0.674200 0.653700 -0.343500
vn 0.602600 -0.667200 -0.437800
vn 0.052900 0.998200 -0.026900
vn 0.004900 1.000000 -0.003500
vn 0.004200 1.000000 -0.004200
vn 0.528700 -0.664000 -0.528700
vn 0.048000 0.998200 -0.034900
vn 0.437800 -0.667200 -0.602600
vn 0.612300 0.653500 -0.444900
vn 0.042000 0.998200 -0.042000
vn 0.535100 0.653700 -0.535100
vn 0.339500 -0.664000 -0.666200
vn 0.034900 0.998200 -0.048000
vn 0.003500 1.000000 -0.004900
vn 0.444900 0.653500 -0.612300
vn 0.002700 1.000000 -0.005300
vn 0.026900 0.998200 -0.052900
vn 0.343500 0.653700 -0.674200
vn 0.018300 0.998200 -0.056500
vn 0.233900 0.653500 -0.719800
vn 0.230200 -0.667200 -0.708400
vn 0.116900 -0.664000 -0.738500
vn 0.118400 0.653700 -0.747400
vn 0.001800 1.000000 -0.005700
vn 0.000900 1.000000 -0.005900
vn 0.009300 0.998200 -0.058600
vn 0.000000 -0.999300 -0.038100
vn 0.000000 -0.667200 -0.744900
vn -0.116900 -0.664000 -0.738500
vn -0.007800 -0.998700 -0.049400
vn 0.063900 0.978400 -0.196600
vn 0.000000 0.998200 -0.059400
vn -0.011700 -0.999300 -0.036200
vn 0.036100 0.972900 -0.228200
vn 0.000000 0.653500 -0.756900
vn -0.118400 0.653700 -0.747400
vn -0.339500 -0.664000 -0.666200
vn -0.230200 -0.667200 -0.708400
vn -0.022700 -0.998700 -0.044600
vn 0.000000 1.000000 -0.006000
vn -0.022400 -0.999300 -0.030800
vn -0.000900 1.000000 -0.005900
vn -0.009300 0.998200 -0.058600
vn -0.437800 -0.667200 -0.602600
vn -0.528700 -0.664000 -0.528700
vn -0.035300 -0.998700 -0.035300
vn -0.018300 0.998200 -0.056500
vn -0.001800 1.000000 -0.005700
vn -0.233900 0.653500 -0.719800
vn -0.002700 1.000000 -0.005300
vn -0.026900 0.998200 -0.052900
vn -0.343500 0.653700 -0.674200
vn -0.034900 0.998200 -0.048000
vn -0.003500 1.000000 -0.004900
vn -0.444900 0.653500 -0.612300
vn -0.602600 -0.667200 -0.437800
vn -0.004200 1.000000 -0.004200
vn -0.535100 0.653700 -0.535100
vn -0.042000 0.998200 -0.042000
vn -0.666200 -0.664000 -0.339500
vn -0.048000 0.998200 -0.034900
vn -0.004900 1.000000 -0.003500
vn -0.612300 0.653500 -0.444900
vn -0.005300 1.000000 -0.002700
vn -0.674200 0.653700 -0.343500
vn -0.052900 0.998200 -0.026900
vn -0.205900 0.972900 -0.104900
vn -0.196600 0.978400 -0.063900
vn -0.056500 0.998200 -0.018300
vn -0.719800 0.653500 -0.233900
vn -0.708400 -0.667200 -0.230200
vn -0.738500 -0.664000 -0.116900
vn -0.005700 1.000000 -0.001900
vn -0.005900 1.000000 -0.000900
vn -0.747400 0.653700 -0.118400
vn -0.744900 -0.667200 0.000000
vn -0.058600 0.998200 -0.009300
vn -0.228200 0.972900 0.036100
vn -0.005900 1.000000 0.000900
vn -0.196600 0.978400 0.063900
vn -0.059400 0.998200 0.000000
vn -0.006000 1.000000 0.000000
vn -0.756900 0.653500 0.000000
vn -0.005700 1.000000 0.001800
vn -0.005300 1.000000 0.002700
vn -0.058600 0.998200 0.009300
vn -0.747400 0.653700 0.118400
vn -0.719800 0.653500 0.233900
vn -0.056500 0.998200 0.018300
vn -0.052900 0.998200 0.026900
vn -0.004900 1.000000 0.003500
vn 0.228200 0.972900 -0.036100
vn 0.205900 0.972900 0.104900
vn -0.104900 0.972900 -0.205900
vn 0.002000 -1.000000 -0.001100
vn 0.774900 0.573900 -0.265000
vn -0.002000 -1.000000 -0.001100
vn -0.707100 -0.707100 -0.000000
vn -0.707500 -0.000100 0.706700
vn -0.866500 0.000000 0.499100
vn -0.001100 0.000000 1.000000
vn -0.001000 0.000000 -1.000000
vn -0.865500 -0.000200 0.500900
vn 0.866500 -0.000100 0.499100
vn -0.352900 -0.707100 0.612800
vn -0.299600 0.536900 0.788600
vn 0.452400 -0.807800 0.377800
vn 0.001100 0.000000 1.000000
vn -0.001000 -1.000000 -0.001400
vn -0.002000 -1.000000 -0.003800
vn -0.001800 -1.000000 0.000000
vn -0.004200 -1.000000 0.000700
vn -0.001700 -1.000000 0.000500
vn -0.003800 -1.000000 0.002000
vn 0.000000 -1.000000 -0.001800
vn 0.000700 -1.000000 -0.004200
vn -0.001400 -1.000000 0.001000
vn -0.003100 -1.000000 0.003100
vn -0.000500 -1.000000 0.001700
vn -0.000700 -1.000000 0.004200
vn 0.001400 -1.000000 -0.001000
vn 0.003800 -1.000000 -0.002000
vn 0.000500 -1.000000 0.001700
vn 0.002000 -1.000000 0.003800
vn 0.001800 -1.000000 0.000000
vn 0.004200 -1.000000 0.000700
vn 0.001000 -1.000000 0.001400
vn 0.003100 -1.000000 0.003100
vn 0.001700 -1.000000 0.000500
vn 0.003800 -1.000000 0.002000
vn 0.001400 -1.000000 0.001000
vn 0.006300 -0.999100 0.040100
vn 0.036200 -0.999100 -0.018400
vn -0.006300 -0.999100 0.040100
vn -0.018400 -0.999100 0.036200
vn -0.040100 -0.999100 0.006300
vn -0.036200 -0.999100 -0.018400
vn 0.006300 -0.999100 -0.040100
vn 0.018400 -0.999100 -0.036200
vn 0.028700 -0.999100 -0.028700
vn -0.638800 0.697100 0.325400
vn 0.112100 0.697100 0.708100
vn 0.112100 0.697100 -0.708100
vn -0.059400 -0.996500 -0.059400
vn -0.082900 -0.996500 0.013100
vn 0.082900 -0.996500 -0.013100
vn 0.074800 -0.996500 0.038100
vn 0.007800 -0.998700 0.049400
vn 0.022700 -0.998700 0.044600
vn 0.035300 -0.998700 0.035300
vn -0.044600 -0.998700 0.022700
vn 0.049400 -0.998700 0.007800
vn -0.049400 -0.998700 0.007800
vn 0.049400 -0.998700 -0.007800
vn 0.044600 -0.998700 -0.022700
vn 0.035300 -0.998700 -0.035300
vn 0.022700 -0.998700 -0.044600
vn 0.007800 -0.998700 -0.049400
vn -0.044600 -0.998700 -0.022700
vn -0.049400 -0.998700 -0.007800
usemtl m_Metal
s off
f 1663/1/1 1664/2/1 1665/3/1
f 1664/2/2 1666/4/2 1665/3/2
f 1667/5/3 1668/6/3 1669/7/3
f 1667/5/4 1669/7/4 1670/8/4
f 1669/7/1 1672/9/1 1673/10/1
f 1669/7/1 1673/10/1 1674/11/1
f 1669/7/5 1674/11/5 1670/8/5
f 1671/12/1 1676/13/1 1673/10/1
f 1671/12/1 1673/10/1 1672/9/1
f 1674/11/1 1673/10/1 1675/14/1
f 1675/14/1 1673/10/1 1677/15/1
f 1676/13/1 1678/16/1 1673/10/1
f 1677/15/1 1673/10/1 1679/17/1
f 1678/16/1 1681/18/1 1673/10/1
f 1678/16/6 1682/19/6 1681/18/6
f 1679/17/1 1673/10/1 1683/20/1
f 1681/18/1 1684/21/1 1673/10/1
f 1683/20/1 1673/10/1 1685/22/1
f 1684/21/1 1686/23/1 1673/10/1
f 1685/22/1 1673/10/1 1687/24/1
f 1686/23/1 1688/25/1 1673/10/1
f 1687/24/1 1673/10/1 1690/26/1
f 1688/25/1 1691/27/1 1673/10/1
f 1688/25/7 1692/28/7 1691/27/7
f 1688/25/8 1689/29/8 1692/28/8
f 1690/26/1 1673/10/1 1693/30/1
f 1690/26/9 1693/30/9 1694/31/9
f 1691/27/1 1695/32/1 1673/10/1
f 1692/28/10 1696/33/10 1695/32/10
f 1693/30/1 1673/10/1 1697/34/1
f 1694/31/11 1697/34/11 1698/35/11
f 1695/32/1 1699/36/1 1673/10/1
f 1695/32/12 1700/37/12 1699/36/12
f 1695/32/13 1696/33/13 1700/37/13
f 1697/34/1 1673/10/1 1701/38/1
f 1699/36/1 1702/39/1 1673/10/1
f 1700/37/14 1703/40/14 1702/39/14
f 1701/38/1 1673/10/1 1704/41/1
f 1702/39/1 1706/42/1 1673/10/1
f 1704/41/1 1673/10/1 1707/43/1
f 1704/41/15 1707/43/15 1708/44/15
f 1704/41/16 1708/44/16 1705/45/16
f 1706/42/1 1709/46/1 1673/10/1
f 1707/43/1 1673/10/1 1711/47/1
f 1708/44/17 1711/47/17 1712/48/17
f 1709/46/1 1713/49/1 1673/10/1
f 1709/46/18 1714/50/18 1713/49/18
f 1709/46/19 1710/51/19 1714/50/19
f 1711/47/1 1673/10/1 1715/52/1
f 1713/49/1 1716/53/1 1673/10/1
f 1715/52/1 1673/10/1 1717/54/1
f 1716/53/1 1718/55/1 1673/10/1
f 1717/54/1 1673/10/1 1719/56/1
f 1718/55/1 1720/57/1 1673/10/1
f 1719/56/1 1673/10/1 1721/58/1
f 1720/57/1 1722/59/1 1673/10/1
f 1673/10/1 1723/60/1 1721/58/1
f 1673/10/1 1724/61/1 1723/60/1
f 1673/10/1 1722/59/1 1724/61/1
f 1841/62/20 1847/63/20 1840/64/20
f 1841/62/21 1826/65/21 1847/63/21
f 1904/66/22 1913/67/22 1905/68/22
f 1904/66/23 1903/69/23 1913/67/23
f 1905/68/22 1913/67/22 1927/70/22
f 1905/68/24 1927/70/24 1928/71/24
f 1905/68/24 1928/71/24 1920/72/24
f 1920/72/25 1928/71/25 1921/73/25
f 1927/70/22 1913/67/22 1931/74/22
f 1927/70/24 1931/74/24 1928/71/24
f 1913/67/23 1932/75/23 1933/76/23
f 1913/67/22 1933/76/22 1931/74/22
f 1913/67/23 1934/77/23 1932/75/23
f 1913/67/23 1903/69/23 1934/77/23
f 1934/77/26 1940/78/26 1932/75/26
f 1934/77/26 1903/69/26 1940/78/26
f 1903/69/26 1941/79/26 1940/78/26
f 1941/79/27 1946/80/27 1940/78/27
f 1921/73/25 1928/71/25 1984/81/25
f 1921/73/28 1985/82/28 1977/83/28
f 1921/73/28 1984/81/28 1985/82/28
f 1977/83/29 1985/82/29 1976/84/29
f 1984/81/25 1928/71/25 1992/85/25
f 1984/81/28 1992/85/28 1985/82/28
f 1928/71/24 1931/74/24 1993/86/24
f 1928/71/25 1993/86/25 1992/85/25
f 1999/87/30 2006/88/30 1946/80/30
f 1999/87/31 1998/89/31 2006/88/31
f 1946/80/30 2006/88/30 2007/90/30
f 1946/80/27 2007/90/27 1940/78/27
f 2007/90/30 2006/88/30 2013/91/30
f 2007/90/27 2013/91/27 1940/78/27
f 1940/78/27 2013/91/27 2014/92/27
f 1940/78/26 2014/92/26 1932/75/26
f 2009/93/32 2015/94/32 2010/95/32
f 2009/93/33 2011/96/33 2015/94/33
f 2010/95/34 2016/97/34 2012/98/34
f 2010/95/34 2017/99/34 2016/97/34
f 2010/95/32 2015/94/32 2017/99/32
f 2012/98/35 2016/97/35 1826/65/35
f 1826/65/21 2018/100/21 1847/63/21
f 1826/65/35 2016/97/35 2018/100/35
f 2016/97/35 2021/101/35 2018/100/35
f 2016/97/35 2022/102/35 2021/101/35
f 2016/97/34 2023/103/34 2022/102/34
f 2016/97/34 2017/99/34 2023/103/34
f 2017/99/32 2015/94/32 2023/103/32
f 2018/100/21 2021/101/21 1847/63/21
f 1847/63/21 2021/101/21 2024/104/21
f 1847/63/20 2024/104/20 2025/105/20
f 1847/63/20 2025/105/20 2026/106/20
f 1847/63/20 2026/106/20 1840/64/20
f 2026/106/36 2025/105/36 2032/107/36
f 2026/106/36 2032/107/36 1840/64/36
f 1840/64/36 2032/107/36 2033/108/36
f 2033/108/37 2032/107/37 2039/109/37
f 2039/109/37 2032/107/37 2045/110/37
f 2039/109/38 2045/110/38 2046/111/38
f 2039/109/38 2046/111/38 2047/112/38
f 1992/85/28 2050/113/28 1985/82/28
f 2032/107/36 2025/105/36 2051/114/36
f 2032/107/37 2051/114/37 2052/115/37
f 2032/107/37 2052/115/37 2045/110/37
f 2045/110/38 2052/115/38 2046/111/38
f 2047/112/39 2046/111/39 2053/116/39
f 2050/113/29 2056/117/29 1985/82/29
f 1985/82/29 2057/118/29 1976/84/29
f 1985/82/29 2056/117/29 2057/118/29
f 2057/118/40 2056/117/40 2062/119/40
f 2057/118/40 2062/119/40 1976/84/40
f 1976/84/40 2062/119/40 2063/120/40
f 2063/120/41 2062/119/41 2066/121/41
f 2062/119/40 2056/117/40 2067/122/40
f 2062/119/41 2067/122/41 2068/123/41
f 2062/119/41 2068/123/41 2069/124/41
f 2062/119/41 2069/124/41 2066/121/41
f 2069/124/42 2068/123/42 2075/125/42
f 2069/124/42 2075/125/42 2066/121/42
f 2066/121/42 2075/125/42 2082/126/42
f 2082/126/43 2075/125/43 2089/127/43
f 2093/128/44 2097/129/44 1998/89/44
f 2093/128/45 2092/130/45 2097/129/45
f 1998/89/44 2097/129/44 2098/131/44
f 1998/89/31 2098/131/31 2006/88/31
f 2098/131/44 2097/129/44 2103/132/44
f 2098/131/31 2103/132/31 2006/88/31
f 2006/88/31 2103/132/31 2104/133/31
f 2006/88/30 2104/133/30 2013/91/30
f 2103/132/44 2097/129/44 2110/134/44
f 2110/134/45 2097/129/45 2116/135/45
f 2097/129/45 2117/136/45 2116/135/45
f 2097/129/45 2092/130/45 2117/136/45
f 2117/136/46 2122/137/46 2116/135/46
f 2117/136/46 2092/130/46 2122/137/46
f 2092/130/46 2123/138/46 2122/137/46
f 2123/138/47 2130/139/47 2122/137/47
f 2142/140/48 2148/141/48 2130/139/48
f 2142/140/49 2053/116/49 2148/141/49
f 2053/116/39 2046/111/39 2149/142/39
f 2053/116/49 2149/142/49 2148/141/49
f 2130/139/48 2148/141/48 2150/143/48
f 2130/139/47 2150/143/47 2122/137/47
f 2089/127/43 2075/125/43 2151/144/43
f 2089/127/50 2151/144/50 2152/145/50
f 2089/127/50 2152/145/50 2145/146/50
f 2145/146/51 2152/145/51 2144/147/51
f 2147/148/52 2153/149/52 2011/96/52
f 2147/148/53 2146/150/53 2153/149/53
f 2011/96/33 2154/151/33 2015/94/33
f 2011/96/52 2153/149/52 2154/151/52
f 2046/111/38 2052/115/38 2155/152/38
f 2046/111/39 2155/152/39 2156/153/39
f 2046/111/39 2156/153/39 2149/142/39
f 2149/142/49 2156/153/49 2148/141/49
f 2150/143/48 2148/141/48 2157/154/48
f 2150/143/47 2157/154/47 2122/137/47
f 2122/137/47 2157/154/47 2158/155/47
f 2122/137/46 2158/155/46 2116/135/46
f 2151/144/43 2075/125/43 2159/156/43
f 2151/144/50 2159/156/50 2152/145/50
f 2154/151/33 2160/157/33 2015/94/33
f 2154/151/52 2153/149/52 2160/157/52
f 2015/94/32 2161/158/32 2023/103/32
f 2015/94/33 2160/157/33 2161/158/33
f 2160/157/52 2153/149/52 2202/159/52
f 2202/159/53 2153/149/53 2207/160/53
f 2153/149/53 2208/161/53 2207/160/53
f 2153/149/53 2146/150/53 2208/161/53
f 2208/161/54 2213/162/54 2207/160/54
f 2208/161/54 2146/150/54 2213/162/54
f 2146/150/54 2214/163/54 2213/162/54
f 2214/163/55 2220/164/55 2213/162/55
f 2157/154/48 2148/141/48 2238/165/48
f 2238/165/49 2148/141/49 2156/153/49
f 2246/166/56 2252/167/56 2247/168/56
f 2246/166/57 2144/147/57 2252/167/57
f 2144/147/51 2152/145/51 2253/169/51
f 2144/147/57 2253/169/57 2252/167/57
f 2248/170/58 2247/168/58 2254/171/58
f 2248/170/59 2254/171/59 2220/164/59
f 2220/164/59 2254/171/59 2255/172/59
f 2220/164/55 2255/172/55 2213/162/55
f 2152/145/50 2159/156/50 2259/173/50
f 2152/145/51 2259/173/51 2260/174/51
f 2152/145/51 2260/174/51 2253/169/51
f 2253/169/57 2260/174/57 2252/167/57
f 2255/172/59 2254/171/59 2261/175/59
f 2255/172/55 2261/175/55 2213/162/55
f 2213/162/55 2261/175/55 2262/176/55
f 2213/162/54 2262/176/54 2207/160/54
f 2261/175/59 2254/171/59 2304/177/59
f 2304/177/58 2254/171/58 2310/178/58
f 2254/171/58 2247/168/58 2311/179/58
f 2254/171/58 2311/179/58 2310/178/58
f 2310/178/56 2252/167/56 2318/180/56
f 2310/178/56 2311/179/56 2252/167/56
f 2247/168/56 2252/167/56 2311/179/56
f 2318/180/57 2252/167/57 2260/174/57
f 2159/156/43 2075/125/43 2346/181/43
f 2346/181/42 2075/125/42 2068/123/42
f 2396/182/60 2402/183/60 2403/184/60
f 2396/182/60 2403/184/60 2404/185/60
f 2396/182/60 2404/185/60 2397/186/60
f 2396/182/60 2400/187/60 2402/183/60
f 2397/186/60 2404/185/60 2395/188/60
f 2400/187/60 2399/189/60 2402/183/60
f 2399/189/60 2405/190/60 2406/191/60
f 2399/189/60 2406/191/60 2402/183/60
f 2399/189/60 2407/192/60 2405/190/60
f 2402/183/60 2409/193/60 2410/194/60
f 2402/183/60 2410/194/60 2403/184/60
f 2402/183/60 2411/195/60 2409/193/60
f 2402/183/60 2406/191/60 2411/195/60
f 2403/184/60 2410/194/60 2404/185/60
f 2404/185/60 2412/196/60 2413/197/60
f 2404/185/60 2413/197/60 2414/198/60
f 2404/185/60 2414/198/60 2395/188/60
f 2404/185/60 2410/194/60 2412/196/60
f 2406/191/60 2405/190/60 2411/195/60
f 2407/192/60 2415/199/60 2405/190/60
f 2411/195/60 2405/190/60 2416/200/60
f 2413/197/60 2417/201/60 2418/202/60
f 2413/197/60 2418/202/60 2414/198/60
f 2414/198/60 2418/202/60 2395/188/60
f 2395/188/60 2418/202/60 2419/203/60
f 2416/200/60 2405/190/60 2420/204/60
f 2417/201/60 2421/205/60 2418/202/60
f 2418/202/60 2422/206/60 2423/207/60
f 2418/202/60 2421/205/60 2422/206/60
f 2418/202/60 2423/207/60 2419/203/60
f 2405/190/60 2425/208/60 2420/204/60
f 2405/190/60 2415/199/60 2425/208/60
f 2420/204/60 2426/209/60 2427/210/60
f 2420/204/60 2425/208/60 2426/209/60
f 2421/205/60 2428/211/60 2422/206/60
f 2421/205/60 2429/212/60 2428/211/60
f 2422/206/60 2428/211/60 2423/207/60
f 2423/207/60 2428/211/60 2430/213/60
f 2425/208/60 2415/199/60 2426/209/60
f 2427/210/60 2426/209/60 2435/214/60
f 2429/212/60 2436/215/60 2428/211/60
f 2430/213/60 2428/211/60 2437/216/60
f 2428/211/60 2438/217/60 2437/216/60
f 2428/211/60 2436/215/60 2438/217/60
f 2435/214/60 2443/218/60 2444/219/60
f 2435/214/60 2445/220/60 2443/218/60
f 2435/214/60 2426/209/60 2445/220/60
f 2436/215/60 2446/221/60 2438/217/60
f 2436/215/60 2447/222/60 2446/221/60
f 2438/217/60 2446/221/60 2437/216/60
f 2444/219/60 2443/218/60 2451/223/60
f 2445/220/60 2452/224/60 2443/218/60
f 2445/220/60 2426/209/60 2452/224/60
f 2426/209/60 2415/199/60 2453/225/60
f 2426/209/60 2453/225/60 2452/224/60
f 2447/222/60 2454/226/60 2446/221/60
f 2451/223/60 2443/218/60 2459/227/60
f 2451/223/60 2459/227/60 2460/228/60
f 2451/223/60 2460/228/60 2461/229/60
f 2443/218/60 2452/224/60 2466/230/60
f 2443/218/60 2466/230/60 2467/231/60
f 2443/218/60 2467/231/60 2459/227/60
f 2459/227/60 2467/231/60 2460/228/60
f 2461/229/60 2460/228/60 2468/232/60
f 2467/231/60 2519/233/60 2460/228/60
f 2519/233/60 2526/234/60 2460/228/60
f 2460/228/60 2527/235/60 2468/232/60
f 2460/228/60 2526/234/60 2527/235/60
f 2527/235/60 2532/236/60 2468/232/60
f 2527/235/60 2526/234/60 2532/236/60
f 2468/232/60 2532/236/60 2533/237/60
f 2533/237/60 2532/236/60 2539/238/60
f 2526/234/60 2559/239/60 2532/236/60
f 2559/239/60 2566/240/60 2532/236/60
f 2532/236/60 2566/240/60 2567/241/60
f 2532/236/60 2567/241/60 2539/238/60
f 2567/241/60 2566/240/60 2574/242/60
f 2567/241/60 2574/242/60 2539/238/60
f 2539/238/60 2574/242/60 2575/243/60
f 2575/243/60 2574/242/60 2579/244/60
f 2566/240/60 2611/245/60 2574/242/60
f 2611/245/60 2615/246/60 2574/242/60
f 2574/242/60 2615/246/60 2616/247/60
f 2574/242/60 2616/247/60 2579/244/60
f 2616/247/60 2615/246/60 2622/248/60
f 2616/247/60 2622/248/60 2579/244/60
f 2579/244/60 2622/248/60 2623/249/60
f 2623/249/60 2622/248/60 2629/250/60
f 2629/250/60 2635/251/60 2636/252/60
f 2629/250/60 2637/253/60 2635/251/60
f 2629/250/60 2622/248/60 2637/253/60
f 2636/252/60 2635/251/60 2641/254/60
f 2637/253/60 2642/255/60 2635/251/60
f 2637/253/60 2622/248/60 2642/255/60
f 2622/248/60 2643/256/60 2642/255/60
f 2622/248/60 2615/246/60 2643/256/60
f 2642/255/60 2691/257/60 2635/251/60
f 2691/257/60 2695/258/60 2635/251/60
f 2635/251/60 2695/258/60 2697/259/60
f 2635/251/60 2697/259/60 2641/254/60
f 2695/258/60 2700/260/60 2701/261/60
f 2695/258/60 2701/261/60 2697/259/60
f 2697/259/60 2701/261/60 2641/254/60
f 2641/254/60 2701/261/60 2704/262/60
f 2700/260/60 2706/263/60 2701/261/60
f 2701/261/60 2706/263/60 2707/264/60
f 2701/261/60 2707/264/60 2708/265/60
f 2701/261/60 2708/265/60 2704/262/60
f 2707/264/60 2706/263/60 2712/266/60
f 2707/264/60 2712/266/60 2708/265/60
f 2706/263/60 2714/267/60 2712/266/60
f 2708/265/60 2712/266/60 2716/268/60
f 2714/267/60 2719/269/60 2712/266/60
f 2712/266/60 2720/270/60 2721/271/60
f 2712/266/60 2721/271/60 2716/268/60
f 2712/266/60 2719/269/60 2720/270/60
f 2720/270/60 2725/272/60 2721/271/60
f 2720/270/60 2719/269/60 2725/272/60
f 2721/271/60 2725/272/60 2726/273/60
f 2726/273/60 2725/272/60 2732/274/60
f 2731/275/60 2730/276/60 2725/272/60
f 2731/275/60 2725/272/60 2719/269/60
f 2732/274/60 2737/277/60 2738/278/60
f 2732/274/60 2739/279/60 2737/277/60
f 2732/274/60 2725/272/60 2739/279/60
f 2725/272/60 2730/276/60 2739/279/60
f 2738/278/60 2737/277/60 2744/280/60
f 2739/279/60 2730/276/60 2737/277/60
f 2730/276/60 2752/281/60 2737/277/60
f 2752/281/60 2757/282/60 2737/277/60
f 2737/277/60 2758/283/60 2744/280/60
f 2737/277/60 2757/282/60 2758/283/60
f 2757/282/60 2764/284/60 2758/283/60
f 2757/282/60 2765/285/60 2764/284/60
f 2758/283/60 2764/284/60 2744/280/60
f 2744/280/60 2764/284/60 2766/286/60
f 2764/284/60 2770/287/60 2771/288/60
f 2764/284/60 2771/288/60 2766/286/60
f 2764/284/60 2769/289/60 2770/287/60
f 2764/284/60 2765/285/60 2769/289/60
f 2769/289/60 2775/290/60 2770/287/60
f 2769/289/60 2776/291/60 2775/290/60
f 2770/287/60 2775/290/60 2771/288/60
f 2771/288/60 2775/290/60 2777/292/60
f 2775/290/60 2779/293/60 2780/294/60
f 2775/290/60 2780/294/60 2777/292/60
f 2775/290/60 2778/295/60 2779/293/60
f 2775/290/60 2776/291/60 2778/295/60
f 2778/295/60 2782/296/60 2779/293/60
f 2778/295/60 2783/297/60 2782/296/60
f 2779/293/60 2782/296/60 2780/294/60
f 2780/294/60 2782/296/60 2784/298/60
f 2782/296/60 2454/226/60 2784/298/60
f 2782/296/60 2783/297/60 2786/299/60
f 2782/296/60 2786/299/60 2787/300/60
f 2782/296/60 2787/300/60 2454/226/60
f 2785/301/60 2446/221/60 2786/299/60
f 2785/301/60 2437/216/60 2446/221/60
f 2786/299/60 2446/221/60 2787/300/60
f 2454/226/60 2787/300/60 2446/221/60
f 2826/302/60 2833/303/60 2821/304/60
f 2826/302/60 2827/305/60 2833/303/60
f 2840/306/60 2833/303/60 2844/307/60
f 2850/308/60 2833/303/60 2857/309/60
f 2902/310/60 2833/303/60 2827/305/60
f 2908/311/60 2913/312/60 2833/303/60
f 2915/313/60 2833/303/60 2922/314/60
f 2927/315/60 2833/303/60 2935/316/60
f 2940/317/60 2833/303/60 2913/312/60
f 2941/318/60 2833/303/60 2947/319/60
f 2946/320/60 2950/321/60 2833/303/60
f 2952/322/60 2833/303/60 2960/323/60
f 2982/324/60 2833/303/60 2988/325/60
f 2993/326/60 2833/303/60 3000/327/60
f 3021/328/60 2833/303/60 3025/329/60
f 3033/330/60 2833/303/60 3040/331/60
f 3046/332/60 2833/303/60 2950/321/60
f 3050/333/60 3044/334/60 2833/303/60
f 3062/335/60 3068/336/60 2833/303/60
f 3189/337/61 3190/338/61 3191/339/61
f 3189/337/62 3191/339/62 3192/340/62
f 3191/339/63 3196/341/63 3192/340/63
f 3192/340/64 3197/342/64 3198/343/64
f 3196/341/1 3195/344/1 3197/342/1
f 3197/342/65 3200/345/65 3201/346/65
f 3197/342/66 3201/346/66 3198/343/66
f 3199/347/1 3202/348/1 3195/344/1
f 3200/345/1 3195/344/1 3203/349/1
f 3201/346/67 3203/349/67 3204/350/67
f 3203/349/68 3206/351/68 3207/352/68
f 3203/349/69 3207/352/69 3204/350/69
f 3205/353/1 3208/354/1 3195/344/1
f 3206/351/1 3195/344/1 3209/355/1
f 3207/352/70 3209/355/70 3210/356/70
f 3209/355/71 3212/357/71 3213/358/71
f 3209/355/72 3213/358/72 3210/356/72
f 3211/359/1 3214/360/1 3195/344/1
f 3212/357/1 3195/344/1 3216/361/1
f 3214/360/73 3218/362/73 3217/363/73
f 3214/360/74 3215/364/74 3218/362/74
f 3217/363/1 3220/365/1 3195/344/1
f 3218/362/75 3221/366/75 3220/365/75
f 3219/367/1 3195/344/1 3222/368/1
f 3220/365/76 3224/369/76 3223/370/76
f 3220/365/77 3221/366/77 3224/369/77
f 3222/368/78 3225/371/78 3226/372/78
f 3223/370/1 3227/373/1 3195/344/1
f 3224/369/79 3228/374/79 3227/373/79
f 3225/371/1 3195/344/1 3229/375/1
f 3227/373/80 3231/376/80 3230/377/80
f 3227/373/81 3228/374/81 3231/376/81
f 3230/377/1 3233/378/1 3195/344/1
f 3232/379/1 3195/344/1 3234/380/1
f 3233/378/82 3237/381/82 3236/382/82
f 3234/380/83 3238/383/83 3239/384/83
f 3234/380/84 3239/384/84 3235/385/84
f 3236/382/1 3240/386/1 3195/344/1
f 3237/381/85 3241/387/85 3240/386/85
f 3238/383/1 3195/344/1 3242/388/1
f 3240/386/83 3244/389/83 3243/390/83
f 3240/386/86 3241/387/86 3244/389/86
f 3242/388/87 3245/391/87 3246/392/87
f 3243/390/1 3247/393/1 3195/344/1
f 3244/389/88 3248/394/88 3247/393/88
f 3245/391/1 3195/344/1 3249/395/1
f 3246/392/89 3249/395/89 3250/396/89
f 3249/395/80 3252/397/80 3254/398/80
f 3249/395/90 3254/398/90 3250/396/90
f 1203/399/91 1204/400/91 1213/401/91
f 1215/402/1 1244/403/1 1237/404/1
f 1244/403/91 1243/405/91 1237/404/91
f 1617/406/1 1581/407/1 1612/408/1
f 1581/407/92 1604/409/92 1612/408/92
f 1661/410/93 1651/411/93 1662/412/93
f 1668/6/94 1883/413/94 1671/12/94
f 1670/8/95 1675/14/95 1854/414/95
f 1671/12/96 1889/415/96 1676/13/96
f 1671/12/97 1883/413/97 1889/415/97
f 1675/14/98 1677/15/98 1848/416/98
f 1675/14/99 1848/416/99 1854/414/99
f 1889/415/100 1897/417/100 1678/16/100
f 1848/416/101 1679/17/101 1680/418/101
f 1678/16/102 1897/417/102 1682/19/102
f 1679/17/103 1683/20/103 1825/419/103
f 1679/17/104 1825/419/104 1680/418/104
f 1682/19/105 1912/420/105 1684/21/105
f 1825/419/106 1685/22/106 1818/421/106
f 1684/21/107 1919/422/107 1686/23/107
f 1684/21/108 1912/420/108 1919/422/108
f 1685/22/109 1687/24/109 1809/423/109
f 1685/22/110 1809/423/110 1818/421/110
f 1919/422/111 1689/29/111 1688/25/111
f 1809/423/112 1690/26/112 1801/424/112
f 1690/26/113 1694/31/113 1801/424/113
f 1697/34/114 1701/38/114 1780/425/114
f 1697/34/115 1780/425/115 1698/35/115
f 1780/425/116 1704/41/116 1705/45/116
f 1702/39/117 1772/426/117 1706/42/117
f 1702/39/118 1703/40/118 1772/426/118
f 1772/426/119 1710/51/119 1709/46/119
f 1711/47/120 1715/52/120 1758/427/120
f 1711/47/121 1758/427/121 1712/48/121
f 1714/50/122 1756/428/122 1716/53/122
f 1758/427/123 1717/54/123 1751/429/123
f 1716/53/124 1746/430/124 1718/55/124
f 1716/53/125 1756/428/125 1746/430/125
f 1717/54/18 1719/56/18 1744/431/18
f 1717/54/126 1744/431/126 1751/429/126
f 1746/430/127 1741/432/127 1720/57/127
f 1744/431/128 1721/58/128 1739/433/128
f 1720/57/129 1733/434/129 1722/59/129
f 1720/57/130 1741/432/130 1733/434/130
f 1721/58/117 1723/60/117 1731/435/117
f 1721/58/131 1731/435/131 1739/433/131
f 1733/434/132 1732/436/132 1724/61/132
f 1724/61/133 1732/436/133 1731/435/133
f 3190/338/134 3496/437/134 3193/438/134
f 3193/438/135 3489/439/135 3199/347/135
f 3193/438/136 3496/437/136 3489/439/136
f 3489/439/137 3484/440/137 3202/348/137
f 3202/348/138 3475/441/138 3205/353/138
f 3202/348/139 3484/440/139 3475/441/139
f 3475/441/140 3470/442/140 3208/354/140
f 3208/354/141 3460/443/141 3211/359/141
f 3208/354/142 3470/442/142 3460/443/142
f 3460/443/143 3215/364/143 3214/360/143
f 3213/358/144 3216/361/144 3309/444/144
f 3216/361/145 3219/367/145 3299/445/145
f 3216/361/146 3299/445/146 3309/444/146
f 3299/445/147 3222/368/147 3294/446/147
f 3222/368/148 3226/372/148 3294/446/148
f 3226/372/149 3229/375/149 3282/447/149
f 3229/375/150 3232/379/150 3275/448/150
f 3229/375/151 3275/448/151 3282/447/151
f 3231/376/152 3415/449/152 3233/378/152
f 3275/448/153 3234/380/153 3235/385/153
f 3233/378/154 3415/449/154 3237/381/154
f 3239/384/155 3242/388/155 3288/450/155
f 3242/388/156 3246/392/156 3288/450/156
f 3247/393/150 3322/451/150 3251/452/150
f 3247/393/157 3248/394/157 3322/451/157
f 3322/451/158 3315/453/158 3253/454/158
f 3253/454/159 3315/453/159 3254/398/159
s 1
f 1/455/160 2/456/161 3/457/162
f 1/455/160 4/458/163 2/456/161
f 1/455/160 5/459/164 4/458/163
f 1/455/160 6/460/165 7/461/166
f 1/455/160 7/461/166 5/459/164
f 1/455/160 3/457/162 6/460/165
f 7/461/166 8/462/167 9/463/168
f 7/461/166 9/463/168 5/459/164
f 7/461/166 6/460/165 8/462/167
f 5/459/164 9/463/168 10/464/169
f 5/459/164 10/464/169 11/465/170
f 5/459/164 11/465/170 4/458/163
f 6/460/165 12/466/171 8/462/167
f 6/460/165 13/467/172 12/466/171
f 6/460/165 3/457/162 13/467/172
f 8/462/167 14/468/173 15/469/174
f 8/462/167 15/469/174 9/463/168
f 8/462/167 12/466/171 14/468/173
f 9/463/168 15/469/174 16/470/175
f 9/463/168 16/470/175 10/464/169
f 10/464/169 16/470/175 17/471/176
f 11/465/170 18/472/177 19/473/178
f 11/465/170 19/473/178 4/458/163
f 12/466/171 20/474/179 14/468/173
f 12/466/171 21/475/180 20/474/179
f 12/466/171 13/467/172 21/475/180
f 14/468/173 22/476/181 23/477/182
f 14/468/173 20/474/179 22/476/181
f 14/468/173 23/477/182 15/469/174
f 15/469/174 24/478/183 16/470/175
f 15/469/174 23/477/182 24/478/183
f 16/470/175 24/478/183 17/471/176
f 17/471/176 24/478/183 25/479/184
f 18/472/177 26/480/185 19/473/178
f 19/473/178 26/480/185 27/481/186
f 19/473/178 27/481/186 28/482/187
f 19/473/178 28/482/187 4/458/163
f 4/458/163 28/482/187 2/456/161
f 20/474/179 29/483/188 22/476/181
f 20/474/179 30/484/189 29/483/188
f 20/474/179 21/475/180 30/484/189
f 22/476/181 31/485/190 23/477/182
f 22/476/181 29/483/188 31/485/190
f 23/477/182 31/485/190 32/486/191
f 23/477/182 32/486/191 24/478/183
f 24/478/183 33/487/192 34/488/193
f 24/478/183 34/488/193 25/479/184
f 24/478/183 32/486/191 33/487/192
f 26/480/185 35/489/194 27/481/186
f 27/481/186 35/489/194 36/490/195
f 27/481/186 36/490/195 37/491/196
f 27/481/186 37/491/196 28/482/187
f 28/482/187 37/491/196 38/492/197
f 28/482/187 38/492/197 2/456/161
f 2/456/161 38/492/197 39/493/198
f 2/456/161 39/493/198 3/457/162
f 31/485/190 40/494/199 32/486/191
f 31/485/190 41/495/200 40/494/199
f 31/485/190 29/483/188 41/495/200
f 32/486/191 42/496/201 33/487/192
f 32/486/191 40/494/199 42/496/201
f 33/487/192 43/497/202 34/488/193
f 33/487/192 42/496/201 43/497/202
f 35/489/194 44/498/203 36/490/195
f 37/491/196 45/499/204 38/492/197
f 38/492/197 46/500/205 39/493/198
f 38/492/197 45/499/204 46/500/205
f 39/493/198 47/501/206 48/502/207
f 39/493/198 46/500/205 47/501/206
f 39/493/198 48/502/207 3/457/162
f 3/457/162 48/502/207 13/467/172
f 40/494/199 49/503/208 42/496/201
f 40/494/199 50/504/209 49/503/208
f 40/494/199 41/495/200 50/504/209
f 42/496/201 51/505/210 43/497/202
f 42/496/201 49/503/208 51/505/210
f 43/497/202 52/506/211 34/488/193
f 43/497/202 53/507/212 52/506/211
f 43/497/202 51/505/210 53/507/212
f 46/500/205 54/508/213 47/501/206
f 47/501/206 55/509/214 48/502/207
f 47/501/206 56/510/215 55/509/214
f 47/501/206 54/508/213 56/510/215
f 48/502/207 55/509/214 57/511/216
f 48/502/207 57/511/216 13/467/172
f 13/467/172 57/511/216 21/475/180
f 49/503/208 58/512/217 51/505/210
f 49/503/208 50/504/209 58/512/217
f 51/505/210 59/513/218 53/507/212
f 51/505/210 58/512/217 59/513/218
f 53/507/212 60/514/219 52/506/211
f 53/507/212 61/515/220 60/514/219
f 53/507/212 59/513/218 61/515/220
f 55/509/214 62/516/221 57/511/216
f 55/509/214 63/517/222 62/516/221
f 55/509/214 56/510/215 63/517/222
f 56/510/215 64/518/223 63/517/222
f 57/511/216 62/516/221 65/519/224
f 57/511/216 65/519/224 21/475/180
f 21/475/180 65/519/224 30/484/189
f 58/512/217 66/520/225 59/513/218
f 58/512/217 67/521/226 66/520/225
f 58/512/217 50/504/209 67/521/226
f 59/513/218 68/522/227 61/515/220
f 59/513/218 66/520/225 68/522/227
f 61/515/220 69/523/228 60/514/219
f 61/515/220 70/524/229 69/523/228
f 61/515/220 68/522/227 70/524/229
f 63/517/222 71/525/230 62/516/221
f 63/517/222 72/526/231 71/525/230
f 63/517/222 64/518/223 72/526/231
f 65/519/224 73/527/232 74/528/233
f 65/519/224 62/516/221 73/527/232
f 65/519/224 74/528/233 30/484/189
f 30/484/189 75/529/234 29/483/188
f 30/484/189 74/528/233 75/529/234
f 50/504/209 76/530/235 67/521/226
f 50/504/209 41/495/200 76/530/235
f 72/526/231 77/531/236 71/525/230
f 72/526/231 78/532/237 77/531/236
f 74/528/233 79/533/238 80/534/239
f 74/528/233 73/527/232 79/533/238
f 74/528/233 80/534/239 75/529/234
f 62/516/221 71/525/230 73/527/232
f 73/527/232 81/535/240 79/533/238
f 73/527/232 71/525/230 81/535/240
f 71/525/230 77/531/236 81/535/240
f 75/529/234 76/530/235 41/495/200
f 75/529/234 41/495/200 29/483/188
f 75/529/234 80/534/239 76/530/235
f 76/530/235 82/536/241 67/521/226
f 76/530/235 80/534/239 82/536/241
f 77/531/236 83/537/242 81/535/240
f 77/531/236 84/538/243 83/537/242
f 77/531/236 78/532/237 84/538/243
f 79/533/238 85/539/244 80/534/239
f 79/533/238 86/540/245 85/539/244
f 79/533/238 81/535/240 86/540/245
f 80/534/239 85/539/244 82/536/241
f 81/535/240 83/537/242 86/540/245
f 82/536/241 87/541/246 67/521/226
f 67/521/226 87/541/246 66/520/225
f 83/537/242 88/542/247 86/540/245
f 83/537/242 89/543/248 88/542/247
f 83/537/242 84/538/243 89/543/248
f 85/539/244 86/540/245 90/544/249
f 86/540/245 88/542/247 90/544/249
f 87/541/246 91/545/250 66/520/225
f 87/541/246 92/546/251 91/545/250
f 66/520/225 91/545/250 68/522/227
f 88/542/247 94/547/252 90/544/249
f 88/542/247 95/548/253 94/547/252
f 88/542/247 89/543/248 95/548/253
f 90/544/249 94/547/252 93/549/254
f 91/545/250 96/550/255 68/522/227
f 91/545/250 97/551/256 96/550/255
f 91/545/250 92/546/251 97/551/256
f 92/546/251 98/552/257 97/551/256
f 92/546/251 93/549/254 98/552/257
f 93/549/254 99/553/258 98/552/257
f 93/549/254 94/547/252 99/553/258
f 68/522/227 96/550/255 70/524/229
f 94/547/252 100/554/259 99/553/258
f 94/547/252 95/548/253 100/554/259
f 96/550/255 101/555/260 70/524/229
f 96/550/255 102/556/261 101/555/260
f 96/550/255 97/551/256 102/556/261
f 97/551/256 103/557/262 102/556/261
f 97/551/256 98/552/257 103/557/262
f 98/552/257 104/558/263 103/557/262
f 98/552/257 99/553/258 104/558/263
f 99/553/258 105/559/264 104/558/263
f 99/553/258 100/554/259 105/559/264
f 70/524/229 106/560/265 69/523/228
f 70/524/229 101/555/260 106/560/265
f 101/555/260 107/561/266 106/560/265
f 101/555/260 108/562/267 107/561/266
f 101/555/260 102/556/261 108/562/267
f 102/556/261 109/563/268 108/562/267
f 102/556/261 103/557/262 109/563/268
f 103/557/262 110/564/269 109/563/268
f 103/557/262 104/558/263 110/564/269
f 104/558/263 111/565/270 110/564/269
f 104/558/263 105/559/264 111/565/270
f 106/560/265 112/566/271 113/567/272
f 106/560/265 107/561/266 112/566/271
f 106/560/265 113/567/272 69/523/228
f 69/523/228 113/567/272 114/568/273
f 69/523/228 114/568/273 60/514/219
f 107/561/266 115/569/274 112/566/271
f 107/561/266 116/570/275 115/569/274
f 107/561/266 108/562/267 116/570/275
f 108/562/267 117/571/276 116/570/275
f 108/562/267 109/563/268 117/571/276
f 109/563/268 118/572/277 117/571/276
f 109/563/268 110/564/269 118/572/277
f 110/564/269 111/565/270 118/572/277
f 112/566/271 119/573/278 120/574/279
f 112/566/271 115/569/274 119/573/278
f 112/566/271 120/574/279 113/567/272
f 113/567/272 120/574/279 121/575/280
f 113/567/272 121/575/280 114/568/273
f 114/568/273 121/575/280 122/576/281
f 114/568/273 122/576/281 52/506/211
f 114/568/273 52/506/211 60/514/219
f 115/569/274 123/577/282 119/573/278
f 115/569/274 124/578/283 123/577/282
f 115/569/274 116/570/275 124/578/283
f 116/570/275 125/579/284 124/578/283
f 116/570/275 117/571/276 125/579/284
f 117/571/276 126/580/285 125/579/284
f 117/571/276 118/572/277 126/580/285
f 119/573/278 127/581/286 128/582/287
f 119/573/278 123/577/282 127/581/286
f 119/573/278 128/582/287 120/574/279
f 120/574/279 128/582/287 129/583/288
f 120/574/279 129/583/288 121/575/280
f 121/575/280 130/584/289 122/576/281
f 121/575/280 129/583/288 130/584/289
f 122/576/281 130/584/289 131/585/290
f 122/576/281 131/585/290 34/488/193
f 122/576/281 34/488/193 52/506/211
f 123/577/282 132/586/291 127/581/286
f 123/577/282 133/587/292 132/586/291
f 123/577/282 124/578/283 133/587/292
f 124/578/283 134/588/293 133/587/292
f 124/578/283 125/579/284 134/588/293
f 125/579/284 126/580/285 134/588/293
f 127/581/286 135/589/294 136/590/295
f 127/581/286 132/586/291 135/589/294
f 127/581/286 136/590/295 128/582/287
f 128/582/287 136/590/295 137/591/296
f 128/582/287 137/591/296 129/583/288
f 129/583/288 137/591/296 130/584/289
f 130/584/289 137/591/296 138/592/297
f 130/584/289 138/592/297 131/585/290
f 131/585/290 139/593/298 34/488/193
f 131/585/290 138/592/297 139/593/298
f 132/586/291 140/594/299 135/589/294
f 132/586/291 141/595/300 140/594/299
f 132/586/291 133/587/292 141/595/300
f 133/587/292 142/596/301 141/595/300
f 133/587/292 134/588/293 142/596/301
f 135/589/294 143/597/302 144/598/303
f 135/589/294 140/594/299 143/597/302
f 135/589/294 144/598/303 136/590/295
f 136/590/295 144/598/303 145/599/304
f 136/590/295 145/599/304 137/591/296
f 137/591/296 145/599/304 138/592/297
f 138/592/297 146/600/305 139/593/298
f 138/592/297 145/599/304 146/600/305
f 139/593/298 147/601/306 148/602/307
f 139/593/298 146/600/305 147/601/306
f 140/594/299 149/603/308 143/597/302
f 140/594/299 150/604/309 149/603/308
f 140/594/299 141/595/300 150/604/309
f 141/595/300 142/596/301 150/604/309
f 143/597/302 151/605/310 152/606/311
f 143/597/302 149/603/308 151/605/310
f 143/597/302 152/606/311 144/598/303
f 144/598/303 152/606/311 153/607/312
f 144/598/303 153/607/312 145/599/304
f 145/599/304 153/607/312 146/600/305
f 146/600/305 154/608/313 147/601/306
f 146/600/305 153/607/312 154/608/313
f 147/601/306 157/609/314 158/610/315
f 147/601/306 154/608/313 157/609/314
f 147/601/306 158/610/315 148/602/307
f 148/602/307 158/610/315 155/611/316
f 149/603/308 159/612/317 151/605/310
f 149/603/308 160/613/318 159/612/317
f 149/603/308 150/604/309 160/613/318
f 151/605/310 161/614/319 162/615/320
f 151/605/310 159/612/317 161/614/319
f 151/605/310 162/615/320 152/606/311
f 152/606/311 162/615/320 154/608/313
f 152/606/311 154/608/313 153/607/312
f 154/608/313 162/615/320 157/609/314
f 155/611/316 163/616/321 156/617/322
f 155/611/316 164/618/323 163/616/321
f 155/611/316 158/610/315 164/618/323
f 157/609/314 165/619/324 166/620/325
f 157/609/314 162/615/320 165/619/324
f 157/609/314 166/620/325 158/610/315
f 158/610/315 166/620/325 164/618/323
f 159/612/317 167/621/326 161/614/319
f 159/612/317 160/613/318 167/621/326
f 161/614/319 168/622/327 165/619/324
f 161/614/319 167/621/326 168/622/327
f 161/614/319 165/619/324 162/615/320
f 163/616/321 164/618/323 169/623/328
f 164/618/323 170/624/329 169/623/328
f 164/618/323 166/620/325 170/624/329
f 165/619/324 168/622/327 170/624/329
f 165/619/324 170/624/329 166/620/325
f 167/621/326 171/625/330 168/622/327
f 168/622/327 171/625/330 172/626/331
f 168/622/327 172/626/331 170/624/329
f 169/623/328 170/624/329 172/626/331
f 173/627/332 174/628/333 175/629/334
f 173/627/332 175/629/334 176/630/335
f 174/628/333 177/631/336 175/629/334
f 174/628/333 178/632/337 177/631/336
f 175/629/334 179/633/338 180/634/339
f 175/629/334 180/634/339 176/630/335
f 175/629/334 177/631/336 181/635/340
f 175/629/334 181/635/340 179/633/338
f 176/630/335 180/634/339 182/636/341
f 177/631/336 183/637/342 181/635/340
f 177/631/336 178/632/337 183/637/342
f 178/632/337 184/638/343 183/637/342
f 179/633/338 185/639/344 186/640/345
f 179/633/338 186/640/345 187/641/346
f 179/633/338 187/641/346 180/634/339
f 179/633/338 181/635/340 185/639/344
f 180/634/339 187/641/346 188/642/347
f 180/634/339 188/642/347 182/636/341
f 181/635/340 183/637/342 189/643/348
f 181/635/340 189/643/348 185/639/344
f 183/637/342 190/644/349 189/643/348
f 183/637/342 191/645/350 190/644/349
f 183/637/342 184/638/343 191/645/350
f 186/640/345 192/646/351 193/647/352
f 186/640/345 185/639/344 192/646/351
f 186/640/345 193/647/352 194/648/353
f 186/640/345 194/648/353 187/641/346
f 187/641/346 195/649/354 188/642/347
f 189/643/348 190/644/349 196/650/355
f 189/643/348 196/650/355 185/639/344
f 190/644/349 197/651/356 196/650/355
f 190/644/349 198/652/357 197/651/356
f 190/644/349 199/653/358 198/652/357
f 190/644/349 191/645/350 199/653/358
f 192/646/351 200/654/359 193/647/352
f 192/646/351 201/655/360 200/654/359
f 192/646/351 185/639/344 201/655/360
f 194/648/353 193/647/352 202/656/361
f 196/650/355 203/657/362 185/639/344
f 196/650/355 204/658/363 203/657/362
f 196/650/355 197/651/356 204/658/363
f 197/651/356 205/659/364 204/658/363
f 197/651/356 198/652/357 205/659/364
f 201/655/360 206/660/365 200/654/359
f 201/655/360 207/661/366 206/660/365
f 201/655/360 203/657/362 207/661/366
f 201/655/360 185/639/344 203/657/362
f 202/656/361 193/647/352 208/662/367
f 203/657/362 209/663/368 207/661/366
f 203/657/362 204/658/363 209/663/368
f 204/658/363 210/664/369 209/663/368
f 204/658/363 205/659/364 211/665/370
f 204/658/363 211/665/370 210/664/369
f 206/660/365 212/666/371 213/667/372
f 206/660/365 213/667/372 200/654/359
f 206/660/365 207/661/366 212/666/371
f 207/661/366 214/668/373 212/666/371
f 207/661/366 215/669/374 214/668/373
f 207/661/366 209/663/368 215/669/374
f 193/647/352 200/654/359 216/670/375
f 193/647/352 216/670/375 208/662/367
f 209/663/368 210/664/369 217/671/376
f 209/663/368 217/671/376 215/669/374
f 213/667/372 218/672/377 200/654/359
f 200/654/359 218/672/377 216/670/375
f 219/673/378 220/674/379 221/675/380
f 219/673/378 222/676/381 220/674/379
f 220/674/379 223/677/382 224/678/383
f 220/674/379 222/676/381 223/677/382
f 220/674/379 225/679/384 226/680/385
f 220/674/379 224/678/383 225/679/384
f 220/674/379 226/680/385 221/675/380
f 221/675/380 226/680/385 227/681/386
f 222/676/381 228/682/387 223/677/382
f 223/677/382 229/683/388 224/678/383
f 223/677/382 230/684/389 229/683/388
f 223/677/382 228/682/387 230/684/389
f 224/678/383 231/685/390 232/686/391
f 224/678/383 229/683/388 231/685/390
f 224/678/383 232/686/391 225/679/384
f 225/679/384 233/687/392 234/688/393
f 225/679/384 232/686/391 233/687/392
f 225/679/384 234/688/393 226/680/385
f 226/680/385 234/688/393 227/681/386
f 227/681/386 234/688/393 235/689/394
f 229/683/388 236/690/395 231/685/390
f 229/683/388 237/691/396 236/690/395
f 229/683/388 238/692/397 237/691/396
f 229/683/388 230/684/389 238/692/397
f 231/685/390 239/693/398 240/694/399
f 231/685/390 240/694/399 232/686/391
f 231/685/390 236/690/395 239/693/398
f 233/687/392 241/695/400 242/696/401
f 233/687/392 232/686/391 241/695/400
f 233/687/392 242/696/401 234/688/393
f 234/688/393 242/696/401 243/697/402
f 234/688/393 243/697/402 235/689/394
f 236/690/395 244/698/403 239/693/398
f 236/690/395 237/691/396 244/698/403
f 239/693/398 245/699/404 240/694/399
f 239/693/398 246/700/405 245/699/404
f 239/693/398 247/701/406 246/700/405
f 239/693/398 244/698/403 247/701/406
f 240/694/399 245/699/404 248/702/407
f 240/694/399 248/702/407 232/686/391
f 242/696/401 241/695/400 249/703/408
f 242/696/401 249/703/408 250/704/409
f 242/696/401 250/704/409 251/705/410
f 242/696/401 251/705/410 243/697/402
f 245/699/404 252/706/411 253/707/412
f 245/699/404 254/708/413 252/706/411
f 245/699/404 253/707/412 248/702/407
f 245/699/404 246/700/405 254/708/413
f 248/702/407 253/707/412 255/709/414
f 248/702/407 255/709/414 256/710/415
f 248/702/407 256/710/415 232/686/391
f 232/686/391 256/710/415 241/695/400
f 249/703/408 241/695/400 257/711/416
f 249/703/408 257/711/416 258/712/417
f 249/703/408 258/712/417 250/704/409
f 252/706/411 259/713/418 253/707/412
f 253/707/412 259/713/418 255/709/414
f 255/709/414 259/713/418 260/714/419
f 255/709/414 261/715/420 256/710/415
f 255/709/414 260/714/419 262/716/421
f 255/709/414 262/716/421 261/715/420
f 256/710/415 257/711/416 241/695/400
f 256/710/415 261/715/420 257/711/416
f 257/711/416 261/715/420 263/717/422
f 257/711/416 264/718/423 258/712/417
f 257/711/416 263/717/422 264/718/423
f 261/715/420 265/719/424 263/717/422
f 261/715/420 262/716/421 265/719/424
f 266/720/425 269/721/426 267/722/427
f 267/722/427 269/721/426 270/723/428
f 267/722/427 271/724/429 272/725/430
f 267/722/427 270/723/428 271/724/429
f 267/722/427 272/725/430 268/726/431
f 268/726/431 272/725/430 273/727/432
f 269/721/426 274/728/433 275/729/434
f 269/721/426 275/729/434 270/723/428
f 270/723/428 275/729/434 276/730/435
f 270/723/428 276/730/435 277/731/436
f 270/723/428 277/731/436 271/724/429
f 271/724/429 277/731/436 278/732/437
f 271/724/429 278/732/437 279/733/438
f 271/724/429 279/733/438 272/725/430
f 272/725/430 279/733/438 280/734/439
f 275/729/434 282/735/440 283/736/441
f 275/729/434 283/736/441 276/730/435
f 275/729/434 274/728/433 282/735/440
f 276/730/435 284/737/442 277/731/436
f 276/730/435 285/738/443 284/737/442
f 276/730/435 283/736/441 285/738/443
f 277/731/436 286/739/444 278/732/437
f 277/731/436 284/737/442 286/739/444
f 278/732/437 287/740/445 288/741/446
f 278/732/437 286/739/444 287/740/445
f 278/732/437 288/741/446 279/733/438
f 279/733/438 289/742/447 280/734/439
f 279/733/438 288/741/446 289/742/447
f 281/743/448 291/744/449 274/728/433
f 283/736/441 292/745/450 285/738/443
f 283/736/441 293/746/451 292/745/450
f 283/736/441 282/735/440 293/746/451
f 285/738/443 294/747/452 284/737/442
f 285/738/443 295/748/453 294/747/452
f 285/738/443 292/745/450 295/748/453
f 288/741/446 296/749/454 297/750/455
f 288/741/446 297/750/455 289/742/447
f 288/741/446 287/740/445 296/749/454
f 289/742/447 297/750/455 298/751/456
f 289/742/447 298/751/456 299/752/457
f 289/742/447 299/752/457 280/734/439
f 291/744/449 300/753/458 274/728/433
f 291/744/449 301/754/459 300/753/458
f 274/728/433 300/753/458 282/735/440
f 297/750/455 302/755/460 303/756/461
f 297/750/455 296/749/454 302/755/460
f 297/750/455 303/756/461 298/751/456
f 298/751/456 303/756/461 304/757/462
f 298/751/456 304/757/462 305/758/463
f 298/751/456 305/758/463 299/752/457
f 299/752/457 305/758/463 306/759/464
f 299/752/457 306/759/464 307/760/465
f 300/753/458 308/761/466 309/762/467
f 300/753/458 309/762/467 282/735/440
f 282/735/440 309/762/467 293/746/451
f 303/756/461 310/763/468 311/764/469
f 303/756/461 302/755/460 310/763/468
f 303/756/461 311/764/469 304/757/462
f 304/757/462 311/764/469 312/765/470
f 304/757/462 313/766/471 305/758/463
f 304/757/462 312/765/470 313/766/471
f 306/759/464 305/758/463 314/767/472
f 309/762/467 315/768/473 293/746/451
f 309/762/467 316/769/474 315/768/473
f 309/762/467 308/761/466 316/769/474
f 293/746/451 317/770/475 292/745/450
f 293/746/451 315/768/473 317/770/475
f 311/764/469 318/771/476 319/772/477
f 311/764/469 310/763/468 318/771/476
f 311/764/469 319/772/477 312/765/470
f 315/768/473 321/773/478 317/770/475
f 315/768/473 322/774/479 321/773/478
f 315/768/473 316/769/474 322/774/479
f 316/769/474 323/775/480 322/774/479
f 292/745/450 324/776/481 295/748/453
f 292/745/450 317/770/475 324/776/481
f 320/777/482 313/766/471 325/778/483
f 321/773/478 326/779/484 317/770/475
f 321/773/478 327/780/485 326/779/484
f 321/773/478 328/781/486 327/780/485
f 321/773/478 322/774/479 328/781/486
f 295/748/453 329/782/452 294/747/452
f 295/748/453 330/783/453 329/782/452
f 295/748/453 324/776/481 330/783/453
f 313/766/471 312/765/470 331/784/487
f 313/766/471 331/784/487 325/778/483
f 317/770/475 326/779/484 324/776/481
f 328/781/486 332/785/488 327/780/485
f 329/782/452 333/786/489 294/747/452
f 294/747/452 334/787/489 284/737/442
f 294/747/452 333/786/489 334/787/489
f 330/783/453 324/776/481 335/788/481
f 312/765/470 319/772/477 336/789/490
f 312/765/470 336/789/490 331/784/487
f 331/784/487 336/789/490 337/790/491
f 324/776/481 326/779/484 335/788/481
f 333/786/489 339/791/492 334/787/489
f 334/787/489 339/791/492 340/792/492
f 334/787/489 286/739/444 284/737/442
f 334/787/489 340/792/492 286/739/444
f 335/788/481 326/779/484 341/793/484
f 319/772/477 318/771/476 342/794/493
f 319/772/477 342/794/493 343/795/494
f 319/772/477 343/795/494 336/789/490
f 336/789/490 343/795/494 344/796/495
f 336/789/490 344/796/495 337/790/491
f 326/779/484 327/780/485 341/793/484
f 338/797/496 345/798/488 332/785/488
f 338/797/496 346/799/496 345/798/488
f 339/791/492 347/800/497 340/792/492
f 286/739/444 340/792/492 287/740/445
f 341/793/484 327/780/485 348/801/485
f 343/795/494 342/794/493 349/802/498
f 343/795/494 349/802/498 350/803/499
f 343/795/494 350/803/499 344/796/495
f 327/780/485 332/785/488 348/801/485
f 345/798/488 348/801/485 332/785/488
f 347/800/497 352/804/91 353/805/497
f 347/800/497 353/805/497 340/792/492
f 287/740/445 340/792/492 353/805/497
f 287/740/445 353/805/497 296/749/454
f 349/802/498 342/794/493 354/806/500
f 349/802/498 354/806/500 355/807/501
f 349/802/498 355/807/501 356/808/502
f 349/802/498 356/808/502 350/803/499
f 337/790/491 344/796/495 357/809/503
f 337/790/491 357/809/503 351/810/504
f 351/810/504 357/809/503 358/811/505
f 352/804/91 359/812/506 360/813/91
f 352/804/91 360/813/91 353/805/497
f 353/805/497 360/813/91 296/749/454
f 296/749/454 360/813/91 302/755/460
f 342/794/493 318/771/476 361/814/507
f 342/794/493 361/814/507 354/806/500
f 344/796/495 350/803/499 362/815/508
f 344/796/495 362/815/508 357/809/503
f 357/809/503 362/815/508 363/816/509
f 357/809/503 363/816/509 364/817/510
f 357/809/503 364/817/510 358/811/505
f 359/812/506 365/818/511 366/819/506
f 359/812/506 366/819/506 360/813/91
f 360/813/91 366/819/506 302/755/460
f 302/755/460 366/819/506 310/763/468
f 318/771/476 310/763/468 367/820/511
f 318/771/476 367/820/511 361/814/507
f 361/814/507 367/820/511 368/821/507
f 361/814/507 368/821/507 369/822/500
f 361/814/507 369/822/500 354/806/500
f 350/803/499 356/808/502 370/823/512
f 350/803/499 370/823/512 362/815/508
f 362/815/508 370/823/512 371/824/513
f 362/815/508 371/824/513 363/816/509
f 364/817/510 363/816/509 372/825/514
f 365/818/511 367/820/511 366/819/506
f 365/818/511 368/821/507 367/820/511
f 366/819/506 367/820/511 310/763/468
f 369/822/500 373/826/501 354/806/500
f 354/806/500 373/826/501 355/807/501
f 356/808/502 355/807/501 374/827/515
f 356/808/502 374/827/515 375/828/516
f 356/808/502 375/828/516 370/823/512
f 370/823/512 375/828/516 376/829/517
f 370/823/512 376/829/517 371/824/513
f 371/824/513 376/829/517 377/830/518
f 371/824/513 377/830/518 378/831/519
f 371/824/513 378/831/519 363/816/509
f 373/826/501 379/832/515 355/807/501
f 355/807/501 379/832/515 374/827/515
f 374/827/515 379/832/515 380/833/520
f 374/827/515 381/834/520 375/828/516
f 374/827/515 380/833/520 381/834/520
f 375/828/516 381/834/520 382/835/521
f 375/828/516 382/835/521 376/829/517
f 376/829/517 382/835/521 383/836/522
f 376/829/517 383/836/522 377/830/518
f 377/830/518 383/836/522 384/837/523
f 377/830/518 384/837/523 385/838/524
f 377/830/518 385/838/524 378/831/519
f 378/831/519 385/838/524 386/839/525
f 380/833/520 387/840/526 381/834/520
f 381/834/520 387/840/526 388/841/526
f 381/834/520 388/841/526 382/835/521
f 382/835/521 388/841/526 389/842/527
f 382/835/521 389/842/527 383/836/522
f 383/836/522 389/842/527 390/843/528
f 383/836/522 390/843/528 384/837/523
f 384/837/523 390/843/528 391/844/529
f 384/837/523 391/844/529 392/845/530
f 384/837/523 392/845/530 385/838/524
f 385/838/524 393/846/531 386/839/525
f 387/840/526 394/847/532 388/841/526
f 388/841/526 394/847/532 395/848/532
f 388/841/526 395/848/532 389/842/527
f 389/842/527 395/848/532 396/849/533
f 389/842/527 396/849/533 390/843/528
f 390/843/528 396/849/533 397/850/534
f 390/843/528 397/850/534 391/844/529
f 391/844/529 397/850/534 398/851/535
f 391/844/529 398/851/535 399/852/536
f 391/844/529 399/852/536 392/845/530
f 392/845/530 399/852/536 400/853/537
f 396/849/533 401/854/538 397/850/534
f 397/850/534 401/854/538 402/855/539
f 397/850/534 402/855/539 398/851/535
f 398/851/535 403/856/540 399/852/536
f 399/852/536 403/856/540 404/857/541
f 399/852/536 404/857/541 405/858/542
f 399/852/536 405/858/542 400/853/537
f 403/856/540 406/859/543 407/860/544
f 406/859/543 408/861/545 409/862/546
f 406/859/543 409/862/546 407/860/544
f 410/863/547 411/864/548 412/865/549
f 410/863/547 413/866/550 411/864/548
f 410/863/547 414/867/551 413/866/550
f 411/864/548 413/866/550 415/868/552
f 413/866/550 416/869/553 415/868/552
f 413/866/550 417/870/554 416/869/553
f 413/866/550 414/867/551 417/870/554
f 414/867/551 418/871/555 417/870/554
f 415/868/552 416/869/553 419/872/556
f 416/869/553 420/873/557 419/872/556
f 416/869/553 421/874/558 420/873/557
f 416/869/553 417/870/554 421/874/558
f 417/870/554 422/875/559 421/874/558
f 417/870/554 418/871/555 422/875/559
f 419/872/556 420/873/557 423/876/560
f 420/873/557 424/877/561 423/876/560
f 420/873/557 425/878/562 424/877/561
f 420/873/557 421/874/558 425/878/562
f 421/874/558 426/879/563 425/878/562
f 421/874/558 422/875/559 426/879/563
f 423/876/560 424/877/561 427/880/564
f 424/877/561 428/881/565 427/880/564
f 424/877/561 429/882/566 428/881/565
f 424/877/561 425/878/562 429/882/566
f 425/878/562 430/883/567 429/882/566
f 425/878/562 426/879/563 430/883/567
f 427/880/564 428/881/565 431/884/568
f 428/881/565 432/885/569 431/884/568
f 428/881/565 433/886/570 432/885/569
f 428/881/565 429/882/566 433/886/570
f 429/882/566 434/887/571 433/886/570
f 429/882/566 430/883/567 434/887/571
f 431/884/568 432/885/569 435/888/572
f 432/885/569 436/889/573 435/888/572
f 432/885/569 437/890/574 436/889/573
f 432/885/569 433/886/570 437/890/574
f 433/886/570 438/891/575 437/890/574
f 433/886/570 434/887/571 438/891/575
f 435/888/572 436/889/573 439/892/576
f 436/889/573 440/893/577 439/892/576
f 436/889/573 441/894/578 440/893/577
f 436/889/573 437/890/574 441/894/578
f 437/890/574 442/895/579 441/894/578
f 437/890/574 438/891/575 442/895/579
f 439/892/576 440/893/577 443/896/580
f 440/893/577 444/897/581 443/896/580
f 440/893/577 445/898/582 444/897/581
f 440/893/577 441/894/578 445/898/582
f 441/894/578 446/899/583 445/898/582
f 441/894/578 442/895/579 446/899/583
f 443/896/580 444/897/581 447/900/584
f 444/897/581 448/901/585 447/900/584
f 444/897/581 449/902/586 448/901/585
f 444/897/581 445/898/582 449/902/586
f 445/898/582 450/903/587 449/902/586
f 445/898/582 446/899/583 450/903/587
f 447/900/584 448/901/585 451/904/588
f 448/901/585 452/905/589 451/904/588
f 448/901/585 453/906/590 452/905/589
f 448/901/585 449/902/586 453/906/590
f 449/902/586 454/907/591 453/906/590
f 449/902/586 450/903/587 454/907/591
f 451/904/588 452/905/589 455/908/592
f 452/905/589 456/909/593 455/908/592
f 452/905/589 457/910/594 456/909/593
f 452/905/589 453/906/590 457/910/594
f 453/906/590 458/911/595 457/910/594
f 453/906/590 454/907/591 458/911/595
f 455/908/592 456/909/593 459/912/596
f 456/909/593 460/913/597 459/912/596
f 456/909/593 461/914/598 460/913/597
f 456/909/593 457/910/594 461/914/598
f 457/910/594 462/915/599 461/914/598
f 457/910/594 458/911/595 462/915/599
f 459/912/596 460/913/597 463/916/600
f 460/913/597 464/917/601 463/916/600
f 460/913/597 465/918/602 464/917/601
f 460/913/597 461/914/598 465/918/602
f 461/914/598 466/919/603 465/918/602
f 461/914/598 462/915/599 466/919/603
f 463/916/600 464/917/601 467/920/604
f 464/917/601 468/921/605 467/920/604
f 464/917/601 469/922/606 468/921/605
f 464/917/601 465/918/602 469/922/606
f 465/918/602 470/923/607 469/922/606
f 465/918/602 466/919/603 470/923/607
f 467/920/604 468/921/605 471/924/608
f 468/921/605 472/925/609 471/924/608
f 468/921/605 473/926/610 472/925/609
f 468/921/605 469/922/606 473/926/610
f 469/922/606 474/927/611 473/926/610
f 469/922/606 470/923/607 474/927/611
f 471/924/608 472/925/609 475/928/612
f 472/925/609 476/929/613 475/928/612
f 472/925/609 477/930/614 476/929/613
f 472/925/609 473/926/610 477/930/614
f 473/926/610 478/931/615 477/930/614
f 473/926/610 474/927/611 478/931/615
f 475/928/612 476/929/613 479/932/616
f 476/929/613 480/933/617 479/932/616
f 476/929/613 481/934/618 480/933/617
f 476/929/613 477/930/614 481/934/618
f 477/930/614 482/935/619 481/934/618
f 477/930/614 478/931/615 482/935/619
f 479/932/616 480/933/617 483/936/620
f 480/933/617 484/937/621 483/936/620
f 480/933/617 485/938/622 484/937/621
f 480/933/617 481/934/618 485/938/622
f 481/934/618 486/939/623 485/938/622
f 481/934/618 482/935/619 486/939/623
f 483/936/620 484/937/621 487/940/624
f 484/937/621 488/941/625 487/940/624
f 484/937/621 489/942/626 488/941/625
f 484/937/621 485/938/622 489/942/626
f 485/938/622 490/943/627 489/942/626
f 485/938/622 486/939/623 490/943/627
f 487/940/624 488/941/625 491/944/628
f 488/941/625 492/945/629 491/944/628
f 488/941/625 493/946/630 492/945/629
f 488/941/625 489/942/626 493/946/630
f 489/942/626 494/947/631 493/946/630
f 489/942/626 490/943/627 494/947/631
f 491/944/628 495/948/632 496/949/633
f 491/944/628 492/945/629 495/948/632
f 492/945/629 497/950/634 495/948/632
f 492/945/629 493/946/630 497/950/634
f 493/946/630 498/951/635 497/950/634
f 493/946/630 494/947/631 498/951/635
f 495/948/632 499/952/636 500/953/637
f 495/948/632 500/953/637 496/949/633
f 495/948/632 497/950/634 499/952/636
f 496/949/633 500/953/637 501/954/638
f 497/950/634 502/955/639 499/952/636
f 497/950/634 498/951/635 502/955/639
f 499/952/636 503/956/640 504/957/641
f 499/952/636 504/957/641 500/953/637
f 499/952/636 502/955/639 503/956/640
f 500/953/637 504/957/641 505/958/642
f 500/953/637 505/958/642 501/954/638
f 501/954/638 505/958/642 506/959/643
f 503/956/640 507/960/644 504/957/641
f 504/957/641 508/961/645 505/958/642
f 504/957/641 507/960/644 508/961/645
f 505/958/642 509/962/646 506/959/643
f 505/958/642 510/963/647 509/962/646
f 505/958/642 508/961/645 510/963/647
f 507/960/644 511/964/648 508/961/645
f 508/961/645 512/965/649 510/963/647
f 508/961/645 511/964/648 512/965/649
f 509/962/646 510/963/647 513/966/650
f 510/963/647 514/967/651 513/966/650
f 510/963/647 512/965/649 514/967/651
f 511/964/648 515/968/652 512/965/649
f 512/965/649 516/969/653 514/967/651
f 512/965/649 515/968/652 516/969/653
f 513/966/650 514/967/651 517/970/654
f 514/967/651 518/971/655 517/970/654
f 514/967/651 516/969/653 518/971/655
f 515/968/652 519/972/656 516/969/653
f 516/969/653 520/973/657 518/971/655
f 516/969/653 519/972/656 520/973/657
f 517/970/654 518/971/655 521/974/658
f 518/971/655 522/975/659 521/974/658
f 518/971/655 520/973/657 522/975/659
f 519/972/656 523/976/660 520/973/657
f 520/973/657 524/977/661 522/975/659
f 520/973/657 523/976/660 524/977/661
f 521/974/658 525/978/662 526/979/663
f 521/974/658 527/980/664 525/978/662
f 521/974/658 522/975/659 527/980/664
f 522/975/659 528/981/665 527/980/664
f 522/975/659 524/977/661 528/981/665
f 523/976/660 529/982/666 524/977/661
f 524/977/661 530/983/667 528/981/665
f 524/977/661 529/982/666 530/983/667
f 525/978/662 527/980/664 531/984/668
f 525/978/662 532/985/669 533/986/670
f 525/978/662 533/986/670 526/979/663
f 526/979/663 533/986/670 534/987/671
f 526/979/663 534/987/671 535/988/654
f 527/980/664 528/981/665 530/983/667
f 532/985/669 537/989/672 533/986/670
f 533/986/670 537/989/672 534/987/671
f 534/987/671 537/989/672 538/990/673
f 534/987/671 538/990/673 539/991/674
f 534/987/671 539/991/674 535/988/654
f 535/988/654 539/991/674 540/992/650
f 538/990/673 541/993/675 539/991/674
f 539/991/674 541/993/675 543/994/676
f 539/991/674 543/994/676 540/992/650
f 540/992/650 543/994/676 544/995/646
f 541/993/675 542/996/660 545/997/656
f 541/993/675 546/998/677 543/994/676
f 541/993/675 545/997/656 546/998/677
f 543/994/676 546/998/677 547/999/678
f 543/994/676 547/999/678 544/995/646
f 544/995/646 547/999/678 548/1000/643
f 545/997/656 549/1001/652 546/998/677
f 546/998/677 550/1002/679 547/999/678
f 546/998/677 549/1001/652 550/1002/679
f 547/999/678 550/1002/679 551/1003/680
f 547/999/678 551/1003/680 548/1000/643
f 548/1000/643 551/1003/680 552/1004/638
f 549/1001/652 553/1005/648 550/1002/679
f 550/1002/679 554/1006/681 551/1003/680
f 550/1002/679 553/1005/648 554/1006/681
f 551/1003/680 554/1006/681 555/1007/682
f 551/1003/680 555/1007/682 552/1004/638
f 552/1004/638 555/1007/682 556/1008/683
f 553/1005/648 557/1009/644 554/1006/681
f 554/1006/681 558/1010/684 555/1007/682
f 554/1006/681 557/1009/644 558/1010/684
f 555/1007/682 558/1010/684 559/1011/685
f 555/1007/682 559/1011/685 556/1008/683
f 556/1008/683 559/1011/685 560/1012/686
f 557/1009/644 561/1013/687 558/1010/684
f 558/1010/684 562/1014/688 559/1011/685
f 558/1010/684 561/1013/687 562/1014/688
f 559/1011/685 562/1014/688 563/1015/689
f 559/1011/685 563/1015/689 560/1012/686
f 560/1012/686 563/1015/689 564/1016/690
f 561/1013/687 565/1017/691 562/1014/688
f 562/1014/688 566/1018/692 563/1015/689
f 562/1014/688 565/1017/691 566/1018/692
f 563/1015/689 566/1018/692 567/1019/693
f 563/1015/689 567/1019/693 564/1016/690
f 564/1016/690 567/1019/693 568/1020/620
f 565/1017/691 569/1021/694 566/1018/692
f 566/1018/692 570/1022/695 567/1019/693
f 566/1018/692 569/1021/694 570/1022/695
f 567/1019/693 570/1022/695 571/1023/696
f 567/1019/693 571/1023/696 568/1020/620
f 568/1020/620 571/1023/696 572/1024/697
f 569/1021/694 573/1025/631 570/1022/695
f 570/1022/695 573/1025/631 574/1026/698
f 570/1022/695 574/1026/698 571/1023/696
f 571/1023/696 574/1026/698 575/1027/699
f 571/1023/696 575/1027/699 572/1024/697
f 572/1024/697 575/1027/699 576/1028/700
f 573/1025/631 577/1029/627 574/1026/698
f 574/1026/698 578/1030/701 575/1027/699
f 574/1026/698 577/1029/627 578/1030/701
f 575/1027/699 578/1030/701 579/1031/702
f 575/1027/699 579/1031/702 576/1028/700
f 576/1028/700 579/1031/702 580/1032/608
f 577/1029/627 581/1033/623 578/1030/701
f 578/1030/701 582/1034/703 579/1031/702
f 578/1030/701 581/1033/623 582/1034/703
f 579/1031/702 582/1034/703 583/1035/704
f 579/1031/702 583/1035/704 580/1032/608
f 580/1032/608 583/1035/704 584/1036/604
f 581/1033/623 585/1037/619 582/1034/703
f 582/1034/703 586/1038/705 583/1035/704
f 582/1034/703 585/1037/619 586/1038/705
f 583/1035/704 586/1038/705 587/1039/706
f 583/1035/704 587/1039/706 584/1036/604
f 584/1036/604 587/1039/706 588/1040/600
f 585/1037/619 589/1041/615 586/1038/705
f 586/1038/705 590/1042/707 587/1039/706
f 586/1038/705 589/1041/615 590/1042/707
f 587/1039/706 590/1042/707 591/1043/708
f 587/1039/706 591/1043/708 588/1040/600
f 588/1040/600 591/1043/708 592/1044/596
f 589/1041/615 593/1045/611 590/1042/707
f 590/1042/707 594/1046/709 591/1043/708
f 590/1042/707 593/1045/611 594/1046/709
f 591/1043/708 594/1046/709 595/1047/710
f 591/1043/708 595/1047/710 592/1044/596
f 592/1044/596 595/1047/710 596/1048/711
f 593/1045/611 597/1049/607 594/1046/709
f 594/1046/709 598/1050/712 595/1047/710
f 594/1046/709 597/1049/607 598/1050/712
f 595/1047/710 598/1050/712 599/1051/713
f 595/1047/710 599/1051/713 596/1048/711
f 596/1048/711 599/1051/713 600/1052/588
f 597/1049/607 601/1053/603 598/1050/712
f 598/1050/712 602/1054/714 599/1051/713
f 598/1050/712 601/1053/603 602/1054/714
f 599/1051/713 602/1054/714 603/1055/715
f 599/1051/713 603/1055/715 600/1052/588
f 600/1052/588 603/1055/715 604/1056/584
f 601/1053/603 605/1057/599 602/1054/714
f 602/1054/714 606/1058/716 603/1055/715
f 602/1054/714 605/1057/599 606/1058/716
f 603/1055/715 606/1058/716 607/1059/717
f 603/1055/715 607/1059/717 604/1056/584
f 604/1056/584 607/1059/717 608/1060/580
f 605/1057/599 609/1061/595 606/1058/716
f 606/1058/716 610/1062/718 607/1059/717
f 606/1058/716 609/1061/595 610/1062/718
f 607/1059/717 610/1062/718 611/1063/719
f 607/1059/717 611/1063/719 608/1060/580
f 608/1060/580 611/1063/719 612/1064/720
f 609/1061/595 613/1065/591 610/1062/718
f 610/1062/718 614/1066/721 611/1063/719
f 610/1062/718 613/1065/591 614/1066/721
f 611/1063/719 614/1066/721 615/1067/722
f 611/1063/719 615/1067/722 612/1064/720
f 612/1064/720 615/1067/722 616/1068/572
f 613/1065/591 617/1069/587 614/1066/721
f 614/1066/721 618/1070/723 615/1067/722
f 614/1066/721 617/1069/587 618/1070/723
f 615/1067/722 618/1070/723 619/1071/724
f 615/1067/722 619/1071/724 616/1068/572
f 616/1068/572 619/1071/724 620/1072/568
f 617/1069/587 621/1073/583 618/1070/723
f 618/1070/723 622/1074/725 619/1071/724
f 618/1070/723 621/1073/583 622/1074/725
f 619/1071/724 622/1074/725 623/1075/726
f 619/1071/724 623/1075/726 620/1072/568
f 620/1072/568 623/1075/726 624/1076/564
f 621/1073/583 625/1077/579 622/1074/725
f 622/1074/725 626/1078/727 623/1075/726
f 622/1074/725 625/1077/579 626/1078/727
f 623/1075/726 626/1078/727 627/1079/728
f 623/1075/726 627/1079/728 624/1076/564
f 624/1076/564 627/1079/728 628/1080/560
f 625/1077/579 629/1081/575 626/1078/727
f 626/1078/727 630/1082/729 627/1079/728
f 626/1078/727 629/1081/575 630/1082/729
f 627/1079/728 630/1082/729 631/1083/730
f 627/1079/728 631/1083/730 628/1080/560
f 628/1080/560 631/1083/730 632/1084/556
f 629/1081/575 633/1085/571 630/1082/729
f 630/1082/729 634/1086/731 631/1083/730
f 630/1082/729 633/1085/571 634/1086/731
f 631/1083/730 634/1086/731 635/1087/732
f 631/1083/730 635/1087/732 632/1084/556
f 632/1084/556 635/1087/732 636/1088/733
f 633/1085/571 637/1089/567 634/1086/731
f 634/1086/731 638/1090/734 635/1087/732
f 634/1086/731 637/1089/567 638/1090/734
f 635/1087/732 638/1090/734 639/1091/735
f 635/1087/732 639/1091/735 636/1088/733
f 636/1088/733 639/1091/735 640/1092/736
f 637/1089/567 641/1093/737 638/1090/734
f 638/1090/734 642/1094/738 639/1091/735
f 638/1090/734 641/1093/737 642/1094/738
f 639/1091/735 642/1094/738 643/1095/739
f 639/1091/735 643/1095/739 640/1092/736
f 640/1092/736 643/1095/739 644/1096/740
f 641/1093/737 645/1097/559 642/1094/738
f 642/1094/738 646/1098/741 643/1095/739
f 642/1094/738 645/1097/559 646/1098/741
f 643/1095/739 646/1098/741 647/1099/742
f 643/1095/739 647/1099/742 644/1096/740
f 644/1096/740 648/1100/743 649/1101/555
f 644/1096/740 647/1099/742 648/1100/743
f 646/1098/741 648/1100/743 647/1099/742
f 650/1102/744 654/1103/745 653/1104/746
f 650/1102/744 652/1105/747 654/1103/745
f 653/1104/746 655/1106/748 656/1107/749
f 653/1104/746 657/1108/750 655/1106/748
f 653/1104/746 654/1103/745 657/1108/750
f 655/1106/748 659/1109/751 660/1110/752
f 655/1106/748 661/1111/753 659/1109/751
f 655/1106/748 657/1108/750 661/1111/753
f 655/1106/748 660/1110/752 656/1107/749
f 656/1107/749 660/1110/752 662/1112/754
f 656/1107/749 662/1112/754 658/1113/755
f 659/1109/751 663/1114/756 664/1115/757
f 659/1109/751 665/1116/758 663/1114/756
f 659/1109/751 661/1111/753 665/1116/758
f 659/1109/751 664/1115/757 660/1110/752
f 660/1110/752 664/1115/757 666/1117/759
f 660/1110/752 666/1117/759 662/1112/754
f 663/1114/756 667/1118/760 668/1119/761
f 663/1114/756 669/1120/762 667/1118/760
f 663/1114/756 665/1116/758 669/1120/762
f 663/1114/756 668/1119/761 664/1115/757
f 664/1115/757 668/1119/761 670/1121/763
f 664/1115/757 670/1121/763 666/1117/759
f 667/1118/760 671/1122/764 672/1123/765
f 667/1118/760 673/1124/766 671/1122/764
f 667/1118/760 669/1120/762 673/1124/766
f 667/1118/760 672/1123/765 668/1119/761
f 668/1119/761 672/1123/765 674/1125/767
f 668/1119/761 674/1125/767 670/1121/763
f 671/1122/764 675/1126/768 676/1127/769
f 671/1122/764 677/1128/770 675/1126/768
f 671/1122/764 673/1124/766 677/1128/770
f 671/1122/764 676/1127/769 672/1123/765
f 672/1123/765 676/1127/769 678/1129/771
f 672/1123/765 678/1129/771 674/1125/767
f 675/1126/768 679/1130/772 680/1131/773
f 675/1126/768 681/1132/774 679/1130/772
f 675/1126/768 677/1128/770 681/1132/774
f 675/1126/768 680/1131/773 676/1127/769
f 676/1127/769 680/1131/773 682/1133/775
f 676/1127/769 682/1133/775 678/1129/771
f 679/1130/772 683/1134/776 684/1135/777
f 679/1130/772 685/1136/778 683/1134/776
f 679/1130/772 681/1132/774 685/1136/778
f 679/1130/772 684/1135/777 680/1131/773
f 680/1131/773 684/1135/777 686/1137/779
f 680/1131/773 686/1137/779 682/1133/775
f 683/1134/776 687/1138/780 688/1139/781
f 683/1134/776 689/1140/782 687/1138/780
f 683/1134/776 685/1136/778 689/1140/782
f 683/1134/776 688/1139/781 684/1135/777
f 684/1135/777 688/1139/781 690/1141/783
f 684/1135/777 690/1141/783 686/1137/779
f 687/1138/780 691/1142/784 692/1143/785
f 687/1138/780 693/1144/786 691/1142/784
f 687/1138/780 689/1140/782 693/1144/786
f 687/1138/780 692/1143/785 688/1139/781
f 688/1139/781 692/1143/785 694/1145/787
f 688/1139/781 694/1145/787 690/1141/783
f 691/1142/784 695/1146/788 696/1147/789
f 691/1142/784 697/1148/790 695/1146/788
f 691/1142/784 693/1144/786 697/1148/790
f 691/1142/784 696/1147/789 692/1143/785
f 692/1143/785 696/1147/789 698/1149/791
f 692/1143/785 698/1149/791 694/1145/787
f 695/1146/788 699/1150/792 700/1151/793
f 695/1146/788 701/1152/794 699/1150/792
f 695/1146/788 697/1148/790 701/1152/794
f 695/1146/788 700/1151/793 696/1147/789
f 696/1147/789 700/1151/793 702/1153/795
f 696/1147/789 702/1153/795 698/1149/791
f 699/1150/792 703/1154/796 704/1155/797
f 699/1150/792 705/1156/798 703/1154/796
f 699/1150/792 701/1152/794 705/1156/798
f 699/1150/792 704/1155/797 700/1151/793
f 700/1151/793 704/1155/797 706/1157/799
f 700/1151/793 706/1157/799 702/1153/795
f 703/1154/796 707/1158/800 708/1159/801
f 703/1154/796 709/1160/802 707/1158/800
f 703/1154/796 705/1156/798 709/1160/802
f 703/1154/796 708/1159/801 704/1155/797
f 704/1155/797 708/1159/801 710/1161/803
f 704/1155/797 710/1161/803 706/1157/799
f 707/1158/800 711/1162/804 712/1163/805
f 707/1158/800 713/1164/806 711/1162/804
f 707/1158/800 709/1160/802 713/1164/806
f 707/1158/800 712/1163/805 708/1159/801
f 708/1159/801 712/1163/805 714/1165/807
f 708/1159/801 714/1165/807 710/1161/803
f 711/1162/804 715/1166/808 716/1167/809
f 711/1162/804 717/1168/810 715/1166/808
f 711/1162/804 713/1164/806 717/1168/810
f 711/1162/804 716/1167/809 712/1163/805
f 712/1163/805 716/1167/809 718/1169/811
f 712/1163/805 718/1169/811 714/1165/807
f 715/1166/808 719/1170/812 720/1171/813
f 715/1166/808 721/1172/814 719/1170/812
f 715/1166/808 717/1168/810 721/1172/814
f 715/1166/808 720/1171/813 716/1167/809
f 716/1167/809 720/1171/813 722/1173/815
f 716/1167/809 722/1173/815 718/1169/811
f 719/1170/812 723/1174/816 724/1175/817
f 719/1170/812 725/1176/818 723/1174/816
f 719/1170/812 721/1172/814 725/1176/818
f 719/1170/812 724/1175/817 720/1171/813
f 720/1171/813 724/1175/817 726/1177/819
f 720/1171/813 726/1177/819 722/1173/815
f 723/1174/816 727/1178/820 728/1179/821
f 723/1174/816 728/1179/821 729/1180/822
f 723/1174/816 725/1176/818 727/1178/820
f 723/1174/816 729/1180/822 724/1175/817
f 724/1175/817 729/1180/822 730/1181/823
f 724/1175/817 730/1181/823 726/1177/819
f 727/1178/820 731/1182/824 728/1179/821
f 728/1179/821 732/1183/825 733/1184/826
f 728/1179/821 731/1182/824 732/1183/825
f 728/1179/821 733/1184/826 729/1180/822
f 729/1180/822 733/1184/826 734/1185/827
f 729/1180/822 734/1185/827 730/1181/823
f 731/1182/824 735/1186/828 736/1187/829
f 731/1182/824 736/1187/829 732/1183/825
f 732/1183/825 736/1187/829 737/1188/830
f 732/1183/825 737/1188/830 733/1184/826
f 733/1184/826 737/1188/830 738/1189/831
f 733/1184/826 738/1189/831 734/1185/827
f 735/1186/828 739/1190/832 740/1191/833
f 735/1186/828 740/1191/833 736/1187/829
f 736/1187/829 740/1191/833 741/1192/834
f 736/1187/829 741/1192/834 737/1188/830
f 737/1188/830 741/1192/834 742/1193/835
f 737/1188/830 742/1193/835 738/1189/831
f 739/1190/832 743/1194/836 744/1195/837
f 739/1190/832 744/1195/837 740/1191/833
f 740/1191/833 744/1195/837 745/1196/838
f 740/1191/833 745/1196/838 741/1192/834
f 741/1192/834 745/1196/838 746/1197/839
f 741/1192/834 746/1197/839 742/1193/835
f 743/1194/836 747/1198/840 744/1195/837
f 744/1195/837 748/1199/841 749/1200/842
f 744/1195/837 747/1198/840 748/1199/841
f 744/1195/837 749/1200/842 745/1196/838
f 745/1196/838 749/1200/842 750/1201/843
f 745/1196/838 750/1201/843 746/1197/839
f 747/1198/840 751/1202/844 748/1199/841
f 748/1199/841 752/1203/845 753/1204/846
f 748/1199/841 751/1202/844 752/1203/845
f 748/1199/841 753/1204/846 749/1200/842
f 749/1200/842 753/1204/846 754/1205/847
f 749/1200/842 754/1205/847 750/1201/843
f 751/1202/844 755/1206/848 752/1203/845
f 752/1203/845 756/1207/849 757/1208/850
f 752/1203/845 755/1206/848 756/1207/849
f 752/1203/845 757/1208/850 753/1204/846
f 753/1204/846 757/1208/850 758/1209/851
f 753/1204/846 758/1209/851 754/1205/847
f 755/1206/848 759/1210/852 756/1207/849
f 756/1207/849 759/1210/852 760/1211/853
f 756/1207/849 760/1211/853 761/1212/854
f 756/1207/849 761/1212/854 757/1208/850
f 757/1208/850 761/1212/854 762/1213/855
f 757/1208/850 762/1213/855 758/1209/851
f 759/1210/852 763/1214/856 764/1215/857
f 759/1210/852 764/1215/857 765/1216/858
f 759/1210/852 765/1216/858 760/1211/853
f 760/1211/853 765/1216/858 766/1217/859
f 760/1211/853 766/1217/859 767/1218/860
f 760/1211/853 767/1218/860 761/1212/854
f 761/1212/854 767/1218/860 768/1219/861
f 761/1212/854 768/1219/861 762/1213/855
f 763/1214/856 769/1220/862 764/1215/857
f 763/1214/856 770/1221/863 769/1220/862
f 763/1214/856 771/1222/848 770/1221/863
f 764/1215/857 769/1220/862 772/1223/864
f 765/1216/858 773/1224/865 774/1225/866
f 765/1216/858 774/1225/866 766/1217/859
f 766/1217/859 774/1225/866 767/1218/860
f 767/1218/860 774/1225/866 775/1226/867
f 767/1218/860 775/1226/867 768/1219/861
f 769/1220/862 770/1221/863 776/1227/868
f 769/1220/862 776/1227/868 772/1223/864
f 770/1221/863 777/1228/869 776/1227/868
f 770/1221/863 778/1229/870 777/1228/869
f 770/1221/863 771/1222/848 778/1229/870
f 771/1222/848 779/1230/844 778/1229/870
f 773/1224/865 775/1226/867 774/1225/866
f 777/1228/869 778/1229/870 781/1231/871
f 778/1229/870 782/1232/872 781/1231/871
f 778/1229/870 779/1230/844 782/1232/872
f 779/1230/844 783/1233/840 782/1232/872
f 781/1231/871 782/1232/872 785/1234/873
f 781/1231/871 786/1235/855 784/1236/861
f 781/1231/871 785/1234/873 786/1235/855
f 782/1232/872 787/1237/874 785/1234/873
f 782/1232/872 783/1233/840 787/1237/874
f 783/1233/840 788/1238/836 787/1237/874
f 785/1234/873 787/1237/874 789/1239/875
f 785/1234/873 790/1240/851 786/1235/855
f 785/1234/873 789/1239/875 790/1240/851
f 787/1237/874 791/1241/876 789/1239/875
f 787/1237/874 788/1238/836 791/1241/876
f 788/1238/836 792/1242/832 791/1241/876
f 789/1239/875 791/1241/876 793/1243/877
f 789/1239/875 794/1244/847 790/1240/851
f 789/1239/875 793/1243/877 794/1244/847
f 791/1241/876 795/1245/878 793/1243/877
f 791/1241/876 792/1242/832 795/1245/878
f 792/1242/832 796/1246/879 795/1245/878
f 793/1243/877 795/1245/878 797/1247/880
f 793/1243/877 798/1248/843 794/1244/847
f 793/1243/877 797/1247/880 798/1248/843
f 795/1245/878 796/1246/879 799/1249/881
f 795/1245/878 799/1249/881 797/1247/880
f 796/1246/879 800/1250/882 799/1249/881
f 797/1247/880 799/1249/881 801/1251/883
f 797/1247/880 802/1252/884 798/1248/843
f 797/1247/880 801/1251/883 802/1252/884
f 799/1249/881 803/1253/885 801/1251/883
f 799/1249/881 800/1250/882 803/1253/885
f 800/1250/882 804/1254/886 803/1253/885
f 801/1251/883 803/1253/885 805/1255/887
f 801/1251/883 806/1256/888 802/1252/884
f 801/1251/883 805/1255/887 806/1256/888
f 803/1253/885 807/1257/889 805/1255/887
f 803/1253/885 804/1254/886 807/1257/889
f 804/1254/886 808/1258/818 807/1257/889
f 805/1255/887 807/1257/889 809/1259/890
f 805/1255/887 810/1260/891 806/1256/888
f 805/1255/887 809/1259/890 810/1260/891
f 807/1257/889 811/1261/892 809/1259/890
f 807/1257/889 808/1258/818 811/1261/892
f 808/1258/818 812/1262/893 811/1261/892
f 809/1259/890 813/1263/827 810/1260/891
f 809/1259/890 814/1264/894 813/1263/827
f 809/1259/890 811/1261/892 814/1264/894
f 811/1261/892 815/1265/895 814/1264/894
f 811/1261/892 812/1262/893 815/1265/895
f 812/1262/893 816/1266/896 815/1265/895
f 813/1263/827 814/1264/894 817/1267/823
f 814/1264/894 815/1265/895 818/1268/897
f 814/1264/894 818/1268/897 817/1267/823
f 815/1265/895 819/1269/898 818/1268/897
f 815/1265/895 816/1266/896 819/1269/898
f 816/1266/896 820/1270/806 819/1269/898
f 817/1267/823 818/1268/897 821/1271/819
f 818/1268/897 819/1269/898 822/1272/899
f 818/1268/897 822/1272/899 821/1271/819
f 819/1269/898 823/1273/900 822/1272/899
f 819/1269/898 820/1270/806 823/1273/900
f 820/1270/806 824/1274/802 823/1273/900
f 821/1271/819 822/1272/899 825/1275/815
f 822/1272/899 823/1273/900 826/1276/901
f 822/1272/899 826/1276/901 825/1275/815
f 823/1273/900 827/1277/902 826/1276/901
f 823/1273/900 824/1274/802 827/1277/902
f 824/1274/802 828/1278/798 827/1277/902
f 825/1275/815 826/1276/901 829/1279/811
f 826/1276/901 827/1277/902 830/1280/903
f 826/1276/901 830/1280/903 829/1279/811
f 827/1277/902 831/1281/904 830/1280/903
f 827/1277/902 828/1278/798 831/1281/904
f 828/1278/798 832/1282/794 831/1281/904
f 829/1279/811 830/1280/903 833/1283/807
f 830/1280/903 831/1281/904 834/1284/905
f 830/1280/903 834/1284/905 833/1283/807
f 831/1281/904 835/1285/906 834/1284/905
f 831/1281/904 832/1282/794 835/1285/906
f 832/1282/794 836/1286/907 835/1285/906
f 833/1283/807 834/1284/905 837/1287/803
f 834/1284/905 835/1285/906 838/1288/908
f 834/1284/905 838/1288/908 837/1287/803
f 835/1285/906 839/1289/909 838/1288/908
f 835/1285/906 836/1286/907 839/1289/909
f 836/1286/907 840/1290/786 839/1289/909
f 837/1287/803 838/1288/908 841/1291/799
f 838/1288/908 839/1289/909 842/1292/910
f 838/1288/908 842/1292/910 841/1291/799
f 839/1289/909 843/1293/911 842/1292/910
f 839/1289/909 840/1290/786 843/1293/911
f 840/1290/786 844/1294/782 843/1293/911
f 841/1291/799 842/1292/910 845/1295/795
f 842/1292/910 843/1293/911 846/1296/912
f 842/1292/910 846/1296/912 845/1295/795
f 843/1293/911 847/1297/913 846/1296/912
f 843/1293/911 844/1294/782 847/1297/913
f 844/1294/782 848/1298/778 847/1297/913
f 845/1295/795 846/1296/912 849/1299/791
f 846/1296/912 847/1297/913 850/1300/914
f 846/1296/912 850/1300/914 849/1299/791
f 847/1297/913 851/1301/915 850/1300/914
f 847/1297/913 848/1298/778 851/1301/915
f 848/1298/778 852/1302/916 851/1301/915
f 849/1299/791 850/1300/914 853/1303/787
f 850/1300/914 851/1301/915 854/1304/917
f 850/1300/914 854/1304/917 853/1303/787
f 851/1301/915 855/1305/918 854/1304/917
f 851/1301/915 852/1302/916 855/1305/918
f 852/1302/916 856/1306/770 855/1305/918
f 853/1303/787 854/1304/917 857/1307/783
f 854/1304/917 855/1305/918 858/1308/919
f 854/1304/917 858/1308/919 857/1307/783
f 855/1305/918 859/1309/920 858/1308/919
f 855/1305/918 856/1306/770 859/1309/920
f 856/1306/770 860/1310/766 859/1309/920
f 857/1307/783 858/1308/919 861/1311/779
f 858/1308/919 859/1309/920 862/1312/921
f 858/1308/919 862/1312/921 861/1311/779
f 859/1309/920 863/1313/922 862/1312/921
f 859/1309/920 860/1310/766 863/1313/922
f 860/1310/766 864/1314/762 863/1313/922
f 861/1311/779 862/1312/921 865/1315/775
f 862/1312/921 863/1313/922 866/1316/923
f 862/1312/921 866/1316/923 865/1315/775
f 863/1313/922 867/1317/924 866/1316/923
f 863/1313/922 864/1314/762 867/1317/924
f 864/1314/762 868/1318/758 867/1317/924
f 865/1315/775 866/1316/923 869/1319/771
f 866/1316/923 867/1317/924 870/1320/925
f 866/1316/923 870/1320/925 869/1319/771
f 867/1317/924 871/1321/926 870/1320/925
f 867/1317/924 868/1318/758 871/1321/926
f 868/1318/758 872/1322/753 871/1321/926
f 869/1319/771 870/1320/925 873/1323/767
f 870/1320/925 871/1321/926 874/1324/927
f 870/1320/925 874/1324/927 873/1323/767
f 871/1321/926 875/1325/928 874/1324/927
f 871/1321/926 872/1322/753 875/1325/928
f 872/1322/753 876/1326/929 875/1325/928
f 873/1323/767 874/1324/927 877/1327/763
f 874/1324/927 875/1325/928 878/1328/930
f 874/1324/927 878/1328/930 877/1327/763
f 875/1325/928 879/1329/931 878/1328/930
f 875/1325/928 876/1326/929 879/1329/931
f 876/1326/929 880/1330/932 879/1329/931
f 877/1327/763 878/1328/930 881/1331/933
f 878/1328/930 879/1329/931 882/1332/934
f 878/1328/930 882/1332/934 881/1331/933
f 879/1329/931 883/1333/935 882/1332/934
f 879/1329/931 880/1330/932 883/1333/935
f 880/1330/932 884/1334/936 883/1333/935
f 881/1331/933 882/1332/934 885/1335/754
f 882/1332/934 883/1333/935 886/1336/937
f 882/1332/934 886/1336/937 885/1335/754
f 883/1333/935 887/1337/938 886/1336/937
f 883/1333/935 884/1334/936 887/1337/938
f 884/1334/936 888/1338/755 889/1339/939
f 884/1334/936 889/1339/939 887/1337/938
f 886/1336/937 887/1337/938 889/1339/939
f 890/1340/940 891/1341/941 892/1342/942
f 890/1340/940 893/1343/943 891/1341/941
f 890/1340/940 894/1344/944 893/1343/943
f 890/1340/940 895/1345/945 894/1344/944
f 890/1340/940 896/1346/946 895/1345/945
f 890/1340/940 892/1342/942 896/1346/946
f 891/1341/941 897/1347/947 898/1348/948
f 891/1341/941 898/1348/948 892/1342/942
f 891/1341/941 893/1343/943 899/1349/949
f 891/1341/941 899/1349/949 897/1347/947
f 892/1342/942 898/1348/948 900/1350/950
f 892/1342/942 900/1350/950 901/1351/951
f 892/1342/942 901/1351/951 896/1346/946
f 893/1343/943 902/1352/952 899/1349/949
f 893/1343/943 903/1353/953 902/1352/952
f 893/1343/943 894/1344/944 903/1353/953
f 894/1344/944 904/1354/954 903/1353/953
f 894/1344/944 895/1345/945 904/1354/954
f 895/1345/945 905/1355/955 904/1354/954
f 895/1345/945 896/1346/946 905/1355/955
f 896/1346/946 901/1351/951 906/1356/956
f 896/1346/946 906/1356/956 905/1355/955
f 898/1348/948 907/1357/957 908/1358/950
f 898/1348/948 908/1358/950 900/1350/950
f 898/1348/948 897/1347/947 907/1357/957
f 899/1349/949 909/1359/958 910/1360/959
f 899/1349/949 910/1360/959 897/1347/947
f 899/1349/949 902/1352/952 909/1359/958
f 901/1351/951 900/1350/950 911/1361/960
f 901/1351/951 911/1361/960 912/1362/961
f 901/1351/951 912/1362/961 906/1356/956
f 903/1353/953 904/1354/954 913/1363/962
f 903/1353/953 913/1363/962 902/1352/952
f 902/1352/952 914/1364/963 909/1359/958
f 902/1352/952 913/1363/962 914/1364/963
f 905/1355/955 915/1365/964 904/1354/954
f 905/1355/955 906/1356/956 915/1365/964
f 906/1356/956 912/1362/961 916/1366/965
f 906/1356/956 916/1366/965 915/1365/964
f 907/1357/957 897/1347/947 917/1367/947
f 908/1358/950 918/1368/960 900/1350/950
f 912/1362/961 911/1361/960 919/1369/966
f 912/1362/961 919/1369/966 920/1370/967
f 912/1362/961 920/1370/967 916/1366/965
f 913/1363/962 904/1354/954 921/1371/968
f 913/1363/962 921/1371/968 914/1364/963
f 915/1365/964 916/1366/965 922/1372/969
f 915/1365/964 922/1372/969 904/1354/954
f 916/1366/965 920/1370/967 923/1373/970
f 916/1366/965 923/1373/970 922/1372/969
f 897/1347/947 910/1360/959 917/1367/947
f 917/1367/947 910/1360/959 924/1374/959
f 918/1368/960 925/1375/966 911/1361/960
f 918/1368/960 911/1361/960 900/1350/950
f 920/1370/967 926/1376/971 923/1373/970
f 920/1370/967 927/1377/972 926/1376/971
f 920/1370/967 919/1369/966 927/1377/972
f 921/1371/968 904/1354/954 928/1378/973
f 921/1371/968 928/1378/973 929/1379/974
f 921/1371/968 929/1379/974 914/1364/963
f 922/1372/969 930/1380/975 904/1354/954
f 922/1372/969 923/1373/970 930/1380/975
f 923/1373/970 926/1376/971 931/1381/976
f 923/1373/970 931/1381/976 930/1380/975
f 910/1360/959 932/1382/977 924/1374/959
f 910/1360/959 909/1359/958 932/1382/977
f 924/1374/959 932/1382/977 933/1383/978
f 925/1375/966 934/1384/972 919/1369/966
f 925/1375/966 919/1369/966 911/1361/960
f 928/1378/973 904/1354/954 935/1385/979
f 928/1378/973 935/1385/979 936/1386/980
f 928/1378/973 936/1386/980 929/1379/974
f 914/1364/963 929/1379/974 937/1387/981
f 914/1364/963 937/1387/981 909/1359/958
f 930/1380/975 938/1388/982 904/1354/954
f 930/1380/975 931/1381/976 938/1388/982
f 932/1382/977 939/1389/983 933/1383/978
f 932/1382/977 937/1387/981 939/1389/983
f 932/1382/977 909/1359/958 937/1387/981
f 933/1383/978 939/1389/983 940/1390/983
f 934/1384/972 941/1391/501 927/1377/972
f 934/1384/972 927/1377/972 919/1369/966
f 935/1385/979 904/1354/954 942/1392/984
f 935/1385/979 942/1392/984 943/1393/985
f 935/1385/979 943/1393/985 936/1386/980
f 936/1386/980 943/1393/985 944/1394/986
f 936/1386/980 944/1394/986 945/1395/987
f 936/1386/980 945/1395/987 929/1379/974
f 937/1387/981 929/1379/974 945/1395/987
f 937/1387/981 945/1395/987 939/1389/983
f 938/1388/982 931/1381/976 946/1396/988
f 938/1388/982 946/1396/988 947/1397/989
f 938/1388/982 947/1397/989 904/1354/954
f 940/1390/983 948/1398/453 949/1399/453
f 940/1390/983 939/1389/983 948/1398/453
f 945/1395/987 944/1394/986 948/1398/453
f 945/1395/987 948/1398/453 939/1389/983
f 944/1394/986 943/1393/985 950/1400/990
f 944/1394/986 951/1401/991 948/1398/453
f 944/1394/986 950/1400/990 951/1401/991
f 931/1381/976 926/1376/971 952/1402/992
f 931/1381/976 952/1402/992 946/1396/988
f 946/1396/988 952/1402/992 953/1403/993
f 946/1396/988 953/1403/993 954/1404/994
f 946/1396/988 954/1404/994 947/1397/989
f 947/1397/989 954/1404/994 955/1405/995
f 947/1397/989 955/1405/995 904/1354/954
f 948/1398/453 951/1401/991 949/1399/453
f 949/1399/453 951/1401/991 956/1406/991
f 950/1400/990 957/1407/996 958/1408/997
f 950/1400/990 958/1408/997 959/1409/998
f 950/1400/990 943/1393/985 957/1407/996
f 950/1400/990 959/1409/998 951/1401/991
f 951/1401/991 959/1409/998 956/1406/991
f 926/1376/971 960/1410/501 952/1402/992
f 926/1376/971 927/1377/972 960/1410/501
f 952/1402/992 960/1410/501 961/1411/999
f 952/1402/992 961/1411/999 953/1403/993
f 954/1404/994 953/1403/993 962/1412/1000
f 954/1404/994 962/1412/1000 963/1413/1001
f 954/1404/994 963/1413/1001 955/1405/995
f 955/1405/995 963/1413/1001 964/1414/1002
f 955/1405/995 964/1414/1002 904/1354/954
f 956/1406/991 959/1409/998 965/1415/1003
f 959/1409/998 966/1416/1004 965/1415/1003
f 959/1409/998 958/1408/997 966/1416/1004
f 943/1393/985 942/1392/984 957/1407/996
f 960/1410/501 967/1417/999 961/1411/999
f 960/1410/501 941/1391/501 967/1417/999
f 960/1410/501 927/1377/972 941/1391/501
f 961/1411/999 968/1418/1005 969/1419/1006
f 961/1411/999 969/1419/1006 953/1403/993
f 961/1411/999 967/1417/999 968/1418/1005
f 964/1414/1002 963/1413/1001 970/1420/1007
f 964/1414/1002 970/1420/1007 971/1421/1008
f 964/1414/1002 971/1421/1008 904/1354/954
f 965/1415/1003 966/1416/1004 972/1422/1009
f 966/1416/1004 973/1423/1010 972/1422/1009
f 966/1416/1004 974/1424/1011 973/1423/1010
f 966/1416/1004 958/1408/997 974/1424/1011
f 942/1392/984 904/1354/954 975/1425/1012
f 942/1392/984 975/1425/1012 957/1407/996
f 968/1418/1005 976/1426/1013 969/1419/1006
f 953/1403/993 969/1419/1006 962/1412/1000
f 971/1421/1008 970/1420/1007 977/1427/1014
f 971/1421/1008 978/1428/1015 904/1354/954
f 971/1421/1008 977/1427/1014 978/1428/1015
f 972/1422/1009 973/1423/1010 979/1429/1010
f 958/1408/997 980/1430/1016 974/1424/1011
f 958/1408/997 957/1407/996 980/1430/1016
f 904/1354/954 978/1428/1015 981/1431/1017
f 904/1354/954 981/1431/1017 975/1425/1012
f 975/1425/1012 981/1431/1017 980/1430/1016
f 975/1425/1012 980/1430/1016 957/1407/996
f 976/1426/1013 982/1432/1018 983/1433/1019
f 976/1426/1013 983/1433/1019 969/1419/1006
f 962/1412/1000 969/1419/1006 983/1433/1019
f 962/1412/1000 983/1433/1019 984/1434/1020
f 962/1412/1000 984/1434/1020 963/1413/1001
f 978/1428/1015 977/1427/1014 985/1435/1021
f 978/1428/1015 985/1435/1021 981/1431/1017
f 979/1429/1010 986/1436/1022 987/1437/1022
f 979/1429/1010 973/1423/1010 986/1436/1022
f 980/1430/1016 985/1435/1021 974/1424/1011
f 980/1430/1016 981/1431/1017 985/1435/1021
f 982/1432/1018 987/1437/1022 988/1438/1018
f 982/1432/1018 988/1438/1018 983/1433/1019
f 983/1433/1019 988/1438/1018 984/1434/1020
f 984/1434/1020 988/1438/1018 989/1439/1023
f 984/1434/1020 989/1439/1023 970/1420/1007
f 984/1434/1020 970/1420/1007 963/1413/1001
f 985/1435/1021 990/1440/1024 974/1424/1011
f 985/1435/1021 977/1427/1014 990/1440/1024
f 987/1437/1022 986/1436/1022 988/1438/1018
f 986/1436/1022 989/1439/1023 988/1438/1018
f 986/1436/1022 973/1423/1010 990/1440/1024
f 986/1436/1022 990/1440/1024 989/1439/1023
f 973/1423/1010 974/1424/1011 990/1440/1024
f 989/1439/1023 990/1440/1024 977/1427/1014
f 989/1439/1023 977/1427/1014 970/1420/1007
f 991/1441/1025 993/1442/1026 994/1443/1027
f 991/1441/1025 995/1444/1028 993/1442/1026
f 991/1441/1025 992/1445/1029 995/1444/1028
f 992/1445/1029 996/1446/1030 997/1447/1031
f 992/1445/1029 997/1447/1031 995/1444/1028
f 993/1442/1026 995/1444/1028 999/1448/1032
f 993/1442/1026 999/1448/1032 1000/1449/1033
f 993/1442/1026 1000/1449/1033 1001/1450/1034
f 993/1442/1026 1001/1450/1034 994/1443/1027
f 994/1443/1027 1001/1450/1034 1002/1451/1035
f 995/1444/1028 997/1447/1031 1003/1452/1036
f 995/1444/1028 1003/1452/1036 999/1448/1032
f 996/1446/1030 1004/1453/1037 997/1447/1031
f 996/1446/1030 1005/1454/1038 1004/1453/1037
f 996/1446/1030 998/1455/1039 1005/1454/1038
f 997/1447/1031 1004/1453/1037 1006/1456/1040
f 997/1447/1031 1006/1456/1040 1003/1452/1036
f 998/1455/1039 1007/1457/1041 1005/1454/1038
f 999/1448/1032 1003/1452/1036 1008/1458/1042
f 999/1448/1032 1008/1458/1042 1009/1459/1043
f 999/1448/1032 1009/1459/1043 1000/1449/1033
f 1000/1449/1033 1009/1459/1043 1010/1460/1044
f 1000/1449/1033 1010/1460/1044 1011/1461/1045
f 1000/1449/1033 1011/1461/1045 1001/1450/1034
f 1001/1450/1034 1011/1461/1045 1012/1462/1046
f 1001/1450/1034 1012/1462/1046 1002/1451/1035
f 1003/1452/1036 1013/1463/1047 1008/1458/1042
f 1003/1452/1036 1006/1456/1040 1013/1463/1047
f 1004/1453/1037 1014/1464/1048 1015/1465/1049
f 1004/1453/1037 1015/1465/1049 1006/1456/1040
f 1004/1453/1037 1005/1454/1038 1014/1464/1048
f 1005/1454/1038 1016/1466/1050 1014/1464/1048
f 1005/1454/1038 1007/1457/1041 1016/1466/1050
f 1006/1456/1040 1015/1465/1049 1017/1467/1051
f 1006/1456/1040 1017/1467/1051 1013/1463/1047
f 1009/1459/1043 1018/1468/1052 1010/1460/1044
f 1009/1459/1043 1019/1469/1053 1018/1468/1052
f 1009/1459/1043 1008/1458/1042 1019/1469/1053
f 1011/1461/1045 1010/1460/1044 1020/1470/1054
f 1011/1461/1045 1020/1470/1054 1021/1471/453
f 1011/1461/1045 1021/1471/453 1012/1462/1046
f 1013/1463/1047 1022/1472/1055 1023/1473/1056
f 1013/1463/1047 1023/1473/1056 1008/1458/1042
f 1013/1463/1047 1017/1467/1051 1022/1472/1055
f 1016/1466/1050 1024/1474/1057 1025/1475/1058
f 1016/1466/1050 1025/1475/1058 1014/1464/1048
f 1019/1469/1053 1026/1476/1059 1018/1468/1052
f 1019/1469/1053 1027/1477/1060 1026/1476/1059
f 1019/1469/1053 1023/1473/1056 1027/1477/1060
f 1019/1469/1053 1008/1458/1042 1023/1473/1056
f 1021/1471/453 1020/1470/1054 1028/1478/1061
f 1020/1470/1054 1010/1460/1044 1029/1479/1062
f 1020/1470/1054 1029/1479/1062 1030/1480/1063
f 1020/1470/1054 1030/1480/1063 1028/1478/1061
f 1023/1473/1056 1031/1481/1064 1027/1477/1060
f 1023/1473/1056 1022/1472/1055 1031/1481/1064
f 1024/1474/1057 1032/1482/1065 1025/1475/1058
f 1024/1474/1057 1033/1483/1066 1032/1482/1065
f 1025/1475/1058 1034/1484/1067 1035/1485/1068
f 1025/1475/1058 1032/1482/1065 1034/1484/1067
f 1025/1475/1058 1035/1485/1068 1014/1464/1048
f 1028/1478/1061 1030/1480/1063 1036/1486/1069
f 1010/1460/1044 1018/1468/1052 1029/1479/1062
f 1029/1479/1062 1018/1468/1052 1037/1487/1070
f 1029/1479/1062 1037/1487/1070 1038/1488/1071
f 1029/1479/1062 1038/1488/1071 1030/1480/1063
f 1030/1480/1063 1038/1488/1071 1039/1489/1072
f 1030/1480/1063 1039/1489/1072 1036/1486/1069
f 1032/1482/1065 1040/1490/1073 1034/1484/1067
f 1032/1482/1065 1041/1491/1074 1040/1490/1073
f 1032/1482/1065 1033/1483/1066 1041/1491/1074
f 1014/1464/1048 1035/1485/1068 1015/1465/1049
f 1036/1486/1069 1039/1489/1072 1042/1492/91
f 1018/1468/1052 1026/1476/1059 1037/1487/1070
f 1037/1487/1070 1026/1476/1059 1043/1493/1075
f 1037/1487/1070 1043/1493/1075 1044/1494/1076
f 1037/1487/1070 1044/1494/1076 1038/1488/1071
f 1038/1488/1071 1044/1494/1076 1045/1495/1077
f 1038/1488/1071 1045/1495/1077 1039/1489/1072
f 1039/1489/1072 1045/1495/1077 1046/1496/1078
f 1039/1489/1072 1046/1496/1078 1042/1492/91
f 1041/1491/1074 1047/1497/1079 1040/1490/1073
f 1041/1491/1074 1048/1498/1080 1047/1497/1079
f 1015/1465/1049 1035/1485/1068 1050/1499/1081
f 1015/1465/1049 1050/1499/1081 1017/1467/1051
f 1042/1492/91 1046/1496/1078 1051/1500/1082
f 1026/1476/1059 1052/1501/1083 1043/1493/1075
f 1026/1476/1059 1027/1477/1060 1052/1501/1083
f 1046/1496/1078 1045/1495/1077 1053/1502/1084
f 1046/1496/1078 1053/1502/1084 1054/1503/1085
f 1046/1496/1078 1054/1503/1085 1051/1500/1082
f 1048/1498/1080 1055/1504/1086 1047/1497/1079
f 1048/1498/1080 1056/1505/1087 1055/1504/1086
f 1048/1498/1080 1049/1506/1088 1056/1505/1087
f 1049/1506/1088 1057/1507/1089 1056/1505/1087
f 1035/1485/1068 1058/1508/1090 1050/1499/1081
f 1035/1485/1068 1034/1484/1067 1058/1508/1090
f 1017/1467/1051 1050/1499/1081 1059/1509/1091
f 1017/1467/1051 1059/1509/1091 1022/1472/1055
f 1051/1500/1082 1054/1503/1085 1060/1510/1092
f 1027/1477/1060 1061/1511/1093 1052/1501/1083
f 1027/1477/1060 1031/1481/1064 1061/1511/1093
f 1056/1505/1087 1062/1512/1094 1055/1504/1086
f 1056/1505/1087 1063/1513/1095 1062/1512/1094
f 1056/1505/1087 1057/1507/1089 1063/1513/1095
f 1057/1507/1089 1064/1514/1096 1063/1513/1095
f 1034/1484/1067 1065/1515/1097 1058/1508/1090
f 1034/1484/1067 1040/1490/1073 1065/1515/1097
f 1022/1472/1055 1066/1516/1098 1031/1481/1064
f 1022/1472/1055 1059/1509/1091 1066/1516/1098
f 1060/1510/1092 1054/1503/1085 1067/1517/1099
f 1060/1510/1092 1067/1517/1099 1068/1518/501
f 1031/1481/1064 1069/1519/1100 1061/1511/1093
f 1031/1481/1064 1066/1516/1098 1069/1519/1100
f 1063/1513/1095 1070/1520/1046 1062/1512/1094
f 1063/1513/1095 1071/1521/1035 1070/1520/1046
f 1063/1513/1095 1064/1514/1096 1071/1521/1035
f 1064/1514/1096 1072/1522/496 1071/1521/1035
f 1040/1490/1073 1073/1523/1101 1065/1515/1097
f 1040/1490/1073 1047/1497/1079 1073/1523/1101
f 1066/1516/1098 1074/1524/1102 1069/1519/1100
f 1066/1516/1098 1075/1525/1103 1074/1524/1102
f 1066/1516/1098 1059/1509/1091 1075/1525/1103
f 1054/1503/1085 1053/1502/1084 1076/1526/1104
f 1054/1503/1085 1076/1526/1104 1067/1517/1099
f 1068/1518/501 1067/1517/1099 1077/1527/1105
f 1068/1518/501 1077/1527/1105 1078/1528/1106
f 1070/1520/1046 1079/1529/453 1062/1512/1094
f 1047/1497/1079 1080/1530/1107 1073/1523/1101
f 1047/1497/1079 1055/1504/1086 1080/1530/1107
f 1059/1509/1091 1081/1531/1108 1075/1525/1103
f 1059/1509/1091 1050/1499/1081 1081/1531/1108
f 1053/1502/1084 1082/1532/1109 1083/1533/1110
f 1053/1502/1084 1045/1495/1077 1082/1532/1109
f 1053/1502/1084 1083/1533/1110 1076/1526/1104
f 1078/1528/1106 1077/1527/1105 1084/1534/1111
f 1078/1528/1106 1084/1534/1111 1085/1535/1112
f 1079/1529/453 1086/1536/1061 1087/1537/1113
f 1079/1529/453 1087/1537/1113 1062/1512/1094
f 1062/1512/1094 1087/1537/1113 1055/1504/1086
f 1055/1504/1086 1087/1537/1113 1080/1530/1107
f 1050/1499/1081 1058/1508/1090 1081/1531/1108
f 1081/1531/1108 1088/1538/1114 1075/1525/1103
f 1081/1531/1108 1058/1508/1090 1089/1539/1115
f 1081/1531/1108 1089/1539/1115 1088/1538/1114
f 1045/1495/1077 1044/1494/1076 1082/1532/1109
f 1085/1535/1112 1084/1534/1111 1090/1540/1116
f 1085/1535/1112 1090/1540/1116 1091/1541/496
f 1086/1536/1061 1092/1542/1069 1093/1543/1117
f 1086/1536/1061 1093/1543/1117 1087/1537/1113
f 1087/1537/1113 1093/1543/1117 1080/1530/1107
f 1058/1508/1090 1065/1515/1097 1089/1539/1115
f 1075/1525/1103 1094/1544/1118 1074/1524/1102
f 1075/1525/1103 1088/1538/1114 1094/1544/1118
f 1089/1539/1115 1095/1545/1119 1088/1538/1114
f 1089/1539/1115 1065/1515/1097 1096/1546/1120
f 1089/1539/1115 1096/1546/1120 1095/1545/1119
f 1044/1494/1076 1043/1493/1075 1097/1547/1121
f 1044/1494/1076 1097/1547/1121 1082/1532/1109
f 1090/1540/1116 1084/1534/1111 1098/1548/1122
f 1080/1530/1107 1093/1543/1117 1099/1549/1123
f 1080/1530/1107 1099/1549/1123 1073/1523/1101
f 1065/1515/1097 1073/1523/1101 1096/1546/1120
f 1074/1524/1102 1100/1550/1124 1069/1519/1100
f 1074/1524/1102 1101/1551/1125 1100/1550/1124
f 1074/1524/1102 1094/1544/1118 1101/1551/1125
f 1043/1493/1075 1052/1501/1083 1102/1552/1126
f 1043/1493/1075 1102/1552/1126 1097/1547/1121
f 1082/1532/1109 1097/1547/1121 1103/1553/1127
f 1082/1532/1109 1103/1553/1127 1083/1533/1110
f 1084/1534/1111 1077/1527/1105 1104/1554/1128
f 1084/1534/1111 1104/1554/1128 1098/1548/1122
f 1098/1548/1122 1104/1554/1128 1105/1555/1129
f 1073/1523/1101 1099/1549/1123 1096/1546/1120
f 1069/1519/1100 1100/1550/1124 1106/1556/1130
f 1069/1519/1100 1106/1556/1130 1061/1511/1093
f 1052/1501/1083 1107/1557/1131 1102/1552/1126
f 1052/1501/1083 1061/1511/1093 1107/1557/1131
f 1102/1552/1126 1108/1558/1132 1097/1547/1121
f 1102/1552/1126 1107/1557/1131 1109/1559/1133
f 1102/1552/1126 1109/1559/1133 1108/1558/1132
f 1077/1527/1105 1067/1517/1099 1110/1560/1134
f 1077/1527/1105 1110/1560/1134 1104/1554/1128
f 1104/1554/1128 1110/1560/1134 1111/1561/1135
f 1104/1554/1128 1111/1561/1135 1105/1555/1129
f 1096/1546/1120 1112/1562/1136 1095/1545/1119
f 1096/1546/1120 1099/1549/1123 1112/1562/1136
f 1061/1511/1093 1106/1556/1130 1107/1557/1131
f 1107/1557/1131 1113/1563/1137 1109/1559/1133
f 1107/1557/1131 1106/1556/1130 1113/1563/1137
f 1097/1547/1121 1108/1558/1132 1103/1553/1127
f 1109/1559/1133 1113/1563/1137 1114/1564/1138
f 1109/1559/1133 1114/1564/1138 1115/1565/1139
f 1109/1559/1133 1115/1565/1139 1108/1558/1132
f 1067/1517/1099 1076/1526/1104 1110/1560/1134
f 1110/1560/1134 1076/1526/1104 1116/1566/1140
f 1110/1560/1134 1116/1566/1140 1111/1561/1135
f 1111/1561/1135 1116/1566/1140 1117/1567/1141
f 1095/1545/1119 1118/1568/1142 1119/1569/1143
f 1095/1545/1119 1112/1562/1136 1118/1568/1142
f 1095/1545/1119 1119/1569/1143 1088/1538/1114
f 1099/1549/1123 1120/1570/1144 1112/1562/1136
f 1099/1549/1123 1093/1543/1117 1120/1570/1144
f 1076/1526/1104 1083/1533/1110 1116/1566/1140
f 1116/1566/1140 1083/1533/1110 1121/1571/1145
f 1116/1566/1140 1121/1571/1145 1117/1567/1141
f 1117/1567/1141 1121/1571/1145 1122/1572/1146
f 1088/1538/1114 1119/1569/1143 1094/1544/1118
f 1119/1569/1143 1124/1573/1147 1125/1574/1148
f 1119/1569/1143 1125/1574/1148 1094/1544/1118
f 1119/1569/1143 1118/1568/1142 1124/1573/1147
f 1112/1562/1136 1126/1575/1149 1118/1568/1142
f 1112/1562/1136 1120/1570/1144 1126/1575/1149
f 1093/1543/1117 1092/1542/1069 1120/1570/1144
f 1120/1570/1144 1127/1576/91 1126/1575/1149
f 1120/1570/1144 1092/1542/1069 1127/1576/91
f 1083/1533/1110 1103/1553/1127 1121/1571/1145
f 1121/1571/1145 1103/1553/1127 1128/1577/1150
f 1121/1571/1145 1128/1577/1150 1122/1572/1146
f 1122/1572/1146 1128/1577/1150 1129/1578/1151
f 1122/1572/1146 1129/1578/1151 1123/1579/1152
f 1123/1579/1152 1129/1578/1151 1130/1580/1153
f 1094/1544/1118 1125/1574/1148 1101/1551/1125
f 1125/1574/1148 1131/1581/1154 1101/1551/1125
f 1125/1574/1148 1132/1582/1155 1131/1581/1154
f 1125/1574/1148 1124/1573/1147 1132/1582/1155
f 1127/1576/91 1133/1583/1082 1126/1575/1149
f 1126/1575/1149 1134/1584/1156 1118/1568/1142
f 1126/1575/1149 1133/1583/1082 1134/1584/1156
f 1103/1553/1127 1108/1558/1132 1128/1577/1150
f 1128/1577/1150 1108/1558/1132 1115/1565/1139
f 1128/1577/1150 1115/1565/1139 1129/1578/1151
f 1129/1578/1151 1115/1565/1139 1135/1585/1157
f 1129/1578/1151 1135/1585/1157 1130/1580/1153
f 1130/1580/1153 1135/1585/1157 1136/1586/1158
f 1101/1551/1125 1137/1587/1159 1100/1550/1124
f 1101/1551/1125 1131/1581/1154 1137/1587/1159
f 1133/1583/1082 1138/1588/1092 1134/1584/1156
f 1134/1584/1156 1139/1589/1160 1124/1573/1147
f 1134/1584/1156 1138/1588/1092 1139/1589/1160
f 1134/1584/1156 1124/1573/1147 1118/1568/1142
f 1115/1565/1139 1114/1564/1138 1135/1585/1157
f 1135/1585/1157 1114/1564/1138 1140/1590/1161
f 1135/1585/1157 1140/1590/1161 1136/1586/1158
f 1136/1586/1158 1140/1590/1161 1142/1591/1162
f 1136/1586/1158 1142/1591/1162 1141/1592/1163
f 1100/1550/1124 1143/1593/1164 1106/1556/1130
f 1100/1550/1124 1137/1587/1159 1143/1593/1164
f 1138/1588/1092 1144/1594/501 1139/1589/1160
f 1139/1589/1160 1132/1582/1155 1124/1573/1147
f 1139/1589/1160 1145/1595/1165 1132/1582/1155
f 1139/1589/1160 1144/1594/501 1145/1595/1165
f 1114/1564/1138 1113/1563/1137 1146/1596/1166
f 1114/1564/1138 1146/1596/1166 1140/1590/1161
f 1140/1590/1161 1146/1596/1166 1147/1597/1167
f 1140/1590/1161 1147/1597/1167 1142/1591/1162
f 1142/1591/1162 1147/1597/1167 1148/1598/1168
f 1106/1556/1130 1143/1593/1164 1113/1563/1137
f 1143/1593/1164 1146/1596/1166 1113/1563/1137
f 1143/1593/1164 1149/1599/1169 1146/1596/1166
f 1143/1593/1164 1137/1587/1159 1149/1599/1169
f 1144/1594/501 1150/1600/1106 1145/1595/1165
f 1132/1582/1155 1151/1601/1170 1131/1581/1154
f 1132/1582/1155 1145/1595/1165 1151/1601/1170
f 1145/1595/1165 1152/1602/1171 1151/1601/1170
f 1145/1595/1165 1150/1600/1106 1152/1602/1171
f 1146/1596/1166 1149/1599/1169 1147/1597/1167
f 1147/1597/1167 1149/1599/1169 1153/1603/1172
f 1147/1597/1167 1153/1603/1172 1148/1598/1168
f 1148/1598/1168 1153/1603/1172 1154/1604/1173
f 1149/1599/1169 1137/1587/1159 1155/1605/1174
f 1149/1599/1169 1155/1605/1174 1153/1603/1172
f 1137/1587/1159 1131/1581/1154 1155/1605/1174
f 1150/1600/1106 1156/1606/1112 1152/1602/1171
f 1151/1601/1170 1155/1605/1174 1131/1581/1154
f 1151/1601/1170 1157/1607/1175 1155/1605/1174
f 1151/1601/1170 1152/1602/1171 1157/1607/1175
f 1152/1602/1171 1158/1608/1176 1157/1607/1175
f 1152/1602/1171 1156/1606/1112 1158/1608/1176
f 1153/1603/1172 1155/1605/1174 1157/1607/1175
f 1153/1603/1172 1157/1607/1175 1154/1604/1173
f 1154/1604/1173 1157/1607/1175 1158/1608/1176
f 1159/1609/1177 1160/1610/1178 1161/1611/1179
f 1160/1610/1178 1162/1612/1180 1163/1613/1181
f 1160/1610/1178 1163/1613/1181 1164/1614/1182
f 1160/1610/1178 1165/1615/1183 1166/1616/1184
f 1160/1610/1178 1164/1614/1182 1165/1615/1183
f 1160/1610/1178 1166/1616/1184 1161/1611/1179
f 1161/1611/1179 1166/1616/1184 1167/1617/1185
f 1163/1613/1181 1162/1612/1180 1168/1618/1186
f 1163/1613/1181 1168/1618/1186 1164/1614/1182
f 1162/1612/1180 1169/1619/1187 1170/1620/1188
f 1162/1612/1180 1170/1620/1188 1171/1621/1189
f 1162/1612/1180 1172/1622/1190 1168/1618/1186
f 1162/1612/1180 1171/1621/1189 1172/1622/1190
f 1164/1614/1182 1168/1618/1186 1173/1623/1182
f 1164/1614/1182 1173/1623/1182 1174/1624/1191
f 1164/1614/1182 1174/1624/1191 1165/1615/1183
f 1165/1615/1183 1175/1625/1192 1166/1616/1184
f 1165/1615/1183 1174/1624/1191 1175/1625/1192
f 1166/1616/1184 1175/1625/1192 1167/1617/1185
f 1167/1617/1185 1175/1625/1192 1176/1626/1193
f 1167/1617/1185 1176/1626/1193 1177/1627/1194
f 1168/1618/1186 1172/1622/1190 1173/1623/1182
f 1170/1620/1188 1169/1619/1187 1178/1628/1195
f 1170/1620/1188 1178/1628/1195 1171/1621/1189
f 1171/1621/1189 1178/1628/1195 1179/1629/1189
f 1171/1621/1189 1179/1629/1189 1180/1630/1196
f 1171/1621/1189 1180/1630/1196 1172/1622/1190
f 1172/1622/1190 1180/1630/1196 1173/1623/1182
f 1173/1623/1182 1180/1630/1196 1174/1624/1191
f 1174/1624/1191 1181/1631/60 1176/1626/1193
f 1174/1624/1191 1180/1630/1196 1181/1631/60
f 1174/1624/1191 1176/1626/1193 1175/1625/1192
f 1176/1626/1193 1181/1631/60 1182/1632/1197
f 1176/1626/1193 1182/1632/1197 1183/1633/1198
f 1176/1626/1193 1183/1633/1198 1177/1627/1194
f 1177/1627/1194 1183/1633/1198 1184/1634/1199
f 1178/1628/1195 1169/1619/1187 1185/1635/1200
f 1178/1628/1195 1185/1635/1200 1179/1629/1189
f 1179/1629/1189 1186/1636/1201 1180/1630/1196
f 1179/1629/1189 1185/1635/1200 1186/1636/1201
f 1180/1630/1196 1186/1636/1201 1181/1631/60
f 1181/1631/60 1186/1636/1201 1187/1637/1202
f 1181/1631/60 1187/1637/1202 1182/1632/1197
f 1182/1632/1197 1187/1637/1202 1188/1638/1203
f 1182/1632/1197 1188/1638/1203 1189/1639/1204
f 1182/1632/1197 1189/1639/1204 1190/1640/1198
f 1182/1632/1197 1190/1640/1198 1183/1633/1198
f 1183/1633/1198 1190/1640/1198 1184/1634/1199
f 1184/1634/1199 1190/1640/1198 1191/1641/1205
f 1169/1619/1187 1193/1642/1206 1185/1635/1200
f 1169/1619/1187 1194/1643/1207 1193/1642/1206
f 1169/1619/1187 1195/1644/1208 1194/1643/1207
f 1185/1635/1200 1193/1642/1206 1186/1636/1201
f 1186/1636/1201 1193/1642/1206 1196/1645/1206
f 1186/1636/1201 1196/1645/1206 1187/1637/1202
f 1187/1637/1202 1196/1645/1206 1197/1646/1209
f 1187/1637/1202 1197/1646/1209 1198/1647/1203
f 1187/1637/1202 1198/1647/1203 1188/1638/1203
f 1188/1638/1203 1198/1647/1203 1199/1648/1210
f 1188/1638/1203 1199/1648/1210 1189/1639/1204
f 1189/1639/1204 1199/1648/1210 1192/1649/1211
f 1189/1639/1204 1192/1649/1211 1190/1640/1198
f 1190/1640/1198 1192/1649/1211 1191/1641/1205
f 1192/1649/1211 1200/1650/1212 1195/1644/1208
f 1192/1649/1211 1199/1648/1210 1200/1650/1212
f 1193/1642/1206 1201/1651/1213 1196/1645/1206
f 1193/1642/1206 1194/1643/1207 1201/1651/1213
f 1194/1643/1207 1195/1644/1208 1201/1651/1213
f 1195/1644/1208 1197/1646/1209 1201/1651/1213
f 1195/1644/1208 1198/1647/1203 1197/1646/1209
f 1195/1644/1208 1200/1650/1212 1198/1647/1203
f 1196/1645/1206 1201/1651/1213 1197/1646/1209
f 1198/1647/1203 1200/1650/1212 1199/1648/1210
f 1205/1652/1214 1207/1653/1178 1208/1654/1215
f 1205/1652/1214 1208/1654/1215 1209/1655/1216
f 1205/1652/1214 1210/1656/1217 1211/1657/1218
f 1205/1652/1214 1209/1655/1216 1210/1656/1217
f 1205/1652/1214 1211/1657/1218 1206/1658/1219
f 1206/1658/1219 1211/1657/1218 1212/1659/1220
f 1206/1658/1219 1212/1659/1220 1213/401/1221
f 1208/1654/1215 1207/1653/1178 1214/1660/1222
f 1208/1654/1215 1214/1660/1222 1209/1655/1216
f 1207/1653/1178 1215/402/1223 1216/1661/1224
f 1207/1653/1178 1216/1661/1224 1217/1662/1225
f 1207/1653/1178 1218/1663/1226 1214/1660/1222
f 1207/1653/1178 1217/1662/1225 1218/1663/1226
f 1209/1655/1216 1214/1660/1222 1219/1664/1216
f 1209/1655/1216 1219/1664/1216 1220/1665/1227
f 1209/1655/1216 1220/1665/1227 1210/1656/1217
f 1210/1656/1217 1221/1666/1220 1211/1657/1218
f 1210/1656/1217 1220/1665/1227 1221/1666/1220
f 1211/1657/1218 1221/1666/1220 1212/1659/1220
f 1212/1659/1220 1221/1666/1220 1222/1667/1228
f 1212/1659/1220 1222/1667/1228 1223/1668/1229
f 1212/1659/1220 1223/1668/1229 1213/401/1221
f 1214/1660/1222 1218/1663/1226 1219/1664/1216
f 1216/1661/1224 1215/402/1223 1224/1669/1184
f 1216/1661/1224 1224/1669/1184 1217/1662/1225
f 1217/1662/1225 1224/1669/1184 1225/1670/1225
f 1217/1662/1225 1225/1670/1225 1226/1671/1230
f 1217/1662/1225 1226/1671/1230 1218/1663/1226
f 1218/1663/1226 1226/1671/1230 1219/1664/1216
f 1219/1664/1216 1226/1671/1230 1220/1665/1227
f 1220/1665/1227 1227/1672/1 1222/1667/1228
f 1220/1665/1227 1226/1671/1230 1227/1672/1
f 1220/1665/1227 1222/1667/1228 1221/1666/1220
f 1222/1667/1228 1227/1672/1 1228/1673/1231
f 1222/1667/1228 1228/1673/1231 1229/1674/1232
f 1222/1667/1228 1229/1674/1232 1223/1668/1229
f 1224/1669/1184 1215/402/1223 1231/1675/1233
f 1224/1669/1184 1231/1675/1233 1225/1670/1225
f 1225/1670/1225 1232/1676/1234 1226/1671/1230
f 1225/1670/1225 1231/1675/1233 1232/1676/1234
f 1226/1671/1230 1232/1676/1234 1227/1672/1
f 1227/1672/1 1232/1676/1234 1233/1677/1235
f 1227/1672/1 1233/1677/1235 1228/1673/1231
f 1228/1673/1231 1233/1677/1235 1234/1678/1236
f 1228/1673/1231 1234/1678/1236 1235/1679/1237
f 1228/1673/1231 1235/1679/1237 1230/1680/1232
f 1228/1673/1231 1230/1680/1232 1229/1674/1232
f 1215/402/1223 1236/1681/1238 1231/1675/1233
f 1215/402/1223 1237/404/1239 1236/1681/1238
f 1231/1675/1233 1236/1681/1238 1232/1676/1234
f 1232/1676/1234 1236/1681/1238 1238/1682/1238
f 1232/1676/1234 1238/1682/1238 1233/1677/1235
f 1233/1677/1235 1238/1682/1238 1239/1683/1240
f 1233/1677/1235 1239/1683/1240 1240/1684/1236
f 1233/1677/1235 1240/1684/1236 1234/1678/1236
f 1234/1678/1236 1240/1684/1236 1241/1685/1241
f 1234/1678/1236 1241/1685/1241 1235/1679/1237
f 1236/1681/1238 1243/405/1199 1238/1682/1238
f 1236/1681/1238 1237/404/1239 1243/405/1199
f 1238/1682/1238 1243/405/1199 1239/1683/1240
f 1240/1684/1236 1242/1686/1242 1241/1685/1241
f 1245/1687/1122 1247/1688/1029 1246/1689/1025
f 1245/1687/1122 1248/1690/1129 1247/1688/1029
f 1246/1689/1025 1249/1691/1026 1250/1692/1027
f 1246/1689/1025 1251/1693/1028 1249/1691/1026
f 1246/1689/1025 1247/1688/1029 1251/1693/1028
f 1247/1688/1029 1252/1694/1030 1253/1695/1031
f 1247/1688/1029 1253/1695/1031 1251/1693/1028
f 1247/1688/1029 1248/1690/1129 1252/1694/1030
f 1249/1691/1026 1251/1693/1028 1254/1696/1032
f 1249/1691/1026 1254/1696/1032 1255/1697/1033
f 1249/1691/1026 1255/1697/1033 1256/1698/1034
f 1249/1691/1026 1256/1698/1034 1250/1692/1027
f 1250/1692/1027 1256/1698/1034 1257/1699/1035
f 1251/1693/1028 1253/1695/1031 1258/1700/1036
f 1251/1693/1028 1258/1700/1036 1254/1696/1032
f 1252/1694/1030 1259/1701/1037 1253/1695/1031
f 1252/1694/1030 1260/1702/1038 1259/1701/1037
f 1253/1695/1031 1259/1701/1037 1261/1703/1040
f 1253/1695/1031 1261/1703/1040 1258/1700/1036
f 1254/1696/1032 1258/1700/1036 1263/1704/1042
f 1254/1696/1032 1263/1704/1042 1264/1705/1043
f 1254/1696/1032 1264/1705/1043 1255/1697/1033
f 1255/1697/1033 1264/1705/1043 1265/1706/1044
f 1255/1697/1033 1265/1706/1044 1266/1707/1045
f 1255/1697/1033 1266/1707/1045 1256/1698/1034
f 1256/1698/1034 1266/1707/1045 1267/1708/1046
f 1256/1698/1034 1267/1708/1046 1257/1699/1035
f 1258/1700/1036 1268/1709/1047 1263/1704/1042
f 1258/1700/1036 1261/1703/1040 1268/1709/1047
f 1259/1701/1037 1269/1710/1048 1270/1711/1049
f 1259/1701/1037 1270/1711/1049 1261/1703/1040
f 1259/1701/1037 1260/1702/1038 1269/1710/1048
f 1260/1702/1038 1271/1712/1050 1269/1710/1048
f 1260/1702/1038 1262/1713/1041 1271/1712/1050
f 1261/1703/1040 1270/1711/1049 1272/1714/1051
f 1261/1703/1040 1272/1714/1051 1268/1709/1047
f 1264/1705/1043 1273/1715/1052 1265/1706/1044
f 1264/1705/1043 1274/1716/1053 1273/1715/1052
f 1264/1705/1043 1263/1704/1042 1274/1716/1053
f 1266/1707/1045 1265/1706/1044 1275/1717/1054
f 1266/1707/1045 1275/1717/1054 1276/1718/453
f 1266/1707/1045 1276/1718/453 1267/1708/1046
f 1268/1709/1047 1277/1719/1055 1278/1720/1056
f 1268/1709/1047 1278/1720/1056 1263/1704/1042
f 1268/1709/1047 1272/1714/1051 1277/1719/1055
f 1271/1712/1050 1279/1721/1058 1269/1710/1048
f 1274/1716/1053 1280/1722/1059 1273/1715/1052
f 1274/1716/1053 1281/1723/1060 1280/1722/1059
f 1274/1716/1053 1278/1720/1056 1281/1723/1060
f 1274/1716/1053 1263/1704/1042 1278/1720/1056
f 1276/1718/453 1275/1717/1054 1282/1724/1061
f 1275/1717/1054 1265/1706/1044 1283/1725/1062
f 1275/1717/1054 1283/1725/1062 1284/1726/1063
f 1275/1717/1054 1284/1726/1063 1282/1724/1061
f 1278/1720/1056 1285/1727/1064 1281/1723/1060
f 1278/1720/1056 1277/1719/1055 1285/1727/1064
f 1279/1721/1058 1287/1728/1067 1288/1729/1068
f 1279/1721/1058 1286/1730/1243 1287/1728/1067
f 1279/1721/1058 1288/1729/1068 1269/1710/1048
f 1282/1724/1061 1284/1726/1063 1289/1731/1069
f 1265/1706/1044 1273/1715/1052 1283/1725/1062
f 1283/1725/1062 1273/1715/1052 1290/1732/1070
f 1283/1725/1062 1290/1732/1070 1291/1733/1071
f 1283/1725/1062 1291/1733/1071 1284/1726/1063
f 1284/1726/1063 1291/1733/1071 1292/1734/1072
f 1284/1726/1063 1292/1734/1072 1289/1731/1069
f 1286/1730/1243 1293/1735/1073 1287/1728/1067
f 1286/1730/1243 1294/1736/1074 1293/1735/1073
f 1269/1710/1048 1288/1729/1068 1270/1711/1049
f 1289/1731/1069 1292/1734/1072 1295/1737/91
f 1273/1715/1052 1280/1722/1059 1290/1732/1070
f 1290/1732/1070 1280/1722/1059 1296/1738/1075
f 1290/1732/1070 1296/1738/1075 1297/1739/1076
f 1290/1732/1070 1297/1739/1076 1291/1733/1071
f 1291/1733/1071 1297/1739/1076 1298/1740/1077
f 1291/1733/1071 1298/1740/1077 1292/1734/1072
f 1292/1734/1072 1298/1740/1077 1299/1741/1078
f 1292/1734/1072 1299/1741/1078 1295/1737/91
f 1294/1736/1074 1300/1742/1079 1293/1735/1073
f 1294/1736/1074 1301/1743/1080 1300/1742/1079
f 1270/1711/1049 1288/1729/1068 1303/1744/1081
f 1270/1711/1049 1303/1744/1081 1272/1714/1051
f 1295/1737/91 1299/1741/1078 1304/1745/1082
f 1280/1722/1059 1305/1746/1083 1296/1738/1075
f 1280/1722/1059 1281/1723/1060 1305/1746/1083
f 1299/1741/1078 1298/1740/1077 1306/1747/1084
f 1299/1741/1078 1306/1747/1084 1307/1748/1085
f 1299/1741/1078 1307/1748/1085 1304/1745/1082
f 1301/1743/1080 1308/1749/1086 1300/1742/1079
f 1301/1743/1080 1309/1750/1087 1308/1749/1086
f 1301/1743/1080 1302/1751/1088 1309/1750/1087
f 1302/1751/1088 1310/1752/1089 1309/1750/1087
f 1288/1729/1068 1311/1753/1090 1303/1744/1081
f 1288/1729/1068 1287/1728/1067 1311/1753/1090
f 1272/1714/1051 1303/1744/1081 1312/1754/1091
f 1272/1714/1051 1312/1754/1091 1277/1719/1055
f 1304/1745/1082 1307/1748/1085 1313/1755/1092
f 1281/1723/1060 1314/1756/1093 1305/1746/1083
f 1281/1723/1060 1285/1727/1064 1314/1756/1093
f 1309/1750/1087 1315/1757/1094 1308/1749/1086
f 1309/1750/1087 1316/1758/1095 1315/1757/1094
f 1309/1750/1087 1310/1752/1089 1316/1758/1095
f 1310/1752/1089 1317/1759/1096 1316/1758/1095
f 1287/1728/1067 1318/1760/1097 1311/1753/1090
f 1287/1728/1067 1293/1735/1073 1318/1760/1097
f 1277/1719/1055 1319/1761/1098 1285/1727/1064
f 1277/1719/1055 1312/1754/1091 1319/1761/1098
f 1313/1755/1092 1307/1748/1085 1320/1762/1099
f 1313/1755/1092 1320/1762/1099 1321/1763/501
f 1285/1727/1064 1322/1764/1100 1314/1756/1093
f 1285/1727/1064 1319/1761/1098 1322/1764/1100
f 1316/1758/1095 1323/1765/1046 1315/1757/1094
f 1316/1758/1095 1324/1766/1035 1323/1765/1046
f 1316/1758/1095 1317/1759/1096 1324/1766/1035
f 1293/1735/1073 1325/1767/1101 1318/1760/1097
f 1293/1735/1073 1300/1742/1079 1325/1767/1101
f 1319/1761/1098 1326/1768/1102 1322/1764/1100
f 1319/1761/1098 1327/1769/1244 1326/1768/1102
f 1319/1761/1098 1312/1754/1091 1327/1769/1244
f 1307/1748/1085 1306/1747/1084 1328/1770/1104
f 1307/1748/1085 1328/1770/1104 1320/1762/1099
f 1321/1763/501 1320/1762/1099 1329/1771/1105
f 1321/1763/501 1329/1771/1105 1330/1772/1106
f 1323/1765/1046 1331/1773/453 1315/1757/1094
f 1300/1742/1079 1332/1774/1107 1325/1767/1101
f 1300/1742/1079 1308/1749/1086 1332/1774/1107
f 1312/1754/1091 1333/1775/1108 1327/1769/1244
f 1312/1754/1091 1303/1744/1081 1333/1775/1108
f 1306/1747/1084 1334/1776/1109 1335/1777/1110
f 1306/1747/1084 1298/1740/1077 1334/1776/1109
f 1306/1747/1084 1335/1777/1110 1328/1770/1104
f 1330/1772/1106 1329/1771/1105 1336/1778/1111
f 1330/1772/1106 1336/1778/1111 1337/1779/1112
f 1331/1773/453 1338/1780/1061 1339/1781/1245
f 1331/1773/453 1339/1781/1245 1315/1757/1094
f 1315/1757/1094 1339/1781/1245 1308/1749/1086
f 1308/1749/1086 1339/1781/1245 1332/1774/1107
f 1303/1744/1081 1311/1753/1090 1333/1775/1108
f 1333/1775/1108 1340/1782/1114 1327/1769/1244
f 1333/1775/1108 1311/1753/1090 1341/1783/1115
f 1333/1775/1108 1341/1783/1115 1340/1782/1114
f 1298/1740/1077 1297/1739/1076 1334/1776/1109
f 1337/1779/1112 1336/1778/1111 1342/1784/1116
f 1337/1779/1112 1342/1784/1116 1343/1785/496
f 1338/1780/1061 1344/1786/1069 1345/1787/1117
f 1338/1780/1061 1345/1787/1117 1339/1781/1245
f 1339/1781/1245 1345/1787/1117 1332/1774/1107
f 1311/1753/1090 1318/1760/1097 1341/1783/1115
f 1327/1769/1244 1346/1788/1118 1326/1768/1102
f 1327/1769/1244 1340/1782/1114 1346/1788/1118
f 1341/1783/1115 1347/1789/1119 1340/1782/1114
f 1341/1783/1115 1318/1760/1097 1348/1790/1120
f 1341/1783/1115 1348/1790/1120 1347/1789/1119
f 1297/1739/1076 1296/1738/1075 1349/1791/1121
f 1297/1739/1076 1349/1791/1121 1334/1776/1109
f 1332/1774/1107 1345/1787/1117 1350/1792/1123
f 1332/1774/1107 1350/1792/1123 1325/1767/1101
f 1318/1760/1097 1325/1767/1101 1348/1790/1120
f 1326/1768/1102 1351/1793/1124 1322/1764/1100
f 1326/1768/1102 1352/1794/1125 1351/1793/1124
f 1326/1768/1102 1346/1788/1118 1352/1794/1125
f 1296/1738/1075 1305/1746/1083 1353/1795/1126
f 1296/1738/1075 1353/1795/1126 1349/1791/1121
f 1334/1776/1109 1349/1791/1121 1354/1796/1127
f 1334/1776/1109 1354/1796/1127 1335/1777/1110
f 1336/1778/1111 1329/1771/1105 1355/1797/1128
f 1325/1767/1101 1350/1792/1123 1348/1790/1120
f 1322/1764/1100 1351/1793/1124 1356/1798/1130
f 1322/1764/1100 1356/1798/1130 1314/1756/1093
f 1305/1746/1083 1357/1799/1131 1353/1795/1126
f 1305/1746/1083 1314/1756/1093 1357/1799/1131
f 1353/1795/1126 1358/1800/1132 1349/1791/1121
f 1353/1795/1126 1357/1799/1131 1359/1801/1133
f 1353/1795/1126 1359/1801/1133 1358/1800/1132
f 1329/1771/1105 1320/1762/1099 1360/1802/1134
f 1329/1771/1105 1360/1802/1134 1355/1797/1128
f 1355/1797/1128 1360/1802/1134 1361/1803/1135
f 1348/1790/1120 1363/1804/1136 1347/1789/1119
f 1348/1790/1120 1350/1792/1123 1363/1804/1136
f 1314/1756/1093 1356/1798/1130 1357/1799/1131
f 1357/1799/1131 1364/1805/1137 1359/1801/1133
f 1357/1799/1131 1356/1798/1130 1364/1805/1137
f 1349/1791/1121 1358/1800/1132 1354/1796/1127
f 1359/1801/1133 1364/1805/1137 1365/1806/1138
f 1359/1801/1133 1365/1806/1138 1366/1807/1139
f 1359/1801/1133 1366/1807/1139 1358/1800/1132
f 1320/1762/1099 1328/1770/1104 1360/1802/1134
f 1360/1802/1134 1328/1770/1104 1367/1808/1140
f 1360/1802/1134 1367/1808/1140 1361/1803/1135
f 1361/1803/1135 1367/1808/1140 1368/1809/1141
f 1361/1803/1135 1368/1809/1141 1362/1810/1039
f 1347/1789/1119 1369/1811/1142 1370/1812/1143
f 1347/1789/1119 1363/1804/1136 1369/1811/1142
f 1347/1789/1119 1370/1812/1143 1340/1782/1114
f 1350/1792/1123 1371/1813/1144 1363/1804/1136
f 1350/1792/1123 1345/1787/1117 1371/1813/1144
f 1328/1770/1104 1335/1777/1110 1367/1808/1140
f 1367/1808/1140 1335/1777/1110 1372/1814/1145
f 1367/1808/1140 1372/1814/1145 1368/1809/1141
f 1368/1809/1141 1372/1814/1145 1373/1815/1146
f 1340/1782/1114 1370/1812/1143 1346/1788/1118
f 1370/1812/1143 1375/1816/1147 1376/1817/1148
f 1370/1812/1143 1376/1817/1148 1346/1788/1118
f 1370/1812/1143 1369/1811/1142 1375/1816/1147
f 1363/1804/1136 1377/1818/1246 1369/1811/1142
f 1363/1804/1136 1371/1813/1144 1377/1818/1246
f 1345/1787/1117 1344/1786/1069 1371/1813/1144
f 1371/1813/1144 1378/1819/91 1377/1818/1246
f 1371/1813/1144 1344/1786/1069 1378/1819/91
f 1335/1777/1110 1354/1796/1127 1372/1814/1145
f 1372/1814/1145 1354/1796/1127 1379/1820/1150
f 1372/1814/1145 1379/1820/1150 1373/1815/1146
f 1373/1815/1146 1379/1820/1150 1380/1821/1151
f 1373/1815/1146 1380/1821/1151 1374/1822/1152
f 1374/1822/1152 1380/1821/1151 1381/1823/1153
f 1374/1822/1152 1381/1823/1153 1382/1824/1057
f 1346/1788/1118 1376/1817/1148 1352/1794/1125
f 1376/1817/1148 1383/1825/1154 1352/1794/1125
f 1376/1817/1148 1384/1826/1155 1383/1825/1154
f 1376/1817/1148 1375/1816/1147 1384/1826/1155
f 1378/1819/91 1385/1827/1082 1377/1818/1246
f 1377/1818/1246 1386/1828/1156 1369/1811/1142
f 1377/1818/1246 1385/1827/1082 1386/1828/1156
f 1354/1796/1127 1358/1800/1132 1379/1820/1150
f 1379/1820/1150 1358/1800/1132 1366/1807/1139
f 1379/1820/1150 1366/1807/1139 1380/1821/1151
f 1380/1821/1151 1366/1807/1139 1387/1829/1157
f 1380/1821/1151 1387/1829/1157 1381/1823/1153
f 1382/1824/1057 1381/1823/1153 1388/1830/1066
f 1381/1823/1153 1387/1829/1157 1389/1831/1247
f 1381/1823/1153 1389/1831/1247 1388/1830/1066
f 1352/1794/1125 1390/1832/1159 1351/1793/1124
f 1352/1794/1125 1383/1825/1154 1390/1832/1159
f 1385/1827/1082 1391/1833/1092 1386/1828/1156
f 1386/1828/1156 1392/1834/1160 1375/1816/1147
f 1386/1828/1156 1391/1833/1092 1392/1834/1160
f 1386/1828/1156 1375/1816/1147 1369/1811/1142
f 1366/1807/1139 1365/1806/1138 1387/1829/1157
f 1387/1829/1157 1365/1806/1138 1393/1835/1161
f 1387/1829/1157 1393/1835/1161 1389/1831/1247
f 1388/1830/1066 1389/1831/1247 1394/1836/1163
f 1389/1831/1247 1393/1835/1161 1395/1837/1162
f 1389/1831/1247 1395/1837/1162 1394/1836/1163
f 1351/1793/1124 1396/1838/1164 1356/1798/1130
f 1351/1793/1124 1390/1832/1159 1396/1838/1164
f 1391/1833/1092 1397/1839/501 1392/1834/1160
f 1392/1834/1160 1384/1826/1155 1375/1816/1147
f 1392/1834/1160 1398/1840/1165 1384/1826/1155
f 1392/1834/1160 1397/1839/501 1398/1840/1165
f 1365/1806/1138 1364/1805/1137 1399/1841/1166
f 1365/1806/1138 1399/1841/1166 1393/1835/1161
f 1393/1835/1161 1399/1841/1166 1400/1842/1167
f 1393/1835/1161 1400/1842/1167 1395/1837/1162
f 1395/1837/1162 1400/1842/1167 1401/1843/1168
f 1356/1798/1130 1396/1838/1164 1364/1805/1137
f 1396/1838/1164 1399/1841/1166 1364/1805/1137
f 1396/1838/1164 1402/1844/1169 1399/1841/1166
f 1396/1838/1164 1390/1832/1159 1402/1844/1169
f 1397/1839/501 1403/1845/1106 1398/1840/1165
f 1384/1826/1155 1404/1846/1170 1383/1825/1154
f 1384/1826/1155 1398/1840/1165 1404/1846/1170
f 1398/1840/1165 1405/1847/1171 1404/1846/1170
f 1398/1840/1165 1403/1845/1106 1405/1847/1171
f 1399/1841/1166 1402/1844/1169 1400/1842/1167
f 1400/1842/1167 1402/1844/1169 1406/1848/1172
f 1400/1842/1167 1406/1848/1172 1401/1843/1168
f 1401/1843/1168 1406/1848/1172 1407/1849/1173
f 1402/1844/1169 1390/1832/1159 1408/1850/1174
f 1402/1844/1169 1408/1850/1174 1406/1848/1172
f 1390/1832/1159 1383/1825/1154 1408/1850/1174
f 1403/1845/1106 1409/1851/1112 1405/1847/1171
f 1404/1846/1170 1408/1850/1174 1383/1825/1154
f 1404/1846/1170 1410/1852/1175 1408/1850/1174
f 1404/1846/1170 1405/1847/1171 1410/1852/1175
f 1405/1847/1171 1411/1853/1176 1410/1852/1175
f 1405/1847/1171 1409/1851/1112 1411/1853/1176
f 1406/1848/1172 1408/1850/1174 1410/1852/1175
f 1406/1848/1172 1410/1852/1175 1407/1849/1173
f 1407/1849/1173 1410/1852/1175 1411/1853/1176
f 1409/1851/1112 1412/1854/496 1411/1853/1176
f 1413/1855/1025 1416/1856/1026 1417/1857/1027
f 1413/1855/1025 1418/1858/1028 1416/1856/1026
f 1413/1855/1025 1414/1859/1029 1418/1858/1028
f 1414/1859/1029 1420/1860/1030 1421/1861/1031
f 1414/1859/1029 1421/1861/1031 1418/1858/1028
f 1414/1859/1029 1415/1862/1129 1420/1860/1030
f 1416/1856/1026 1418/1858/1028 1422/1863/1032
f 1416/1856/1026 1422/1863/1032 1423/1864/1033
f 1416/1856/1026 1423/1864/1033 1424/1865/1034
f 1416/1856/1026 1424/1865/1034 1417/1857/1027
f 1417/1857/1027 1424/1865/1034 1425/1866/1035
f 1417/1857/1027 1425/1866/1035 1419/1867/496
f 1418/1858/1028 1421/1861/1031 1426/1868/1036
f 1418/1858/1028 1426/1868/1036 1422/1863/1032
f 1420/1860/1030 1427/1869/1037 1421/1861/1031
f 1420/1860/1030 1428/1870/1038 1427/1869/1037
f 1421/1861/1031 1427/1869/1037 1429/1871/1040
f 1421/1861/1031 1429/1871/1040 1426/1868/1036
f 1422/1863/1032 1426/1868/1036 1430/1872/1042
f 1422/1863/1032 1430/1872/1042 1431/1873/1043
f 1422/1863/1032 1431/1873/1043 1423/1864/1033
f 1423/1864/1033 1431/1873/1043 1432/1874/1044
f 1423/1864/1033 1432/1874/1044 1433/1875/1045
f 1423/1864/1033 1433/1875/1045 1424/1865/1034
f 1424/1865/1034 1433/1875/1045 1434/1876/1046
f 1424/1865/1034 1434/1876/1046 1425/1866/1035
f 1426/1868/1036 1435/1877/1047 1430/1872/1042
f 1426/1868/1036 1429/1871/1040 1435/1877/1047
f 1427/1869/1037 1436/1878/1048 1437/1879/1049
f 1427/1869/1037 1437/1879/1049 1429/1871/1040
f 1427/1869/1037 1428/1870/1038 1436/1878/1048
f 1428/1870/1038 1438/1880/1050 1436/1878/1048
f 1429/1871/1040 1437/1879/1049 1439/1881/1051
f 1429/1871/1040 1439/1881/1051 1435/1877/1047
f 1431/1873/1043 1441/1882/1052 1432/1874/1044
f 1431/1873/1043 1442/1883/1053 1441/1882/1052
f 1431/1873/1043 1430/1872/1042 1442/1883/1053
f 1433/1875/1045 1432/1874/1044 1443/1884/1054
f 1433/1875/1045 1443/1884/1054 1444/1885/453
f 1433/1875/1045 1444/1885/453 1434/1876/1046
f 1435/1877/1047 1445/1886/1055 1446/1887/1056
f 1435/1877/1047 1446/1887/1056 1430/1872/1042
f 1435/1877/1047 1439/1881/1051 1445/1886/1055
f 1438/1880/1050 1447/1888/1057 1448/1889/1058
f 1438/1880/1050 1448/1889/1058 1436/1878/1048
f 1438/1880/1050 1440/1890/1152 1447/1888/1057
f 1442/1883/1053 1449/1891/1059 1441/1882/1052
f 1442/1883/1053 1450/1892/1060 1449/1891/1059
f 1442/1883/1053 1446/1887/1056 1450/1892/1060
f 1442/1883/1053 1430/1872/1042 1446/1887/1056
f 1444/1885/453 1443/1884/1054 1451/1893/1061
f 1443/1884/1054 1432/1874/1044 1452/1894/1062
f 1443/1884/1054 1452/1894/1062 1453/1895/1063
f 1443/1884/1054 1453/1895/1063 1451/1893/1061
f 1446/1887/1056 1454/1896/1064 1450/1892/1060
f 1446/1887/1056 1445/1886/1055 1454/1896/1064
f 1447/1888/1057 1455/1897/1065 1448/1889/1058
f 1448/1889/1058 1456/1898/1067 1457/1899/1068
f 1448/1889/1058 1455/1897/1065 1456/1898/1067
f 1448/1889/1058 1457/1899/1068 1436/1878/1048
f 1451/1893/1061 1453/1895/1063 1458/1900/1069
f 1432/1874/1044 1441/1882/1052 1452/1894/1062
f 1452/1894/1062 1441/1882/1052 1459/1901/1070
f 1452/1894/1062 1459/1901/1070 1460/1902/1071
f 1452/1894/1062 1460/1902/1071 1453/1895/1063
f 1453/1895/1063 1460/1902/1071 1461/1903/1072
f 1453/1895/1063 1461/1903/1072 1458/1900/1069
f 1455/1897/1065 1462/1904/1073 1456/1898/1067
f 1455/1897/1065 1463/1905/1074 1462/1904/1073
f 1436/1878/1048 1457/1899/1068 1437/1879/1049
f 1458/1900/1069 1461/1903/1072 1464/1906/91
f 1441/1882/1052 1449/1891/1059 1459/1901/1070
f 1459/1901/1070 1449/1891/1059 1465/1907/1075
f 1459/1901/1070 1465/1907/1075 1466/1908/1076
f 1459/1901/1070 1466/1908/1076 1460/1902/1071
f 1460/1902/1071 1466/1908/1076 1467/1909/1077
f 1460/1902/1071 1467/1909/1077 1461/1903/1072
f 1461/1903/1072 1467/1909/1077 1468/1910/1078
f 1461/1903/1072 1468/1910/1078 1464/1906/91
f 1463/1905/1074 1469/1911/1079 1462/1904/1073
f 1463/1905/1074 1470/1912/1080 1469/1911/1079
f 1437/1879/1049 1457/1899/1068 1472/1913/1081
f 1437/1879/1049 1472/1913/1081 1439/1881/1051
f 1464/1906/91 1468/1910/1078 1473/1914/1082
f 1449/1891/1059 1474/1915/1083 1465/1907/1075
f 1449/1891/1059 1450/1892/1060 1474/1915/1083
f 1468/1910/1078 1467/1909/1077 1475/1916/1084
f 1468/1910/1078 1475/1916/1084 1476/1917/1085
f 1468/1910/1078 1476/1917/1085 1473/1914/1082
f 1470/1912/1080 1477/1918/1086 1469/1911/1079
f 1470/1912/1080 1478/1919/1087 1477/1918/1086
f 1470/1912/1080 1471/1920/1088 1478/1919/1087
f 1471/1920/1088 1479/1921/1089 1478/1919/1087
f 1457/1899/1068 1480/1922/1090 1472/1913/1081
f 1457/1899/1068 1456/1898/1067 1480/1922/1090
f 1439/1881/1051 1472/1913/1081 1481/1923/1091
f 1439/1881/1051 1481/1923/1091 1445/1886/1055
f 1473/1914/1082 1476/1917/1085 1482/1924/1092
f 1450/1892/1060 1483/1925/1093 1474/1915/1083
f 1450/1892/1060 1454/1896/1064 1483/1925/1093
f 1478/1919/1087 1484/1926/1094 1477/1918/1086
f 1478/1919/1087 1485/1927/1095 1484/1926/1094
f 1478/1919/1087 1479/1921/1089 1485/1927/1095
f 1479/1921/1089 1486/1928/1096 1485/1927/1095
f 1456/1898/1067 1487/1929/1097 1480/1922/1090
f 1456/1898/1067 1462/1904/1073 1487/1929/1097
f 1445/1886/1055 1488/1930/1098 1454/1896/1064
f 1445/1886/1055 1481/1923/1091 1488/1930/1098
f 1482/1924/1092 1476/1917/1085 1489/1931/1099
f 1482/1924/1092 1489/1931/1099 1490/1932/501
f 1454/1896/1064 1491/1933/1100 1483/1925/1093
f 1454/1896/1064 1488/1930/1098 1491/1933/1100
f 1485/1927/1095 1492/1934/1046 1484/1926/1094
f 1485/1927/1095 1493/1935/1035 1492/1934/1046
f 1485/1927/1095 1486/1928/1096 1493/1935/1035
f 1462/1904/1073 1494/1936/1101 1487/1929/1097
f 1462/1904/1073 1469/1911/1079 1494/1936/1101
f 1488/1930/1098 1495/1937/1102 1491/1933/1100
f 1488/1930/1098 1496/1938/1103 1495/1937/1102
f 1488/1930/1098 1481/1923/1091 1496/1938/1103
f 1476/1917/1085 1475/1916/1084 1497/1939/1104
f 1476/1917/1085 1497/1939/1104 1489/1931/1099
f 1490/1932/501 1489/1931/1099 1498/1940/1105
f 1490/1932/501 1498/1940/1105 1499/1941/1106
f 1492/1934/1046 1500/1942/453 1484/1926/1094
f 1469/1911/1079 1501/1943/1107 1494/1936/1101
f 1469/1911/1079 1477/1918/1086 1501/1943/1107
f 1481/1923/1091 1502/1944/1108 1496/1938/1103
f 1481/1923/1091 1472/1913/1081 1502/1944/1108
f 1475/1916/1084 1503/1945/1109 1504/1946/1110
f 1475/1916/1084 1467/1909/1077 1503/1945/1109
f 1475/1916/1084 1504/1946/1110 1497/1939/1104
f 1499/1941/1106 1498/1940/1105 1505/1947/1111
f 1499/1941/1106 1505/1947/1111 1506/1948/1112
f 1500/1942/453 1507/1949/1061 1508/1950/1113
f 1500/1942/453 1508/1950/1113 1484/1926/1094
f 1484/1926/1094 1508/1950/1113 1477/1918/1086
f 1477/1918/1086 1508/1950/1113 1501/1943/1107
f 1472/1913/1081 1480/1922/1090 1502/1944/1108
f 1502/1944/1108 1509/1951/1114 1496/1938/1103
f 1502/1944/1108 1480/1922/1090 1510/1952/1115
f 1502/1944/1108 1510/1952/1115 1509/1951/1114
f 1467/1909/1077 1466/1908/1076 1503/1945/1109
f 1506/1948/1112 1505/1947/1111 1511/1953/1116
f 1507/1949/1061 1512/1954/1069 1513/1955/1117
f 1507/1949/1061 1513/1955/1117 1508/1950/1113
f 1508/1950/1113 1513/1955/1117 1501/1943/1107
f 1480/1922/1090 1487/1929/1097 1510/1952/1115
f 1496/1938/1103 1514/1956/1118 1495/1937/1102
f 1496/1938/1103 1509/1951/1114 1514/1956/1118
f 1510/1952/1115 1515/1957/1119 1509/1951/1114
f 1510/1952/1115 1487/1929/1097 1516/1958/1120
f 1510/1952/1115 1516/1958/1120 1515/1957/1119
f 1466/1908/1076 1465/1907/1075 1517/1959/1121
f 1466/1908/1076 1517/1959/1121 1503/1945/1109
f 1511/1953/1116 1505/1947/1111 1518/1960/1122
f 1501/1943/1107 1513/1955/1117 1519/1961/1123
f 1501/1943/1107 1519/1961/1123 1494/1936/1101
f 1487/1929/1097 1494/1936/1101 1516/1958/1120
f 1495/1937/1102 1520/1962/1124 1491/1933/1100
f 1495/1937/1102 1521/1963/1125 1520/1962/1124
f 1495/1937/1102 1514/1956/1118 1521/1963/1125
f 1465/1907/1075 1474/1915/1083 1522/1964/1126
f 1465/1907/1075 1522/1964/1126 1517/1959/1121
f 1503/1945/1109 1517/1959/1121 1523/1965/1127
f 1503/1945/1109 1523/1965/1127 1504/1946/1110
f 1505/1947/1111 1498/1940/1105 1524/1966/1128
f 1505/1947/1111 1524/1966/1128 1518/1960/1122
f 1494/1936/1101 1519/1961/1123 1516/1958/1120
f 1491/1933/1100 1520/1962/1124 1525/1967/1130
f 1491/1933/1100 1525/1967/1130 1483/1925/1093
f 1474/1915/1083 1526/1968/1131 1522/1964/1126
f 1474/1915/1083 1483/1925/1093 1526/1968/1131
f 1522/1964/1126 1527/1969/1132 1517/1959/1121
f 1522/1964/1126 1526/1968/1131 1528/1970/1133
f 1522/1964/1126 1528/1970/1133 1527/1969/1132
f 1498/1940/1105 1489/1931/1099 1529/1971/1134
f 1498/1940/1105 1529/1971/1134 1524/1966/1128
f 1524/1966/1128 1529/1971/1134 1530/1972/1135
f 1516/1958/1120 1532/1973/1136 1515/1957/1119
f 1516/1958/1120 1519/1961/1123 1532/1973/1136
f 1483/1925/1093 1525/1967/1130 1526/1968/1131
f 1526/1968/1131 1533/1974/1137 1528/1970/1133
f 1526/1968/1131 1525/1967/1130 1533/1974/1137
f 1517/1959/1121 1527/1969/1132 1523/1965/1127
f 1528/1970/1133 1533/1974/1137 1534/1975/1138
f 1528/1970/1133 1534/1975/1138 1535/1976/1139
f 1528/1970/1133 1535/1976/1139 1527/1969/1132
f 1489/1931/1099 1497/1939/1104 1529/1971/1134
f 1529/1971/1134 1497/1939/1104 1536/1977/1140
f 1529/1971/1134 1536/1977/1140 1530/1972/1135
f 1530/1972/1135 1536/1977/1140 1537/1978/1141
f 1530/1972/1135 1537/1978/1141 1531/1979/1039
f 1531/1979/1039 1537/1978/1141 1538/1980/1041
f 1515/1957/1119 1539/1981/1142 1540/1982/1143
f 1515/1957/1119 1532/1973/1136 1539/1981/1142
f 1515/1957/1119 1540/1982/1143 1509/1951/1114
f 1519/1961/1123 1541/1983/1144 1532/1973/1136
f 1519/1961/1123 1513/1955/1117 1541/1983/1144
f 1497/1939/1104 1504/1946/1110 1536/1977/1140
f 1536/1977/1140 1504/1946/1110 1542/1984/1145
f 1536/1977/1140 1542/1984/1145 1537/1978/1141
f 1537/1978/1141 1542/1984/1145 1543/1985/1146
f 1537/1978/1141 1543/1985/1146 1538/1980/1041
f 1509/1951/1114 1540/1982/1143 1514/1956/1118
f 1540/1982/1143 1544/1986/1147 1545/1987/1148
f 1540/1982/1143 1545/1987/1148 1514/1956/1118
f 1540/1982/1143 1539/1981/1142 1544/1986/1147
f 1532/1973/1136 1546/1988/1149 1539/1981/1142
f 1532/1973/1136 1541/1983/1144 1546/1988/1149
f 1513/1955/1117 1512/1954/1069 1541/1983/1144
f 1541/1983/1144 1547/1989/91 1546/1988/1149
f 1541/1983/1144 1512/1954/1069 1547/1989/91
f 1504/1946/1110 1523/1965/1127 1542/1984/1145
f 1542/1984/1145 1523/1965/1127 1548/1990/1150
f 1542/1984/1145 1548/1990/1150 1543/1985/1146
f 1543/1985/1146 1548/1990/1150 1549/1991/1151
f 1514/1956/1118 1545/1987/1148 1521/1963/1125
f 1545/1987/1148 1551/1992/1154 1521/1963/1125
f 1545/1987/1148 1552/1993/1155 1551/1992/1154
f 1545/1987/1148 1544/1986/1147 1552/1993/1155
f 1547/1989/91 1553/1994/1082 1546/1988/1149
f 1546/1988/1149 1554/1995/1156 1539/1981/1142
f 1546/1988/1149 1553/1994/1082 1554/1995/1156
f 1523/1965/1127 1527/1969/1132 1548/1990/1150
f 1548/1990/1150 1527/1969/1132 1535/1976/1139
f 1548/1990/1150 1535/1976/1139 1549/1991/1151
f 1549/1991/1151 1535/1976/1139 1555/1996/1157
f 1549/1991/1151 1555/1996/1157 1550/1997/1153
f 1550/1997/1153 1555/1996/1157 1557/1998/1247
f 1550/1997/1153 1557/1998/1247 1556/1999/1066
f 1521/1963/1125 1558/2000/1159 1520/1962/1124
f 1521/1963/1125 1551/1992/1154 1558/2000/1159
f 1553/1994/1082 1559/2001/1092 1554/1995/1156
f 1554/1995/1156 1560/2002/1160 1544/1986/1147
f 1554/1995/1156 1559/2001/1092 1560/2002/1160
f 1554/1995/1156 1544/1986/1147 1539/1981/1142
f 1535/1976/1139 1534/1975/1138 1555/1996/1157
f 1555/1996/1157 1534/1975/1138 1561/2003/1161
f 1555/1996/1157 1561/2003/1161 1557/1998/1247
f 1556/1999/1066 1557/1998/1247 1562/2004/1163
f 1557/1998/1247 1561/2003/1161 1563/2005/1162
f 1557/1998/1247 1563/2005/1162 1562/2004/1163
f 1520/1962/1124 1564/2006/1164 1525/1967/1130
f 1520/1962/1124 1558/2000/1159 1564/2006/1164
f 1559/2001/1092 1565/2007/501 1560/2002/1160
f 1560/2002/1160 1552/1993/1155 1544/1986/1147
f 1560/2002/1160 1566/2008/1248 1552/1993/1155
f 1560/2002/1160 1565/2007/501 1566/2008/1248
f 1534/1975/1138 1533/1974/1137 1567/2009/1166
f 1534/1975/1138 1567/2009/1166 1561/2003/1161
f 1561/2003/1161 1567/2009/1166 1568/2010/1167
f 1561/2003/1161 1568/2010/1167 1563/2005/1162
f 1563/2005/1162 1568/2010/1167 1569/2011/1168
f 1525/1967/1130 1564/2006/1164 1533/1974/1137
f 1564/2006/1164 1567/2009/1166 1533/1974/1137
f 1564/2006/1164 1570/2012/1169 1567/2009/1166
f 1564/2006/1164 1558/2000/1159 1570/2012/1169
f 1565/2007/501 1571/2013/1106 1566/2008/1248
f 1552/1993/1155 1572/2014/1170 1551/1992/1154
f 1552/1993/1155 1566/2008/1248 1572/2014/1170
f 1566/2008/1248 1573/2015/1171 1572/2014/1170
f 1566/2008/1248 1571/2013/1106 1573/2015/1171
f 1567/2009/1166 1570/2012/1169 1568/2010/1167
f 1568/2010/1167 1570/2012/1169 1574/2016/1172
f 1568/2010/1167 1574/2016/1172 1569/2011/1168
f 1569/2011/1168 1574/2016/1172 1575/2017/1173
f 1570/2012/1169 1558/2000/1159 1576/2018/1174
f 1570/2012/1169 1576/2018/1174 1574/2016/1172
f 1558/2000/1159 1551/1992/1154 1576/2018/1174
f 1571/2013/1106 1577/2019/1112 1573/2015/1171
f 1572/2014/1170 1576/2018/1174 1551/1992/1154
f 1572/2014/1170 1578/2020/1175 1576/2018/1174
f 1572/2014/1170 1573/2015/1171 1578/2020/1175
f 1573/2015/1171 1579/2021/1176 1578/2020/1175
f 1573/2015/1171 1577/2019/1112 1579/2021/1176
f 1574/2016/1172 1576/2018/1174 1578/2020/1175
f 1574/2016/1172 1578/2020/1175 1575/2017/1173
f 1575/2017/1173 1578/2020/1175 1579/2021/1176
f 1577/2019/1112 1580/2022/496 1579/2021/1176
f 1583/2023/1249 1584/2024/1250 1585/2025/1251
f 1583/2023/1249 1585/2025/1251 1586/2026/1252
f 1583/2023/1249 1586/2026/1252 1587/2027/1253
f 1583/2023/1249 1587/2027/1253 1588/2028/1254
f 1583/2023/1249 1588/2028/1254 1589/2029/1255
f 1584/2024/1250 1590/2030/1256 1591/2031/1257
f 1584/2024/1250 1591/2031/1257 1592/2032/1258
f 1584/2024/1250 1592/2032/1258 1585/2025/1251
f 1585/2025/1251 1592/2032/1258 1586/2026/1252
f 1586/2026/1252 1592/2032/1258 1593/2033/1258
f 1586/2026/1252 1593/2033/1258 1587/2027/1253
f 1587/2027/1253 1593/2033/1258 1594/2034/1259
f 1587/2027/1253 1594/2034/1259 1588/2028/1254
f 1588/2028/1254 1594/2034/1259 1595/2035/1254
f 1588/2028/1254 1595/2035/1254 1596/2036/1260
f 1588/2028/1254 1596/2036/1260 1589/2029/1255
f 1590/2030/1256 1597/2037/1261 1598/2038/1262
f 1590/2030/1256 1598/2038/1262 1599/2039/1263
f 1590/2030/1256 1599/2039/1263 1591/2031/1257
f 1591/2031/1257 1599/2039/1263 1600/2040/1264
f 1591/2031/1257 1600/2040/1264 1592/2032/1258
f 1592/2032/1258 1600/2040/1264 1593/2033/1258
f 1593/2033/1258 1600/2040/1264 1594/2034/1259
f 1594/2034/1259 1600/2040/1264 1601/2041/60
f 1594/2034/1259 1601/2041/60 1602/2042/1265
f 1594/2034/1259 1602/2042/1265 1595/2035/1254
f 1595/2035/1254 1602/2042/1265 1603/2043/1266
f 1595/2035/1254 1603/2043/1266 1596/2036/1260
f 1596/2036/1260 1603/2043/1266 1604/409/1267
f 1597/2037/1261 1605/2044/1268 1598/2038/1262
f 1598/2038/1262 1605/2044/1268 1606/2045/1269
f 1598/2038/1262 1606/2045/1269 1607/2046/1270
f 1598/2038/1262 1607/2046/1270 1599/2039/1263
f 1599/2039/1263 1607/2046/1270 1600/2040/1264
f 1600/2040/1264 1607/2046/1270 1601/2041/60
f 1601/2041/60 1607/2046/1270 1608/2047/1271
f 1601/2041/60 1608/2047/1271 1609/2048/1272
f 1601/2041/60 1609/2048/1272 1602/2042/1265
f 1602/2042/1265 1609/2048/1272 1610/2049/1273
f 1602/2042/1265 1610/2049/1273 1611/2050/1274
f 1602/2042/1265 1611/2050/1274 1603/2043/1266
f 1603/2043/1266 1611/2050/1274 1604/409/1267
f 1604/409/1267 1611/2050/1274 1612/408/1275
f 1605/2044/1268 1613/2051/1276 1614/2052/1277
f 1605/2044/1268 1614/2052/1277 1606/2045/1269
f 1606/2045/1269 1614/2052/1277 1615/2053/1278
f 1606/2045/1269 1615/2053/1278 1607/2046/1270
f 1607/2046/1270 1615/2053/1278 1608/2047/1271
f 1610/2049/1273 1609/2048/1272 1616/2054/1279
f 1610/2049/1273 1616/2054/1279 1617/406/1280
f 1610/2049/1273 1617/406/1280 1611/2050/1274
f 1611/2050/1274 1617/406/1280 1612/408/1275
f 1613/2051/1276 1620/2055/1278 1614/2052/1277
f 1614/2052/1277 1620/2055/1278 1615/2053/1278
f 1615/2053/1278 1620/2055/1278 1608/2047/1271
f 1616/2054/1279 1609/2048/1272 1621/2056/1281
f 1618/2057/1282 1622/2058/1283 1621/2056/1281
f 1618/2057/1282 1621/2056/1281 1623/2059/1281
f 1618/2057/1282 1623/2059/1281 1619/2060/1284
f 1619/2060/1284 1623/2059/1281 1608/2047/1271
f 1619/2060/1284 1608/2047/1271 1620/2055/1278
f 1608/2047/1271 1623/2059/1281 1609/2048/1272
f 1621/2056/1281 1609/2048/1272 1623/2059/1281
f 1624/2061/1285 1625/2062/1286 1626/2063/1287
f 1624/2061/1285 1627/2064/1288 1625/2062/1286
f 1624/2061/1285 1628/2065/1289 1627/2064/1288
f 1624/2061/1285 1629/2066/1289 1628/2065/1289
f 1624/2061/1285 1626/2063/1287 1629/2066/1289
f 1625/2062/1286 1630/2067/1290 1631/2068/1291
f 1625/2062/1286 1632/2069/1292 1630/2067/1290
f 1625/2062/1286 1627/2064/1288 1632/2069/1292
f 1625/2062/1286 1633/2070/1293 1626/2063/1287
f 1626/2063/1287 1633/2070/1293 1629/2066/1289
f 1627/2064/1288 1634/2071/1294 1632/2069/1292
f 1627/2064/1288 1628/2065/1289 1634/2071/1294
f 1628/2065/1289 1635/2072/1295 1634/2071/1294
f 1628/2065/1289 1629/2066/1289 1635/2072/1295
f 1629/2066/1289 1633/2070/1293 1636/2073/1296
f 1629/2066/1289 1636/2073/1296 1635/2072/1295
f 1630/2067/1290 1637/2074/1297 1631/2068/1291
f 1630/2067/1290 1632/2069/1292 1637/2074/1297
f 1631/2068/1291 1637/2074/1297 1639/2075/1298
f 1631/2068/1291 1639/2075/1298 1640/2076/1299
f 1631/2068/1291 1640/2076/1299 1638/2077/1300
f 1632/2069/1292 1641/2078/1292 1637/2074/1297
f 1632/2069/1292 1634/2071/1294 1641/2078/1292
f 1633/2070/1293 1642/2079/1301 1643/2080/1302
f 1633/2070/1293 1643/2080/1302 1636/2073/1296
f 1636/2073/1296 1643/2080/1302 1644/2081/1303
f 1636/2073/1296 1644/2081/1303 1635/2072/1295
f 1637/2074/1297 1641/2078/1292 1639/2075/1298
f 1638/2077/1300 1640/2076/1299 1645/2082/1280
f 1639/2075/1298 1648/2083/1304 1640/2076/1299
f 1639/2075/1298 1641/2078/1292 1648/2083/1304
f 1640/2076/1299 1649/2084/1299 1645/2082/1280
f 1640/2076/1299 1648/2083/1304 1649/2084/1299
f 1641/2078/1292 1634/2071/1294 1648/2083/1304
f 1642/2079/1301 1650/2085/1303 1643/2080/1302
f 1643/2080/1302 1650/2085/1303 1644/2081/1303
f 1644/2081/1303 1650/2085/1303 1653/2086/1305
f 1644/2081/1303 1653/2086/1305 1635/2072/1295
f 1645/2082/1280 1649/2084/1299 1646/2087/1306
f 1646/2087/1306 1654/2088/1307 1647/2089/1308
f 1646/2087/1306 1649/2084/1299 1654/2088/1307
f 1647/2089/1308 1654/2088/1307 1655/2090/1308
f 1649/2084/1299 1648/2083/1304 1654/2088/1307
f 1648/2083/1304 1656/2091/1 1654/2088/1307
f 1648/2083/1304 1634/2071/1294 1656/2091/1
f 1634/2071/1294 1635/2072/1295 1656/2091/1
f 1650/2085/1303 1652/2092/1309 1653/2086/1305
f 1651/411/1310 1657/2093/1311 1658/2094/1311
f 1651/411/1310 1658/2094/1311 1652/2092/1309
f 1652/2092/1309 1658/2094/1311 1653/2086/1305
f 1653/2086/1305 1658/2094/1311 1659/2095/1312
f 1653/2086/1305 1659/2095/1312 1656/2091/1
f 1653/2086/1305 1656/2091/1 1635/2072/1295
f 1654/2088/1307 1659/2095/1312 1655/2090/1308
f 1654/2088/1307 1656/2091/1 1659/2095/1312
f 1655/2090/1308 1659/2095/1312 1660/2096/1313
f 1657/2093/1311 1660/2096/1313 1659/2095/1312
f 1657/2093/1311 1659/2095/1312 1658/2094/1311
f 1668/6/1314 1671/12/1315 1672/9/1316
f 1668/6/1314 1672/9/1316 1669/7/1317
f 1670/8/1318 1674/11/1319 1675/14/1320
f 1681/18/1321 1682/19/1322 1684/21/1323
f 1691/27/1324 1692/28/1325 1695/32/1326
f 1693/30/1327 1697/34/1328 1694/31/1329
f 1699/36/1330 1700/37/1331 1702/39/1332
f 1707/43/1333 1711/47/1334 1708/44/1335
f 1713/49/1336 1714/50/1337 1716/53/1338
f 1725/2097/1339 1726/2098/1340 1727/2099/1341
f 1725/2097/1339 1727/2099/1341 1728/2100/1342
f 1725/2097/1339 1729/2101/1343 1726/2098/1340
f 1725/2097/1339 1728/2100/1342 1729/2101/1343
f 1726/2098/1340 1730/2102/1344 1731/2103/1345
f 1726/2098/1340 1731/2103/1345 1732/2104/1346
f 1726/2098/1340 1729/2101/1343 1730/2102/1344
f 1726/2098/1340 1732/2104/1346 1733/2105/1347
f 1726/2098/1340 1733/2105/1347 1734/2106/1348
f 1726/2098/1340 1734/2106/1348 1727/2099/1341
f 1729/2101/1343 1735/2107/1349 1736/2108/1350
f 1729/2101/1343 1737/2109/1351 1735/2107/1349
f 1729/2101/1343 1736/2108/1350 1730/2102/1344
f 1729/2101/1343 1738/2110/1352 1737/2109/1351
f 1729/2101/1343 1728/2100/1342 1738/2110/1352
f 1730/2102/1344 1736/2108/1350 1731/2103/1345
f 1731/2103/1345 1736/2108/1350 1739/2111/1353
f 1733/2105/1347 1740/2112/1354 1734/2106/1348
f 1733/2105/1347 1741/2113/1355 1740/2112/1354
f 1734/2106/1348 1740/2112/1354 1727/2099/1341
f 1735/2107/1349 1737/2109/1351 1742/2114/1356
f 1735/2107/1349 1742/2114/1356 1736/2108/1350
f 1736/2108/1350 1743/2115/1357 1744/2116/1358
f 1736/2108/1350 1744/2116/1358 1739/2111/1353
f 1736/2108/1350 1742/2114/1356 1743/2115/1357
f 1738/2110/1352 1745/2117/1359 1737/2109/1351
f 1738/2110/1352 1728/2100/1342 1745/2117/1359
f 1741/2113/1355 1746/2118/1360 1740/2112/1354
f 1727/2099/1341 1740/2112/1354 1747/2119/1361
f 1727/2099/1341 1747/2119/1361 1748/2120/1362
f 1727/2099/1341 1748/2120/1362 1749/2121/1363
f 1727/2099/1341 1749/2121/1363 1728/2100/1342
f 1743/2115/1357 1750/2122/1364 1744/2116/1358
f 1743/2115/1357 1742/2114/1356 1750/2122/1364
f 1744/2116/1358 1750/2122/1364 1751/2123/1365
f 1728/2100/1342 1752/2124/1366 1745/2117/1359
f 1728/2100/1342 1753/2125/1367 1752/2124/1366
f 1728/2100/1342 1749/2121/1363 1753/2125/1367
f 1746/2118/1360 1754/2126/1368 1755/2127/1369
f 1746/2118/1360 1756/2128/1370 1754/2126/1368
f 1746/2118/1360 1755/2127/1369 1740/2112/1354
f 1747/2119/1361 1740/2112/1354 1757/2129/1371
f 1747/2119/1361 1757/2129/1371 1748/2120/1362
f 1749/2121/1363 1748/2120/1362 1753/2125/1367
f 1751/2123/1365 1750/2122/1364 1758/2130/1372
f 1752/2124/1366 1759/2131/1373 1745/2117/1359
f 1752/2124/1366 1753/2125/1367 1759/2131/1373
f 1755/2127/1369 1754/2126/1368 1757/2129/1371
f 1755/2127/1369 1757/2129/1371 1740/2112/1354
f 1757/2129/1371 1754/2126/1368 1760/2132/1374
f 1757/2129/1371 1760/2132/1374 1761/2133/1375
f 1757/2129/1371 1761/2133/1375 1762/2134/1376
f 1757/2129/1371 1762/2134/1376 1748/2120/1362
f 1758/2130/1372 1750/2122/1364 1764/2135/1377
f 1758/2130/1372 1764/2135/1377 1763/2136/1378
f 1760/2132/1374 1754/2126/1368 1767/2137/1379
f 1760/2132/1374 1767/2137/1379 1761/2133/1375
f 1762/2134/1376 1761/2133/1375 1768/2138/1380
f 1762/2134/1376 1768/2138/1380 1748/2120/1362
f 1748/2120/1362 1768/2138/1380 1769/2139/1381
f 1748/2120/1362 1769/2139/1381 1753/2125/1367
f 1764/2135/1377 1770/2140/1382 1763/2136/1378
f 1764/2135/1377 1750/2122/1364 1770/2140/1382
f 1750/2122/1364 1771/2141/1383 1770/2140/1382
f 1750/2122/1364 1742/2114/1356 1771/2141/1383
f 1766/2142/1384 1765/2143/1385 1767/2137/1379
f 1766/2142/1384 1767/2137/1379 1754/2126/1368
f 1769/2139/1381 1768/2138/1380 1773/2144/1386
f 1769/2139/1381 1773/2144/1386 1753/2125/1367
f 1753/2125/1367 1774/2145/1387 1759/2131/1373
f 1753/2125/1367 1773/2144/1386 1774/2145/1387
f 1771/2141/1383 1777/2146/1388 1770/2140/1382
f 1771/2141/1383 1742/2114/1356 1777/2146/1388
f 1742/2114/1356 1778/2147/1389 1777/2146/1388
f 1742/2114/1356 1737/2109/1351 1778/2147/1389
f 1774/2145/1387 1779/2148/1390 1759/2131/1373
f 1774/2145/1387 1773/2144/1386 1779/2148/1390
f 1776/2149/1391 1781/2150/1392 1775/2151/1393
f 1776/2149/1391 1763/2136/1378 1781/2150/1392
f 1763/2136/1378 1782/2152/1394 1781/2150/1392
f 1763/2136/1378 1770/2140/1382 1782/2152/1394
f 1778/2147/1389 1783/2153/1395 1777/2146/1388
f 1778/2147/1389 1737/2109/1351 1783/2153/1395
f 1737/2109/1351 1784/2154/1396 1783/2153/1395
f 1737/2109/1351 1745/2117/1359 1784/2154/1396
f 1780/2155/1397 1775/2151/1393 1785/2156/1398
f 1780/2155/1397 1785/2156/1398 1786/2157/1399
f 1782/2152/1394 1787/2158/1400 1781/2150/1392
f 1782/2152/1394 1770/2140/1382 1787/2158/1400
f 1770/2140/1382 1788/2159/1401 1787/2158/1400
f 1770/2140/1382 1777/2146/1388 1788/2159/1401
f 1784/2154/1396 1789/2160/1402 1783/2153/1395
f 1784/2154/1396 1745/2117/1359 1789/2160/1402
f 1745/2117/1359 1790/2161/1403 1789/2160/1402
f 1745/2117/1359 1759/2131/1373 1790/2161/1403
f 1775/2151/1393 1781/2150/1392 1791/2162/1404
f 1775/2151/1393 1791/2162/1404 1792/2163/1405
f 1775/2151/1393 1792/2163/1405 1785/2156/1398
f 1785/2156/1398 1792/2163/1405 1786/2157/1399
f 1788/2159/1401 1793/2164/1406 1787/2158/1400
f 1788/2159/1401 1777/2146/1388 1793/2164/1406
f 1777/2146/1388 1794/2165/1407 1793/2164/1406
f 1777/2146/1388 1783/2153/1395 1794/2165/1407
f 1790/2161/1403 1795/2166/1408 1789/2160/1402
f 1790/2161/1403 1759/2131/1373 1795/2166/1408
f 1759/2131/1373 1796/2167/1409 1795/2166/1408
f 1759/2131/1373 1779/2148/1390 1796/2167/1409
f 1781/2150/1392 1787/2158/1400 1797/2168/1410
f 1781/2150/1392 1797/2168/1410 1798/2169/1411
f 1781/2150/1392 1798/2169/1411 1791/2162/1404
f 1791/2162/1404 1798/2169/1411 1792/2163/1405
f 1794/2165/1407 1802/2170/1412 1793/2164/1406
f 1794/2165/1407 1783/2153/1395 1802/2170/1412
f 1783/2153/1395 1803/2171/1413 1802/2170/1412
f 1783/2153/1395 1789/2160/1402 1803/2171/1413
f 1796/2167/1409 1804/2172/1414 1795/2166/1408
f 1796/2167/1409 1779/2148/1390 1804/2172/1414
f 1797/2168/1410 1787/2158/1400 1805/2173/1415
f 1797/2168/1410 1805/2173/1415 1798/2169/1411
f 1787/2158/1400 1793/2164/1406 1806/2174/1416
f 1787/2158/1400 1806/2174/1416 1805/2173/1415
f 1799/2175/1417 1807/2176/1418 1800/2177/1419
f 1799/2175/1417 1786/2157/1399 1807/2176/1418
f 1786/2157/1399 1792/2163/1405 1808/2178/1420
f 1786/2157/1399 1808/2178/1420 1807/2176/1418
f 1801/2179/1421 1800/2177/1419 1809/2180/1422
f 1803/2171/1413 1810/2181/1423 1802/2170/1412
f 1803/2171/1413 1789/2160/1402 1810/2181/1423
f 1789/2160/1402 1811/2182/1424 1810/2181/1423
f 1789/2160/1402 1795/2166/1408 1811/2182/1424
f 1793/2164/1406 1802/2170/1412 1812/2183/1425
f 1793/2164/1406 1812/2183/1425 1813/2184/1426
f 1793/2164/1406 1813/2184/1426 1806/2174/1416
f 1806/2174/1416 1813/2184/1426 1805/2173/1415
f 1792/2163/1405 1798/2169/1411 1814/2185/1427
f 1792/2163/1405 1814/2185/1427 1815/2186/1428
f 1792/2163/1405 1815/2186/1428 1808/2178/1420
f 1808/2178/1420 1815/2186/1428 1807/2176/1418
f 1809/2180/1422 1800/2177/1419 1816/2187/1429
f 1809/2180/1422 1817/2188/1430 1818/2189/1431
f 1809/2180/1422 1816/2187/1429 1817/2188/1430
f 1811/2182/1424 1819/2190/1432 1810/2181/1423
f 1811/2182/1424 1795/2166/1408 1819/2190/1432
f 1795/2166/1408 1820/2191/1433 1819/2190/1432
f 1795/2166/1408 1804/2172/1414 1820/2191/1433
f 1812/2183/1425 1821/2192/1434 1813/2184/1426
f 1812/2183/1425 1802/2170/1412 1821/2192/1434
f 1814/2185/1427 1798/2169/1411 1822/2193/1435
f 1814/2185/1427 1822/2193/1435 1815/2186/1428
f 1800/2177/1419 1807/2176/1418 1823/2194/1436
f 1800/2177/1419 1823/2194/1436 1824/2195/1437
f 1800/2177/1419 1824/2195/1437 1816/2187/1429
f 1816/2187/1429 1824/2195/1437 1817/2188/1430
f 1818/2189/1431 1817/2188/1430 1825/2196/1438
f 1820/2191/1433 1826/65/1439 1819/2190/1432
f 1820/2191/1433 1804/2172/1414 1826/65/1439
f 1802/2170/1412 1810/2181/1423 1827/2197/1440
f 1802/2170/1412 1827/2197/1440 1821/2192/1434
f 1807/2176/1418 1815/2186/1428 1828/2198/1441
f 1807/2176/1418 1828/2198/1441 1829/2199/1442
f 1807/2176/1418 1829/2199/1442 1823/2194/1436
f 1823/2194/1436 1829/2199/1442 1824/2195/1437
f 1824/2195/1437 1829/2199/1442 1830/2200/1443
f 1824/2195/1437 1830/2200/1443 1831/2201/1444
f 1824/2195/1437 1831/2201/1444 1832/2202/1445
f 1824/2195/1437 1832/2202/1445 1817/2188/1430
f 1810/2181/1423 1833/2203/1446 1827/2197/1440
f 1810/2181/1423 1834/2204/1447 1833/2203/1446
f 1810/2181/1423 1819/2190/1432 1834/2204/1447
f 1827/2197/1440 1833/2203/1446 1821/2192/1434
f 1828/2198/1441 1815/2186/1428 1835/2205/1448
f 1828/2198/1441 1835/2205/1448 1829/2199/1442
f 1815/2186/1428 1822/2193/1435 1836/2206/1449
f 1815/2186/1428 1836/2206/1449 1835/2205/1448
f 1830/2200/1443 1829/2199/1442 1837/2207/1450
f 1830/2200/1443 1837/2207/1450 1831/2201/1444
f 1832/2202/1445 1831/2201/1444 1838/2208/1451
f 1832/2202/1445 1838/2208/1451 1817/2188/1430
f 1817/2188/1430 1839/2209/1452 1825/2196/1438
f 1817/2188/1430 1838/2208/1451 1839/2209/1452
f 1834/2204/1447 1840/64/1453 1833/2203/1446
f 1834/2204/1447 1819/2190/1432 1840/64/1453
f 1819/2190/1432 1841/62/1454 1840/64/1453
f 1819/2190/1432 1826/65/1439 1841/62/1454
f 1836/2206/1449 1822/2193/1435 1842/2210/1455
f 1836/2206/1449 1842/2210/1455 1835/2205/1448
f 1839/2209/1452 1843/2211/1456 1825/2196/1438
f 1839/2209/1452 1838/2208/1451 1843/2211/1456
f 1838/2208/1451 1831/2201/1444 1844/2212/1457
f 1838/2208/1451 1844/2212/1457 1845/2213/1458
f 1838/2208/1451 1846/2214/1459 1843/2211/1456
f 1838/2208/1451 1845/2213/1458 1846/2214/1459
f 1843/2211/1456 1846/2214/1459 1849/2215/1460
f 1843/2211/1456 1849/2215/1460 1850/2216/1461
f 1843/2211/1456 1850/2216/1461 1848/2217/1462
f 1831/2201/1444 1837/2207/1450 1851/2218/1463
f 1831/2201/1444 1851/2218/1463 1852/2219/1464
f 1831/2201/1444 1852/2219/1464 1844/2212/1457
f 1844/2212/1457 1852/2219/1464 1845/2213/1458
f 1846/2214/1459 1845/2213/1458 1849/2215/1460
f 1848/2217/1462 1850/2216/1461 1853/2220/1465
f 1848/2217/1462 1853/2220/1465 1854/2221/1466
f 1850/2216/1461 1849/2215/1460 1853/2220/1465
f 1849/2215/1460 1845/2213/1458 1855/2222/1467
f 1849/2215/1460 1855/2222/1467 1856/2223/1468
f 1849/2215/1460 1856/2223/1468 1857/2224/1469
f 1849/2215/1460 1857/2224/1469 1853/2220/1465
f 1851/2218/1463 1858/2225/1470 1852/2219/1464
f 1851/2218/1463 1837/2207/1450 1858/2225/1470
f 1852/2219/1464 1858/2225/1470 1859/2226/1471
f 1852/2219/1464 1859/2226/1471 1860/2227/1472
f 1852/2219/1464 1860/2227/1472 1861/2228/1473
f 1852/2219/1464 1861/2228/1473 1845/2213/1458
f 1855/2222/1467 1845/2213/1458 1862/2229/1474
f 1855/2222/1467 1862/2229/1474 1856/2223/1468
f 1857/2224/1469 1856/2223/1468 1863/2230/1475
f 1857/2224/1469 1863/2230/1475 1853/2220/1465
f 1859/2226/1471 1864/2231/1476 1860/2227/1472
f 1859/2226/1471 1858/2225/1470 1864/2231/1476
f 1861/2228/1473 1860/2227/1472 1862/2229/1474
f 1861/2228/1473 1862/2229/1474 1845/2213/1458
f 1860/2227/1472 1864/2231/1476 1865/2232/1477
f 1860/2227/1472 1865/2232/1477 1866/2233/1478
f 1860/2227/1472 1866/2233/1478 1867/2234/1479
f 1860/2227/1472 1867/2234/1479 1862/2229/1474
f 1862/2229/1474 1867/2234/1479 1870/2235/1480
f 1862/2229/1474 1870/2235/1480 1871/2236/1481
f 1862/2229/1474 1871/2236/1481 1856/2223/1468
f 1865/2232/1477 1872/2237/1482 1866/2233/1478
f 1865/2232/1477 1864/2231/1476 1872/2237/1482
f 1867/2234/1479 1866/2233/1478 1870/2235/1480
f 1853/2220/1465 1863/2230/1475 1868/2238/1483
f 1868/2238/1483 1863/2230/1475 1869/2239/1484
f 1869/2239/1484 1873/2240/1485 1874/2241/1486
f 1869/2239/1484 1874/2241/1486 1875/2242/1487
f 1869/2239/1484 1863/2230/1475 1873/2240/1485
f 1871/2236/1481 1870/2235/1480 1876/2243/1488
f 1871/2236/1481 1876/2243/1488 1856/2223/1468
f 1856/2223/1468 1876/2243/1488 1877/2244/1489
f 1856/2223/1468 1877/2244/1489 1863/2230/1475
f 1873/2240/1485 1878/2245/1490 1874/2241/1486
f 1873/2240/1485 1863/2230/1475 1878/2245/1490
f 1875/2242/1487 1874/2241/1486 1879/2246/1491
f 1874/2241/1486 1878/2245/1490 1880/2247/1492
f 1874/2241/1486 1880/2247/1492 1881/2248/1493
f 1874/2241/1486 1882/2249/1494 1879/2246/1491
f 1874/2241/1486 1881/2248/1493 1882/2249/1494
f 1863/2230/1475 1877/2244/1489 1878/2245/1490
f 1877/2244/1489 1876/2243/1488 1878/2245/1490
f 1876/2243/1488 1870/2235/1480 1884/2250/1495
f 1876/2243/1488 1884/2250/1495 1885/2251/1496
f 1876/2243/1488 1885/2251/1496 1886/2252/1497
f 1876/2243/1488 1886/2252/1497 1878/2245/1490
f 1878/2245/1490 1886/2252/1497 1887/2253/1498
f 1878/2245/1490 1887/2253/1498 1880/2247/1492
f 1880/2247/1492 1887/2253/1498 1881/2248/1493
f 1882/2249/1494 1881/2248/1493 1888/2254/1499
f 1882/2249/1494 1888/2254/1499 1879/2246/1491
f 1883/2255/1500 1879/2246/1491 1889/2256/1501
f 1879/2246/1491 1890/2257/1502 1889/2256/1501
f 1879/2246/1491 1888/2254/1499 1890/2257/1502
f 1870/2235/1480 1866/2233/1478 1891/2258/1503
f 1870/2235/1480 1891/2258/1503 1892/2259/1504
f 1870/2235/1480 1892/2259/1504 1884/2250/1495
f 1884/2250/1495 1892/2259/1504 1885/2251/1496
f 1886/2252/1497 1885/2251/1496 1887/2253/1498
f 1887/2253/1498 1893/2260/1505 1894/2261/1506
f 1887/2253/1498 1895/2262/1507 1893/2260/1505
f 1887/2253/1498 1885/2251/1496 1895/2262/1507
f 1887/2253/1498 1894/2261/1506 1881/2248/1493
f 1889/2256/1501 1890/2257/1502 1896/2263/1508
f 1889/2256/1501 1896/2263/1508 1897/2264/1509
f 1890/2257/1502 1888/2254/1499 1896/2263/1508
f 1866/2233/1478 1872/2237/1482 1898/2265/1510
f 1866/2233/1478 1898/2265/1510 1899/2266/1511
f 1866/2233/1478 1899/2266/1511 1891/2258/1503
f 1891/2258/1503 1899/2266/1511 1892/2259/1504
f 1894/2261/1506 1893/2260/1505 1900/2267/1512
f 1894/2261/1506 1900/2267/1512 1881/2248/1493
f 1895/2262/1507 1901/2268/1513 1893/2260/1505
f 1895/2262/1507 1885/2251/1496 1901/2268/1513
f 1881/2248/1493 1902/2269/1514 1888/2254/1499
f 1881/2248/1493 1900/2267/1512 1902/2269/1514
f 1898/2265/1510 1872/2237/1482 1903/69/1515
f 1898/2265/1510 1903/69/1515 1899/2266/1511
f 1899/2266/1511 1903/69/1515 1904/66/1516
f 1899/2266/1511 1904/66/1516 1905/68/1517
f 1899/2266/1511 1906/2270/1518 1892/2259/1504
f 1899/2266/1511 1905/68/1517 1906/2270/1518
f 1885/2251/1496 1892/2259/1504 1907/2271/1519
f 1885/2251/1496 1907/2271/1519 1901/2268/1513
f 1902/2269/1514 1900/2267/1512 1908/2272/1520
f 1902/2269/1514 1908/2272/1520 1888/2254/1499
f 1888/2254/1499 1908/2272/1520 1909/2273/1521
f 1888/2254/1499 1909/2273/1521 1896/2263/1508
f 1906/2270/1518 1914/2274/1522 1892/2259/1504
f 1906/2270/1518 1905/68/1517 1914/2274/1522
f 1892/2259/1504 1914/2274/1522 1907/2271/1519
f 1907/2271/1519 1914/2274/1522 1901/2268/1513
f 1909/2273/1521 1908/2272/1520 1915/2275/1523
f 1909/2273/1521 1915/2275/1523 1896/2263/1508
f 1896/2263/1508 1915/2275/1523 1910/2276/1524
f 1910/2276/1524 1915/2275/1523 1911/2277/1525
f 1911/2277/1525 1915/2275/1523 1916/2278/1526
f 1911/2277/1525 1916/2278/1526 1917/2279/1527
f 1911/2277/1525 1918/2280/1528 1919/2281/1529
f 1911/2277/1525 1919/2281/1529 1912/2282/1530
f 1911/2277/1525 1917/2279/1527 1918/2280/1528
f 1914/2274/1522 1905/68/1517 1920/72/1531
f 1914/2274/1522 1920/72/1531 1921/73/1532
f 1914/2274/1522 1922/2283/1533 1901/2268/1513
f 1914/2274/1522 1921/73/1532 1922/2283/1533
f 1901/2268/1513 1922/2283/1533 1923/2284/1534
f 1901/2268/1513 1923/2284/1534 1924/2285/1535
f 1901/2268/1513 1924/2285/1535 1893/2260/1505
f 1916/2278/1526 1925/2286/1536 1917/2279/1527
f 1916/2278/1526 1915/2275/1523 1925/2286/1536
f 1918/2280/1528 1926/2287/1537 1919/2281/1529
f 1918/2280/1528 1917/2279/1527 1926/2287/1537
f 1922/2283/1533 1921/73/1532 1923/2284/1534
f 1924/2285/1535 1923/2284/1534 1929/2288/1538
f 1924/2285/1535 1929/2288/1538 1893/2260/1505
f 1893/2260/1505 1929/2288/1538 1930/2289/1539
f 1893/2260/1505 1930/2289/1539 1900/2267/1512
f 1930/2289/1539 1929/2288/1538 1935/2290/1540
f 1930/2289/1539 1935/2290/1540 1900/2267/1512
f 1900/2267/1512 1935/2290/1540 1936/2291/1541
f 1900/2267/1512 1936/2291/1541 1908/2272/1520
f 1933/76/1516 1939/2292/1542 1931/74/1517
f 1933/76/1516 1932/75/1515 1939/2292/1542
f 1903/69/1515 1872/2237/1482 1941/79/1543
f 1936/2291/1541 1935/2290/1540 1942/2293/1544
f 1936/2291/1541 1942/2293/1544 1908/2272/1520
f 1908/2272/1520 1942/2293/1544 1943/2294/1545
f 1908/2272/1520 1943/2294/1545 1915/2275/1523
f 1938/2295/1546 1944/2296/1547 1937/2297/1548
f 1938/2295/1546 1926/2287/1537 1944/2296/1547
f 1926/2287/1537 1945/2298/1549 1944/2296/1547
f 1926/2287/1537 1917/2279/1527 1945/2298/1549
f 1941/79/1543 1872/2237/1482 1946/80/1550
f 1872/2237/1482 1947/2299/1551 1946/80/1550
f 1872/2237/1482 1864/2231/1476 1947/2299/1551
f 1943/2294/1545 1942/2293/1544 1925/2286/1536
f 1943/2294/1545 1925/2286/1536 1915/2275/1523
f 1945/2298/1549 1950/2300/1552 1944/2296/1547
f 1945/2298/1549 1917/2279/1527 1950/2300/1552
f 1917/2279/1527 1925/2286/1536 1951/2301/1553
f 1917/2279/1527 1951/2301/1553 1950/2300/1552
f 1947/2299/1551 1952/2302/1554 1946/80/1550
f 1947/2299/1551 1864/2231/1476 1952/2302/1554
f 1864/2231/1476 1953/2303/1555 1952/2302/1554
f 1864/2231/1476 1858/2225/1470 1953/2303/1555
f 1925/2286/1536 1942/2293/1544 1954/2304/1556
f 1925/2286/1536 1954/2304/1556 1955/2305/1557
f 1925/2286/1536 1955/2305/1557 1951/2301/1553
f 1948/2306/1558 1937/2297/1548 1956/2307/1559
f 1948/2306/1558 1956/2307/1559 1949/2308/1560
f 1951/2301/1553 1955/2305/1557 1950/2300/1552
f 1953/2303/1555 1957/2309/1561 1952/2302/1554
f 1953/2303/1555 1858/2225/1470 1957/2309/1561
f 1858/2225/1470 1958/2310/1562 1957/2309/1561
f 1858/2225/1470 1837/2207/1450 1958/2310/1562
f 1942/2293/1544 1959/2311/1563 1954/2304/1556
f 1942/2293/1544 1960/2312/1564 1959/2311/1563
f 1942/2293/1544 1935/2290/1540 1960/2312/1564
f 1954/2304/1556 1959/2311/1563 1955/2305/1557
f 1772/2313/1565 1949/2308/1560 1961/2314/1566
f 1772/2313/1565 1961/2314/1566 1765/2143/1385
f 1958/2310/1562 1962/2315/1567 1957/2309/1561
f 1958/2310/1562 1837/2207/1450 1962/2315/1567
f 1837/2207/1450 1963/2316/1568 1962/2315/1567
f 1837/2207/1450 1829/2199/1442 1963/2316/1568
f 1960/2312/1564 1964/2317/1569 1959/2311/1563
f 1960/2312/1564 1935/2290/1540 1964/2317/1569
f 1935/2290/1540 1929/2288/1538 1965/2318/1570
f 1935/2290/1540 1965/2318/1570 1964/2317/1569
f 1949/2308/1560 1956/2307/1559 1966/2319/1571
f 1949/2308/1560 1966/2319/1571 1967/2320/1572
f 1949/2308/1560 1967/2320/1572 1961/2314/1566
f 1961/2314/1566 1967/2320/1572 1765/2143/1385
f 1765/2143/1385 1967/2320/1572 1968/2321/1573
f 1765/2143/1385 1968/2321/1573 1767/2137/1379
f 1963/2316/1568 1835/2205/1448 1962/2315/1567
f 1963/2316/1568 1829/2199/1442 1835/2205/1448
f 1929/2288/1538 1969/2322/1574 1965/2318/1570
f 1929/2288/1538 1970/2323/1575 1969/2322/1574
f 1929/2288/1538 1923/2284/1534 1970/2323/1575
f 1965/2318/1570 1969/2322/1574 1964/2317/1569
f 1966/2319/1571 1956/2307/1559 1971/2324/1576
f 1966/2319/1571 1971/2324/1576 1967/2320/1572
f 1967/2320/1572 1971/2324/1576 1972/2325/1577
f 1967/2320/1572 1973/2326/1578 1968/2321/1573
f 1967/2320/1572 1972/2325/1577 1973/2326/1578
f 1968/2321/1573 1973/2326/1578 1767/2137/1379
f 1767/2137/1379 1973/2326/1578 1974/2327/1579
f 1767/2137/1379 1974/2327/1579 1761/2133/1375
f 1835/2205/1448 1975/2328/1580 1962/2315/1567
f 1835/2205/1448 1842/2210/1455 1975/2328/1580
f 1970/2323/1575 1923/2284/1534 1976/84/1581
f 1970/2323/1575 1976/84/1581 1969/2322/1574
f 1923/2284/1534 1921/73/1532 1977/83/1582
f 1923/2284/1534 1977/83/1582 1976/84/1581
f 1972/2325/1577 1971/2324/1576 1978/2329/1583
f 1972/2325/1577 1978/2329/1583 1973/2326/1578
f 1973/2326/1578 1978/2329/1583 1979/2330/1584
f 1973/2326/1578 1979/2330/1584 1980/2331/1585
f 1973/2326/1578 1980/2331/1585 1974/2327/1579
f 1974/2327/1579 1980/2331/1585 1761/2133/1375
f 1761/2133/1375 1980/2331/1585 1981/2332/1586
f 1761/2133/1375 1981/2332/1586 1768/2138/1380
f 1975/2328/1580 1982/2333/1587 1962/2315/1567
f 1975/2328/1580 1842/2210/1455 1982/2333/1587
f 1962/2315/1567 1982/2333/1587 1983/2334/1588
f 1962/2315/1567 1983/2334/1588 1957/2309/1561
f 1979/2330/1584 1978/2329/1583 1986/2335/1589
f 1979/2330/1584 1986/2335/1589 1980/2331/1585
f 1980/2331/1585 1986/2335/1589 1987/2336/1590
f 1980/2331/1585 1988/2337/1591 1981/2332/1586
f 1980/2331/1585 1987/2336/1590 1988/2337/1591
f 1981/2332/1586 1988/2337/1591 1768/2138/1380
f 1768/2138/1380 1988/2337/1591 1989/2338/1592
f 1768/2138/1380 1989/2338/1592 1773/2144/1386
f 1983/2334/1588 1990/2339/1593 1957/2309/1561
f 1983/2334/1588 1982/2333/1587 1990/2339/1593
f 1957/2309/1561 1990/2339/1593 1991/2340/1594
f 1957/2309/1561 1991/2340/1594 1952/2302/1554
f 1987/2336/1590 1986/2335/1589 1994/2341/1595
f 1987/2336/1590 1994/2341/1595 1988/2337/1591
f 1988/2337/1591 1994/2341/1595 1995/2342/1596
f 1988/2337/1591 1995/2342/1596 1996/2343/1597
f 1988/2337/1591 1996/2343/1597 1989/2338/1592
f 1989/2338/1592 1996/2343/1597 1773/2144/1386
f 1773/2144/1386 1997/2344/1598 1779/2148/1390
f 1773/2144/1386 1996/2343/1597 1997/2344/1598
f 1991/2340/1594 1990/2339/1593 1998/89/1599
f 1991/2340/1594 1998/89/1599 1952/2302/1554
f 1952/2302/1554 1998/89/1599 1999/87/1600
f 1952/2302/1554 1999/87/1600 1946/80/1550
f 1931/74/1517 1939/2292/1542 2000/2345/1601
f 1931/74/1517 2000/2345/1601 2001/2346/1602
f 1931/74/1517 2001/2346/1602 1993/86/1531
f 1993/86/1531 2001/2346/1602 1992/85/1532
f 1995/2342/1596 2002/2347/1603 1996/2343/1597
f 1995/2342/1596 1994/2341/1595 2002/2347/1603
f 1996/2343/1597 2003/2348/1604 1997/2344/1598
f 1996/2343/1597 2004/2349/1605 2003/2348/1604
f 1996/2343/1597 2002/2347/1603 2004/2349/1605
f 1997/2344/1598 2003/2348/1604 1779/2148/1390
f 1779/2148/1390 2003/2348/1604 2005/2350/1606
f 1779/2148/1390 2005/2350/1606 1804/2172/1414
f 2000/2345/1601 1939/2292/1542 2008/2351/1607
f 2000/2345/1601 2008/2351/1607 2001/2346/1602
f 2003/2348/1604 2009/93/1608 2010/95/1609
f 2003/2348/1604 2010/95/1609 2005/2350/1606
f 2003/2348/1604 2011/96/1610 2009/93/1608
f 2003/2348/1604 2004/2349/1605 2011/96/1610
f 2004/2349/1605 2002/2347/1603 2011/96/1610
f 2005/2350/1606 2010/95/1609 1804/2172/1414
f 1804/2172/1414 2012/98/1611 1826/65/1439
f 1804/2172/1414 2010/95/1609 2012/98/1611
f 2014/92/1543 2019/2352/1612 1932/75/1515
f 2014/92/1543 2013/91/1550 2019/2352/1612
f 1932/75/1515 2019/2352/1612 2020/2353/1613
f 1932/75/1515 2020/2353/1613 1939/2292/1542
f 2020/2353/1613 2019/2352/1612 2027/2354/1614
f 2020/2353/1613 2027/2354/1614 1939/2292/1542
f 1939/2292/1542 2027/2354/1614 2028/2355/1615
f 1939/2292/1542 2028/2355/1615 2008/2351/1607
f 2022/102/1611 2029/2356/1616 2021/101/1439
f 2022/102/1611 2023/103/1609 2029/2356/1616
f 2024/104/1454 2030/2357/1617 2025/105/1453
f 2024/104/1454 2021/101/1439 2030/2357/1617
f 2021/101/1439 2029/2356/1616 2031/2358/1618
f 2021/101/1439 2031/2358/1618 2030/2357/1617
f 1840/64/1453 2033/108/1619 1833/2203/1446
f 2028/2355/1615 2034/2359/1620 2008/2351/1607
f 2028/2355/1615 2027/2354/1614 2034/2359/1620
f 2008/2351/1607 2034/2359/1620 2035/2360/1621
f 2008/2351/1607 2035/2360/1621 2036/2361/1622
f 2008/2351/1607 2036/2361/1622 2037/2362/1623
f 2008/2351/1607 2037/2362/1623 2001/2346/1602
f 2031/2358/1618 2029/2356/1616 2038/2363/1624
f 2031/2358/1618 2038/2363/1624 2030/2357/1617
f 2033/108/1619 2039/109/1625 1833/2203/1446
f 1833/2203/1446 2039/109/1625 2040/2364/1626
f 1833/2203/1446 2040/2364/1626 1821/2192/1434
f 2035/2360/1621 2041/2365/1627 2036/2361/1622
f 2035/2360/1621 2034/2359/1620 2041/2365/1627
f 2037/2362/1623 2036/2361/1622 2042/2366/1628
f 2037/2362/1623 2042/2366/1628 2001/2346/1602
f 2001/2346/1602 2042/2366/1628 2043/2367/1629
f 2001/2346/1602 2043/2367/1629 1992/85/1532
f 2040/2364/1626 2039/109/1625 2044/2368/1630
f 2040/2364/1626 2044/2368/1630 1821/2192/1434
f 2039/109/1625 2047/112/1631 2044/2368/1630
f 1821/2192/1434 2044/2368/1630 2048/2369/1632
f 1821/2192/1434 2048/2369/1632 1813/2184/1426
f 2043/2367/1629 2042/2366/1628 2049/2370/1633
f 2043/2367/1629 2049/2370/1633 1992/85/1532
f 1992/85/1532 2049/2370/1633 2050/113/1582
f 2047/112/1631 2053/116/1634 2044/2368/1630
f 2048/2369/1632 2044/2368/1630 2054/2371/1635
f 2048/2369/1632 2054/2371/1635 1813/2184/1426
f 1813/2184/1426 2054/2371/1635 2055/2372/1636
f 1813/2184/1426 2055/2372/1636 1805/2173/1415
f 2050/113/1582 2049/2370/1633 2056/117/1581
f 2025/105/1453 2030/2357/1617 2058/2373/1637
f 2025/105/1453 2058/2373/1637 2059/2374/1638
f 2025/105/1453 2059/2374/1638 2051/114/1619
f 2051/114/1619 2059/2374/1638 2052/115/1625
f 2055/2372/1636 2054/2371/1635 2060/2375/1639
f 2055/2372/1636 2060/2375/1639 1805/2173/1415
f 1805/2173/1415 2060/2375/1639 2061/2376/1640
f 1805/2173/1415 2061/2376/1640 1798/2169/1411
f 1976/84/1581 2063/120/1641 1969/2322/1574
f 2030/2357/1617 2038/2363/1624 2064/2377/1642
f 2030/2357/1617 2064/2377/1642 2065/2378/1643
f 2030/2357/1617 2065/2378/1643 2058/2373/1637
f 2058/2373/1637 2065/2378/1643 2059/2374/1638
f 2061/2376/1640 2060/2375/1639 1822/2193/1435
f 2061/2376/1640 1822/2193/1435 1798/2169/1411
f 2063/120/1641 2066/121/1644 1969/2322/1574
f 1969/2322/1574 2066/121/1644 2070/2379/1645
f 1969/2322/1574 2070/2379/1645 1964/2317/1569
f 2064/2377/1642 2071/2380/1646 2065/2378/1643
f 2064/2377/1642 2038/2363/1624 2071/2380/1646
f 1822/2193/1435 2060/2375/1639 2072/2381/1647
f 1822/2193/1435 2072/2381/1647 1842/2210/1455
f 2056/117/1581 2049/2370/1633 2073/2382/1648
f 2056/117/1581 2073/2382/1648 2074/2383/1649
f 2056/117/1581 2074/2383/1649 2067/122/1641
f 2067/122/1641 2074/2383/1649 2068/123/1644
f 2070/2379/1645 2066/121/1644 2076/2384/1650
f 2070/2379/1645 2076/2384/1650 1964/2317/1569
f 1964/2317/1569 2076/2384/1650 2077/2385/1651
f 1964/2317/1569 2077/2385/1651 1959/2311/1563
f 2072/2381/1647 2078/2386/1652 1842/2210/1455
f 2072/2381/1647 2060/2375/1639 2078/2386/1652
f 2060/2375/1639 2054/2371/1635 2079/2387/1653
f 2060/2375/1639 2079/2387/1653 2078/2386/1652
f 1842/2210/1455 2080/2388/1654 1982/2333/1587
f 1842/2210/1455 2078/2386/1652 2080/2388/1654
f 2073/2382/1648 2049/2370/1633 2081/2389/1655
f 2073/2382/1648 2081/2389/1655 2074/2383/1649
f 2066/121/1644 2082/126/1656 2076/2384/1650
f 2077/2385/1651 2076/2384/1650 2083/2390/1657
f 2077/2385/1651 2083/2390/1657 1959/2311/1563
f 1959/2311/1563 2083/2390/1657 2084/2391/1658
f 1959/2311/1563 2084/2391/1658 1955/2305/1557
f 2054/2371/1635 2044/2368/1630 2085/2392/1659
f 2054/2371/1635 2085/2392/1659 2086/2393/1660
f 2054/2371/1635 2086/2393/1660 2079/2387/1653
f 2079/2387/1653 2086/2393/1660 2078/2386/1652
f 2080/2388/1654 2087/2394/1661 1982/2333/1587
f 2080/2388/1654 2078/2386/1652 2087/2394/1661
f 1982/2333/1587 2087/2394/1661 2088/2395/1662
f 1982/2333/1587 2088/2395/1662 1990/2339/1593
f 2082/126/1656 2089/127/1663 2076/2384/1650
f 2084/2391/1658 2083/2390/1657 2090/2396/1664
f 2084/2391/1658 2090/2396/1664 1955/2305/1557
f 1955/2305/1557 2090/2396/1664 2091/2397/1665
f 1955/2305/1557 2091/2397/1665 1950/2300/1552
f 2044/2368/1630 2053/116/1634 2085/2392/1659
f 2085/2392/1659 2053/116/1634 2086/2393/1660
f 2088/2395/1662 2087/2394/1661 2092/130/1666
f 2088/2395/1662 2092/130/1666 1990/2339/1593
f 1990/2339/1593 2092/130/1666 2093/128/1667
f 1990/2339/1593 2093/128/1667 1998/89/1599
f 2076/2384/1650 2094/2398/1668 2083/2390/1657
f 2076/2384/1650 2089/127/1663 2094/2398/1668
f 2091/2397/1665 2090/2396/1664 2095/2399/1669
f 2091/2397/1665 2095/2399/1669 1950/2300/1552
f 1950/2300/1552 2095/2399/1669 2096/2400/1670
f 1950/2300/1552 2096/2400/1670 1944/2296/1547
f 2094/2398/1668 2099/2401/1671 2083/2390/1657
f 2094/2398/1668 2089/127/1663 2099/2401/1671
f 2083/2390/1657 2100/2402/1672 2090/2396/1664
f 2083/2390/1657 2099/2401/1671 2100/2402/1672
f 2096/2400/1670 2095/2399/1669 2101/2403/1673
f 2096/2400/1670 2101/2403/1673 1944/2296/1547
f 1944/2296/1547 2101/2403/1673 2102/2404/1674
f 1944/2296/1547 2102/2404/1674 1937/2297/1548
f 2100/2402/1672 2099/2401/1671 2105/2405/1675
f 2100/2402/1672 2105/2405/1675 2090/2396/1664
f 2090/2396/1664 2106/2406/1676 2095/2399/1669
f 2090/2396/1664 2105/2405/1675 2106/2406/1676
f 2102/2404/1674 2101/2403/1673 1956/2307/1559
f 2102/2404/1674 1956/2307/1559 1937/2297/1548
f 2104/133/1600 2107/2407/1677 2013/91/1550
f 2104/133/1600 2103/132/1599 2107/2407/1677
f 2103/132/1599 2108/2408/1678 2107/2407/1677
f 2103/132/1599 2109/2409/1679 2108/2408/1678
f 2103/132/1599 2110/134/1667 2109/2409/1679
f 2013/91/1550 2107/2407/1677 2111/2410/1680
f 2013/91/1550 2111/2410/1680 2019/2352/1612
f 2106/2406/1676 2112/2411/1681 2095/2399/1669
f 2106/2406/1676 2105/2405/1675 2112/2411/1681
f 2095/2399/1669 2112/2411/1681 2113/2412/1682
f 2095/2399/1669 2113/2412/1682 2101/2403/1673
f 1956/2307/1559 2101/2403/1673 2114/2413/1683
f 1956/2307/1559 2114/2413/1683 1971/2324/1576
f 2108/2408/1678 2109/2409/1679 2115/2414/1684
f 2108/2408/1678 2115/2414/1684 2107/2407/1677
f 2110/134/1667 2116/135/1666 2109/2409/1679
f 2111/2410/1680 2107/2407/1677 2118/2415/1685
f 2111/2410/1680 2118/2415/1685 2019/2352/1612
f 2019/2352/1612 2118/2415/1685 2119/2416/1686
f 2019/2352/1612 2119/2416/1686 2027/2354/1614
f 2113/2412/1682 2112/2411/1681 2120/2417/1687
f 2113/2412/1682 2120/2417/1687 2101/2403/1673
f 2101/2403/1673 2120/2417/1687 2114/2413/1683
f 2114/2413/1683 2120/2417/1687 1971/2324/1576
f 1971/2324/1576 2120/2417/1687 2121/2418/1688
f 1971/2324/1576 2121/2418/1688 1978/2329/1583
f 2092/130/1666 2087/2394/1661 2123/138/1689
f 2107/2407/1677 2115/2414/1684 2124/2419/1690
f 2107/2407/1677 2124/2419/1690 2118/2415/1685
f 2119/2416/1686 2118/2415/1685 2125/2420/1691
f 2119/2416/1686 2125/2420/1691 2027/2354/1614
f 2027/2354/1614 2125/2420/1691 2126/2421/1692
f 2027/2354/1614 2126/2421/1692 2034/2359/1620
f 2120/2417/1687 2112/2411/1681 2127/2422/1693
f 2120/2417/1687 2127/2422/1693 2128/2423/1694
f 2120/2417/1687 2128/2423/1694 2121/2418/1688
f 2121/2418/1688 2128/2423/1694 1978/2329/1583
f 1978/2329/1583 2128/2423/1694 2129/2424/1695
f 1978/2329/1583 2129/2424/1695 1986/2335/1589
f 2123/138/1689 2087/2394/1661 2130/139/1696
f 2087/2394/1661 2131/2425/1697 2130/139/1696
f 2087/2394/1661 2078/2386/1652 2131/2425/1697
f 2124/2419/1690 2132/2426/1698 2118/2415/1685
f 2124/2419/1690 2115/2414/1684 2132/2426/1698
f 2127/2422/1693 2133/2427/1699 2128/2423/1694
f 2127/2422/1693 2112/2411/1681 2133/2427/1699
f 2112/2411/1681 2105/2405/1675 2134/2428/1700
f 2112/2411/1681 2134/2428/1700 2133/2427/1699
f 2129/2424/1695 2135/2429/1701 1986/2335/1589
f 2129/2424/1695 2128/2423/1694 2135/2429/1701
f 1986/2335/1589 2135/2429/1701 2136/2430/1702
f 1986/2335/1589 2136/2430/1702 1994/2341/1595
f 2131/2425/1697 2086/2393/1660 2130/139/1696
f 2131/2425/1697 2078/2386/1652 2086/2393/1660
f 2118/2415/1685 2132/2426/1698 2137/2431/1703
f 2118/2415/1685 2137/2431/1703 2125/2420/1691
f 2105/2405/1675 2099/2401/1671 2138/2432/1704
f 2105/2405/1675 2138/2432/1704 2139/2433/1705
f 2105/2405/1675 2139/2433/1705 2134/2428/1700
f 2134/2428/1700 2139/2433/1705 2133/2427/1699
f 2136/2430/1702 2140/2434/1706 1994/2341/1595
f 2136/2430/1702 2135/2429/1701 2140/2434/1706
f 1994/2341/1595 2141/2435/1707 2002/2347/1603
f 1994/2341/1595 2140/2434/1706 2141/2435/1707
f 2086/2393/1660 2053/116/1634 2142/140/1708
f 2086/2393/1660 2142/140/1708 2130/139/1696
f 2137/2431/1703 2143/2436/1709 2125/2420/1691
f 2137/2431/1703 2132/2426/1698 2143/2436/1709
f 2138/2432/1704 2099/2401/1671 2144/147/1710
f 2138/2432/1704 2144/147/1710 2139/2433/1705
f 2099/2401/1671 2089/127/1663 2145/146/1711
f 2099/2401/1671 2145/146/1711 2144/147/1710
f 2141/2435/1707 2146/150/1712 2002/2347/1603
f 2141/2435/1707 2140/2434/1706 2146/150/1712
f 2002/2347/1603 2146/150/1712 2147/148/1713
f 2002/2347/1603 2147/148/1713 2011/96/1610
f 2052/115/1625 2059/2374/1638 2162/2437/1714
f 2052/115/1625 2162/2437/1714 2163/2438/1715
f 2052/115/1625 2163/2438/1715 2155/152/1631
f 2155/152/1631 2163/2438/1715 2156/153/1634
f 2158/155/1689 2164/2439/1716 2116/135/1666
f 2158/155/1689 2157/154/1696 2164/2439/1716
f 2116/135/1666 2164/2439/1716 2165/2440/1717
f 2116/135/1666 2165/2440/1717 2109/2409/1679
f 2161/158/1608 2166/2441/1718 2023/103/1609
f 2161/158/1608 2160/157/1610 2166/2441/1718
f 2023/103/1609 2167/2442/1719 2029/2356/1616
f 2023/103/1609 2166/2441/1718 2167/2442/1719
f 2059/2374/1638 2065/2378/1643 2168/2443/1720
f 2059/2374/1638 2168/2443/1720 2169/2444/1721
f 2059/2374/1638 2169/2444/1721 2162/2437/1714
f 2162/2437/1714 2169/2444/1721 2163/2438/1715
f 2165/2440/1717 2164/2439/1716 2170/2445/1722
f 2165/2440/1717 2170/2445/1722 2109/2409/1679
f 2109/2409/1679 2170/2445/1722 2171/2446/1723
f 2109/2409/1679 2171/2446/1723 2115/2414/1684
f 2167/2442/1719 2172/2447/1724 2029/2356/1616
f 2167/2442/1719 2166/2441/1718 2172/2447/1724
f 2029/2356/1616 2172/2447/1724 2173/2448/1725
f 2029/2356/1616 2173/2448/1725 2038/2363/1624
f 2065/2378/1643 2071/2380/1646 2174/2449/1726
f 2065/2378/1643 2174/2449/1726 2175/2450/1727
f 2065/2378/1643 2175/2450/1727 2168/2443/1720
f 2168/2443/1720 2175/2450/1727 2169/2444/1721
f 2171/2446/1723 2176/2451/1728 2115/2414/1684
f 2171/2446/1723 2170/2445/1722 2176/2451/1728
f 2115/2414/1684 2176/2451/1728 2177/2452/1729
f 2115/2414/1684 2177/2452/1729 2132/2426/1698
f 2173/2448/1725 2178/2453/1730 2038/2363/1624
f 2173/2448/1725 2172/2447/1724 2178/2453/1730
f 2038/2363/1624 2178/2453/1730 2179/2454/1731
f 2038/2363/1624 2179/2454/1731 2071/2380/1646
f 2071/2380/1646 2180/2455/1732 2181/2456/1733
f 2071/2380/1646 2181/2456/1733 2182/2457/1734
f 2071/2380/1646 2179/2454/1731 2180/2455/1732
f 2071/2380/1646 2182/2457/1734 2174/2449/1726
f 2174/2449/1726 2182/2457/1734 2175/2450/1727
f 2177/2452/1729 2176/2451/1728 2183/2458/1735
f 2177/2452/1729 2183/2458/1735 2132/2426/1698
f 2132/2426/1698 2183/2458/1735 2184/2459/1736
f 2132/2426/1698 2184/2459/1736 2143/2436/1709
f 2179/2454/1731 2178/2453/1730 2180/2455/1732
f 2178/2453/1730 2185/2460/1737 2180/2455/1732
f 2178/2453/1730 2186/2461/1738 2185/2460/1737
f 2178/2453/1730 2172/2447/1724 2187/2462/1739
f 2178/2453/1730 2187/2462/1739 2186/2461/1738
f 2181/2456/1733 2188/2463/1740 2182/2457/1734
f 2181/2456/1733 2180/2455/1732 2188/2463/1740
f 2184/2459/1736 2183/2458/1735 2189/2464/1741
f 2184/2459/1736 2189/2464/1741 2143/2436/1709
f 2143/2436/1709 2189/2464/1741 2190/2465/1742
f 2143/2436/1709 2190/2465/1742 2191/2466/1743
f 2143/2436/1709 2192/2467/1744 2125/2420/1691
f 2143/2436/1709 2191/2466/1743 2192/2467/1744
f 2185/2460/1737 2193/2468/1745 2180/2455/1732
f 2185/2460/1737 2186/2461/1738 2193/2468/1745
f 2172/2447/1724 2194/2469/1746 2187/2462/1739
f 2172/2447/1724 2195/2470/1747 2194/2469/1746
f 2172/2447/1724 2166/2441/1718 2195/2470/1747
f 2187/2462/1739 2194/2469/1746 2186/2461/1738
f 2192/2467/1744 2191/2466/1743 2196/2471/1748
f 2192/2467/1744 2196/2471/1748 2125/2420/1691
f 2125/2420/1691 2196/2471/1748 2126/2421/1692
f 2180/2455/1732 2197/2472/1749 2188/2463/1740
f 2180/2455/1732 2193/2468/1745 2197/2472/1749
f 2195/2470/1747 2198/2473/1750 2194/2469/1746
f 2195/2470/1747 2166/2441/1718 2198/2473/1750
f 2166/2441/1718 2160/157/1610 2199/2474/1751
f 2166/2441/1718 2199/2474/1751 2198/2473/1750
f 2126/2421/1692 2196/2471/1748 2034/2359/1620
f 2160/157/1610 2201/2475/1752 2199/2474/1751
f 2160/157/1610 2202/159/1713 2201/2475/1752
f 2199/2474/1751 2201/2475/1752 2198/2473/1750
f 2189/2464/1741 2183/2458/1735 2203/2476/1753
f 2191/2466/1743 2205/2477/1754 2196/2471/1748
f 2191/2466/1743 2204/2478/1755 2205/2477/1754
f 2034/2359/1620 2196/2471/1748 2206/2479/1756
f 2034/2359/1620 2206/2479/1756 2041/2365/1627
f 2202/159/1713 2207/160/1712 2201/2475/1752
f 2203/2476/1753 2183/2458/1735 2209/2480/1757
f 2183/2458/1735 2210/2481/1758 2209/2480/1757
f 2183/2458/1735 2176/2451/1728 2210/2481/1758
f 2204/2478/1755 2211/2482/1759 2205/2477/1754
f 2204/2478/1755 2212/2483/1760 2211/2482/1759
f 2205/2477/1754 2211/2482/1759 2196/2471/1748
f 2196/2471/1748 2211/2482/1759 2206/2479/1756
f 2206/2479/1756 2211/2482/1759 2041/2365/1627
f 2146/150/1712 2140/2434/1706 2214/163/1761
f 2210/2481/1758 2176/2451/1728 2215/2484/1762
f 2210/2481/1758 2215/2484/1762 2209/2480/1757
f 2209/2480/1757 2215/2484/1762 2216/2485/1763
f 2209/2480/1757 2216/2485/1763 2217/2486/1764
f 2176/2451/1728 2170/2445/1722 2218/2487/1765
f 2176/2451/1728 2218/2487/1765 2215/2484/1762
f 2211/2482/1759 2219/2488/1766 2041/2365/1627
f 2214/163/1761 2140/2434/1706 2220/164/1767
f 2140/2434/1706 2221/2489/1768 2220/164/1767
f 2140/2434/1706 2135/2429/1701 2221/2489/1768
f 2216/2485/1763 2215/2484/1762 2222/2490/1769
f 2216/2485/1763 2222/2490/1769 2217/2486/1764
f 2217/2486/1764 2222/2490/1769 2223/2491/1770
f 2170/2445/1722 2224/2492/1771 2225/2493/1772
f 2170/2445/1722 2164/2439/1716 2224/2492/1771
f 2170/2445/1722 2225/2493/1772 2218/2487/1765
f 2218/2487/1765 2225/2493/1772 2215/2484/1762
f 2219/2488/1766 2226/2494/1773 2041/2365/1627
f 2041/2365/1627 2226/2494/1773 2228/2495/1774
f 2041/2365/1627 2228/2495/1774 2036/2361/1622
f 2221/2489/1768 2229/2496/1775 2220/164/1767
f 2221/2489/1768 2135/2429/1701 2229/2496/1775
f 2135/2429/1701 2230/2497/1776 2229/2496/1775
f 2135/2429/1701 2128/2423/1694 2230/2497/1776
f 2224/2492/1771 2231/2498/1777 2225/2493/1772
f 2224/2492/1771 2164/2439/1716 2231/2498/1777
f 2164/2439/1716 2232/2499/1778 2231/2498/1777
f 2164/2439/1716 2157/154/1696 2232/2499/1778
f 2215/2484/1762 2225/2493/1772 2233/2500/1779
f 2215/2484/1762 2233/2500/1779 2222/2490/1769
f 2227/2501/1780 2234/2502/1781 2226/2494/1773
f 2228/2495/1774 2226/2494/1773 2235/2503/1782
f 2228/2495/1774 2235/2503/1782 2036/2361/1622
f 2036/2361/1622 2235/2503/1782 2236/2504/1783
f 2036/2361/1622 2236/2504/1783 2042/2366/1628
f 2230/2497/1776 2133/2427/1699 2229/2496/1775
f 2230/2497/1776 2128/2423/1694 2133/2427/1699
f 2232/2499/1778 2237/2505/1784 2231/2498/1777
f 2232/2499/1778 2157/154/1696 2237/2505/1784
f 2157/154/1696 2238/165/1708 2237/2505/1784
f 2233/2500/1779 2225/2493/1772 2239/2506/1785
f 2233/2500/1779 2239/2506/1785 2222/2490/1769
f 2222/2490/1769 2239/2506/1785 2240/2507/1786
f 2236/2504/1783 2235/2503/1782 2241/2508/1787
f 2236/2504/1783 2241/2508/1787 2042/2366/1628
f 2042/2366/1628 2241/2508/1787 2242/2509/1788
f 2042/2366/1628 2242/2509/1788 2049/2370/1633
f 2133/2427/1699 2139/2433/1705 2243/2510/1789
f 2133/2427/1699 2243/2510/1789 2229/2496/1775
f 2238/165/1708 2156/153/1634 2237/2505/1784
f 2225/2493/1772 2231/2498/1777 2244/2511/1790
f 2225/2493/1772 2244/2511/1790 2239/2506/1785
f 2240/2507/1786 2239/2506/1785 2245/2512/1791
f 2242/2509/1788 2241/2508/1787 2081/2389/1655
f 2242/2509/1788 2081/2389/1655 2049/2370/1633
f 2139/2433/1705 2144/147/1710 2246/166/1792
f 2139/2433/1705 2246/166/1792 2247/168/1793
f 2139/2433/1705 2247/168/1793 2243/2510/1789
f 2243/2510/1789 2247/168/1793 2229/2496/1775
f 2229/2496/1775 2247/168/1793 2248/170/1794
f 2229/2496/1775 2248/170/1794 2220/164/1767
f 2156/153/1634 2163/2438/1715 2249/2513/1795
f 2156/153/1634 2249/2513/1795 2237/2505/1784
f 2244/2511/1790 2231/2498/1777 2250/2514/1796
f 2244/2511/1790 2250/2514/1796 2239/2506/1785
f 2249/2513/1795 2163/2438/1715 2256/2515/1797
f 2249/2513/1795 2256/2515/1797 2237/2505/1784
f 2237/2505/1784 2256/2515/1797 2257/2516/1798
f 2237/2505/1784 2257/2516/1798 2231/2498/1777
f 2239/2506/1785 2258/2517/1799 2245/2512/1791
f 2239/2506/1785 2250/2514/1796 2258/2517/1799
f 2257/2516/1798 2256/2515/1797 2250/2514/1796
f 2257/2516/1798 2250/2514/1796 2231/2498/1777
f 2258/2517/1799 2263/2518/1800 2245/2512/1791
f 2258/2517/1799 2250/2514/1796 2263/2518/1800
f 2245/2512/1791 2264/2519/1801 2251/2520/1802
f 2245/2512/1791 2263/2518/1800 2264/2519/1801
f 2259/173/1711 2265/2521/1803 2260/174/1710
f 2259/173/1711 2159/156/1663 2265/2521/1803
f 2262/176/1761 2261/175/1767 2266/2522/1804
f 2262/176/1761 2266/2522/1804 2207/160/1712
f 2207/160/1712 2266/2522/1804 2267/2523/1805
f 2207/160/1712 2267/2523/1805 2201/2475/1752
f 2250/2514/1796 2268/2524/1806 2263/2518/1800
f 2250/2514/1796 2256/2515/1797 2268/2524/1806
f 2264/2519/1801 2269/2525/1807 2251/2520/1802
f 2264/2519/1801 2263/2518/1800 2269/2525/1807
f 2263/2518/1800 2270/2526/1808 2269/2525/1807
f 2263/2518/1800 2271/2527/1809 2270/2526/1808
f 2263/2518/1800 2268/2524/1806 2271/2527/1809
f 2267/2523/1805 2266/2522/1804 2272/2528/1810
f 2267/2523/1805 2272/2528/1810 2201/2475/1752
f 2201/2475/1752 2272/2528/1810 2273/2529/1811
f 2201/2475/1752 2273/2529/1811 2198/2473/1750
f 2268/2524/1806 2256/2515/1797 2271/2527/1809
f 2256/2515/1797 2274/2530/1812 2271/2527/1809
f 2256/2515/1797 2163/2438/1715 2274/2530/1812
f 2270/2526/1808 2275/2531/1813 2269/2525/1807
f 2270/2526/1808 2271/2527/1809 2275/2531/1813
f 2269/2525/1807 2276/2532/1814 2277/2533/1815
f 2269/2525/1807 2275/2531/1813 2276/2532/1814
f 2271/2527/1809 2278/2534/1816 2275/2531/1813
f 2271/2527/1809 2169/2444/1721 2278/2534/1816
f 2271/2527/1809 2274/2530/1812 2169/2444/1721
f 2273/2529/1811 2279/2535/1817 2198/2473/1750
f 2273/2529/1811 2272/2528/1810 2279/2535/1817
f 2198/2473/1750 2279/2535/1817 2280/2536/1818
f 2198/2473/1750 2280/2536/1818 2194/2469/1746
f 2274/2530/1812 2163/2438/1715 2169/2444/1721
f 2275/2531/1813 2281/2537/1819 2276/2532/1814
f 2275/2531/1813 2282/2538/1820 2281/2537/1819
f 2275/2531/1813 2175/2450/1727 2282/2538/1820
f 2275/2531/1813 2278/2534/1816 2175/2450/1727
f 2276/2532/1814 2281/2537/1819 2277/2533/1815
f 2277/2533/1815 2281/2537/1819 2283/2539/1821
f 2278/2534/1816 2169/2444/1721 2175/2450/1727
f 2280/2536/1818 2284/2540/1822 2194/2469/1746
f 2280/2536/1818 2279/2535/1817 2284/2540/1822
f 2279/2535/1817 2285/2541/1823 2284/2540/1822
f 2279/2535/1817 2286/2542/1824 2285/2541/1823
f 2279/2535/1817 2272/2528/1810 2287/2543/1825
f 2279/2535/1817 2287/2543/1825 2286/2542/1824
f 2194/2469/1746 2288/2544/1826 2186/2461/1738
f 2194/2469/1746 2284/2540/1822 2288/2544/1826
f 2282/2538/1820 2182/2457/1734 2281/2537/1819
f 2282/2538/1820 2175/2450/1727 2182/2457/1734
f 2283/2539/1821 2281/2537/1819 2289/2545/1827
f 2285/2541/1823 2290/2546/1828 2284/2540/1822
f 2285/2541/1823 2286/2542/1824 2290/2546/1828
f 2284/2540/1822 2291/2547/1829 2288/2544/1826
f 2284/2540/1822 2292/2548/1830 2291/2547/1829
f 2284/2540/1822 2290/2546/1828 2292/2548/1830
f 2272/2528/1810 2293/2549/1831 2287/2543/1825
f 2272/2528/1810 2294/2550/1832 2293/2549/1831
f 2272/2528/1810 2266/2522/1804 2294/2550/1832
f 2287/2543/1825 2293/2549/1831 2286/2542/1824
f 2288/2544/1826 2291/2547/1829 2186/2461/1738
f 2186/2461/1738 2295/2551/1833 2193/2468/1745
f 2186/2461/1738 2291/2547/1829 2295/2551/1833
f 2182/2457/1734 2188/2463/1740 2296/2552/1834
f 2182/2457/1734 2296/2552/1834 2281/2537/1819
f 2294/2550/1832 2297/2553/1835 2293/2549/1831
f 2294/2550/1832 2266/2522/1804 2297/2553/1835
f 2266/2522/1804 2261/175/1767 2298/2554/1836
f 2266/2522/1804 2298/2554/1836 2297/2553/1835
f 2295/2551/1833 2299/2555/1837 2193/2468/1745
f 2295/2551/1833 2291/2547/1829 2299/2555/1837
f 2193/2468/1745 2299/2555/1837 2300/2556/1838
f 2296/2552/1834 2188/2463/1740 2289/2545/1827
f 2296/2552/1834 2289/2545/1827 2281/2537/1819
f 2188/2463/1740 2301/2557/1839 2289/2545/1827
f 2298/2554/1836 2261/175/1767 2303/2558/1840
f 2298/2554/1836 2303/2558/1840 2297/2553/1835
f 2261/175/1767 2304/177/1794 2303/2558/1840
f 2299/2555/1837 2291/2547/1829 2302/2559/1841
f 2290/2546/1828 2286/2542/1824 2306/2560/1842
f 2290/2546/1828 2306/2560/1842 2305/2561/1843
f 2303/2558/1840 2307/2562/1844 2308/2563/1845
f 2303/2558/1840 2308/2563/1845 2297/2553/1835
f 2303/2558/1840 2309/2564/1846 2307/2562/1844
f 2303/2558/1840 2310/178/1793 2309/2564/1846
f 2303/2558/1840 2304/177/1794 2310/178/1793
f 2305/2561/1843 2312/2565/1847 2313/2566/1848
f 2305/2561/1843 2306/2560/1842 2312/2565/1847
f 2306/2560/1842 2286/2542/1824 2312/2565/1847
f 2286/2542/1824 2314/2567/1849 2312/2565/1847
f 2286/2542/1824 2293/2549/1831 2314/2567/1849
f 2308/2563/1845 2315/2568/1850 2297/2553/1835
f 2308/2563/1845 2307/2562/1844 2315/2568/1850
f 2297/2553/1835 2315/2568/1850 2316/2569/1851
f 2297/2553/1835 2316/2569/1851 2293/2549/1831
f 2309/2564/1846 2317/2570/1852 2307/2562/1844
f 2309/2564/1846 2310/178/1793 2317/2570/1852
f 2310/178/1793 2318/180/1792 2317/2570/1852
f 2313/2566/1848 2312/2565/1847 2319/2571/1853
f 2312/2565/1847 2320/2572/1854 2319/2571/1853
f 2312/2565/1847 2321/2573/1855 2320/2572/1854
f 2312/2565/1847 2314/2567/1849 2321/2573/1855
f 2314/2567/1849 2293/2549/1831 2321/2573/1855
f 2293/2549/1831 2316/2569/1851 2321/2573/1855
f 2316/2569/1851 2315/2568/1850 2321/2573/1855
f 2315/2568/1850 2322/2574/1856 2321/2573/1855
f 2315/2568/1850 2323/2575/1857 2322/2574/1856
f 2315/2568/1850 2324/2576/1858 2323/2575/1857
f 2315/2568/1850 2307/2562/1844 2324/2576/1858
f 2318/180/1792 2260/174/1710 2317/2570/1852
f 2319/2571/1853 2325/2577/1859 2326/2578/1860
f 2319/2571/1853 2320/2572/1854 2325/2577/1859
f 2320/2572/1854 2321/2573/1855 2325/2577/1859
f 2321/2573/1855 2322/2574/1856 2325/2577/1859
f 2322/2574/1856 2323/2575/1857 2325/2577/1859
f 2323/2575/1857 2327/2579/1861 2328/2580/1862
f 2323/2575/1857 2328/2580/1862 2325/2577/1859
f 2323/2575/1857 2329/2581/1863 2327/2579/1861
f 2323/2575/1857 2330/2582/1864 2329/2581/1863
f 2323/2575/1857 2324/2576/1858 2330/2582/1864
f 2324/2576/1858 2307/2562/1844 2330/2582/1864
f 2307/2562/1844 2331/2583/1865 2330/2582/1864
f 2307/2562/1844 2317/2570/1852 2331/2583/1865
f 2260/174/1710 2265/2521/1803 2332/2584/1866
f 2260/174/1710 2332/2584/1866 2317/2570/1852
f 2325/2577/1859 2333/2585/1867 2326/2578/1860
f 2325/2577/1859 2328/2580/1862 2333/2585/1867
f 2328/2580/1862 2327/2579/1861 2333/2585/1867
f 2329/2581/1863 2334/2586/1868 2327/2579/1861
f 2329/2581/1863 2330/2582/1864 2334/2586/1868
f 2330/2582/1864 2331/2583/1865 2335/2587/1869
f 2330/2582/1864 2335/2587/1869 2336/2588/1870
f 2330/2582/1864 2336/2588/1870 2334/2586/1868
f 2331/2583/1865 2317/2570/1852 2335/2587/1869
f 2317/2570/1852 2332/2584/1866 2335/2587/1869
f 2265/2521/1803 2337/2589/1871 2335/2587/1869
f 2265/2521/1803 2335/2587/1869 2332/2584/1866
f 2265/2521/1803 2338/2590/1872 2337/2589/1871
f 2265/2521/1803 2339/2591/1873 2338/2590/1872
f 2265/2521/1803 2159/156/1663 2339/2591/1873
f 2333/2585/1867 2327/2579/1861 2340/2592/1874
f 2335/2587/1869 2341/2593/1875 2336/2588/1870
f 2335/2587/1869 2337/2589/1871 2341/2593/1875
f 2336/2588/1870 2341/2593/1875 2334/2586/1868
f 2337/2589/1871 2338/2590/1872 2341/2593/1875
f 2338/2590/1872 2342/2594/1876 2341/2593/1875
f 2338/2590/1872 2343/2595/1877 2342/2594/1876
f 2338/2590/1872 2344/2596/1878 2343/2595/1877
f 2338/2590/1872 2345/2597/1879 2344/2596/1878
f 2338/2590/1872 2339/2591/1873 2345/2597/1879
f 2339/2591/1873 2159/156/1663 2345/2597/1879
f 2159/156/1663 2346/181/1656 2345/2597/1879
f 2327/2579/1861 2334/2586/1868 2347/2598/1880
f 2341/2593/1875 2348/2599/1881 2334/2586/1868
f 2341/2593/1875 2349/2600/1882 2348/2599/1881
f 2341/2593/1875 2342/2594/1876 2349/2600/1882
f 2342/2594/1876 2343/2595/1877 2349/2600/1882
f 2344/2596/1878 2350/2601/1883 2343/2595/1877
f 2344/2596/1878 2345/2597/1879 2350/2601/1883
f 2345/2597/1879 2351/2602/1884 2350/2601/1883
f 2345/2597/1879 2068/123/1644 2351/2602/1884
f 2345/2597/1879 2346/181/1656 2068/123/1644
f 2347/2598/1880 2334/2586/1868 2352/2603/1885
f 2334/2586/1868 2348/2599/1881 2352/2603/1885
f 2348/2599/1881 2349/2600/1882 2352/2603/1885
f 2349/2600/1882 2354/2604/1886 2352/2603/1885
f 2349/2600/1882 2355/2605/1887 2354/2604/1886
f 2349/2600/1882 2356/2606/1888 2355/2605/1887
f 2349/2600/1882 2343/2595/1877 2356/2606/1888
f 2351/2602/1884 2074/2383/1649 2350/2601/1883
f 2351/2602/1884 2068/123/1644 2074/2383/1649
f 2355/2605/1887 2357/2607/1889 2358/2608/1890
f 2355/2605/1887 2358/2608/1890 2359/2609/1891
f 2355/2605/1887 2360/2610/1892 2357/2607/1889
f 2355/2605/1887 2356/2606/1888 2360/2610/1892
f 2356/2606/1888 2343/2595/1877 2360/2610/1892
f 2343/2595/1877 2361/2611/1893 2360/2610/1892
f 2343/2595/1877 2350/2601/1883 2361/2611/1893
f 2074/2383/1649 2081/2389/1655 2362/2612/1894
f 2074/2383/1649 2362/2612/1894 2350/2601/1883
f 2357/2607/1889 2363/2613/1895 2358/2608/1890
f 2357/2607/1889 2360/2610/1892 2363/2613/1895
f 2358/2608/1890 2363/2613/1895 2364/2614/1896
f 2360/2610/1892 2365/2615/1897 2363/2613/1895
f 2360/2610/1892 2366/2616/1898 2365/2615/1897
f 2360/2610/1892 2361/2611/1893 2366/2616/1898
f 2361/2611/1893 2350/2601/1883 2366/2616/1898
f 2350/2601/1883 2362/2612/1894 2366/2616/1898
f 2081/2389/1655 2241/2508/1787 2367/2617/1899
f 2081/2389/1655 2367/2617/1899 2366/2616/1898
f 2081/2389/1655 2366/2616/1898 2362/2612/1894
f 2363/2613/1895 2368/2618/1900 2369/2619/1901
f 2363/2613/1895 2369/2619/1901 2364/2614/1896
f 2363/2613/1895 2370/2620/1902 2368/2618/1900
f 2363/2613/1895 2365/2615/1897 2370/2620/1902
f 2365/2615/1897 2366/2616/1898 2370/2620/1902
f 2366/2616/1898 2367/2617/1899 2370/2620/1902
f 2241/2508/1787 2235/2503/1782 2371/2621/1903
f 2241/2508/1787 2371/2621/1903 2370/2620/1902
f 2241/2508/1787 2370/2620/1902 2367/2617/1899
f 2368/2618/1900 2372/2622/1904 2369/2619/1901
f 2368/2618/1900 2370/2620/1902 2372/2622/1904
f 2369/2619/1901 2372/2622/1904 2373/2623/1905
f 2370/2620/1902 2371/2621/1903 2372/2622/1904
f 2235/2503/1782 2226/2494/1773 2374/2624/1906
f 2235/2503/1782 2374/2624/1906 2372/2622/1904
f 2235/2503/1782 2372/2622/1904 2371/2621/1903
f 2372/2622/1904 2374/2624/1906 2234/2502/1781
f 2372/2622/1904 2234/2502/1781 2373/2623/1905
f 2226/2494/1773 2234/2502/1781 2374/2624/1906
f 2375/2625/1907 2376/2626/1908 2377/2627/1909
f 2375/2625/1907 2378/2628/1910 2376/2626/1908
f 2375/2625/1907 2379/2629/1911 2378/2628/1910
f 2375/2625/1907 2377/2627/1909 2379/2629/1911
f 2376/2626/1908 2380/2630/1912 2377/2627/1909
f 2376/2626/1908 2381/2631/1913 2380/2630/1912
f 2376/2626/1908 2382/2632/1914 2381/2631/1913
f 2376/2626/1908 2383/2633/1915 2382/2632/1914
f 2376/2626/1908 2384/2634/1916 2383/2633/1915
f 2376/2626/1908 2378/2628/1910 2384/2634/1916
f 2380/2630/1912 2385/2635/1917 2377/2627/1909
f 2380/2630/1912 2381/2631/1913 2385/2635/1917
f 2381/2631/1913 2386/2636/1918 2385/2635/1917
f 2381/2631/1913 2387/2637/1919 2386/2636/1918
f 2381/2631/1913 2388/2638/1920 2387/2637/1919
f 2381/2631/1913 2389/2639/1921 2388/2638/1920
f 2381/2631/1913 2382/2632/1914 2389/2639/1921
f 2382/2632/1914 2383/2633/1915 2389/2639/1921
f 2384/2634/1916 2390/2640/1922 2383/2633/1915
f 2384/2634/1916 2378/2628/1910 2390/2640/1922
f 2383/2633/1915 2391/2641/1923 2392/2642/1924
f 2383/2633/1915 2392/2642/1924 2389/2639/1921
f 2383/2633/1915 2393/2643/1925 2391/2641/1923
f 2383/2633/1915 2390/2640/1922 2393/2643/1925
f 2386/2636/1918 2387/2637/1919 2394/2644/1926
f 2386/2636/1918 2394/2644/1926 2385/2635/1917
f 2388/2638/1920 2395/188/60 2387/2637/1919
f 2388/2638/1920 2389/2639/1921 2395/188/60
f 2389/2639/1921 2396/182/60 2397/186/60
f 2389/2639/1921 2397/186/60 2395/188/60
f 2389/2639/1921 2392/2642/1924 2396/182/60
f 2392/2642/1924 2391/2641/1923 2396/182/60
f 2393/2643/1925 2390/2640/1922 2398/2645/1927
f 2393/2643/1925 2398/2645/1927 2391/2641/1923
f 2391/2641/1923 2399/189/60 2400/187/60
f 2391/2641/1923 2400/187/60 2396/182/60
f 2391/2641/1923 2398/2645/1927 2401/2646/1928
f 2391/2641/1923 2401/2646/1928 2399/189/60
f 2399/189/60 2408/2647/1929 2407/192/60
f 2399/189/60 2401/2646/1928 2408/2647/1929
f 2401/2646/1928 2398/2645/1927 2408/2647/1929
f 2407/192/60 2408/2647/1929 2415/199/60
f 2395/188/60 2419/203/60 2387/2637/1919
f 2419/203/60 2423/207/60 2387/2637/1919
f 2387/2637/1919 2423/207/60 2424/2648/1930
f 2387/2637/1919 2424/2648/1930 2394/2644/1926
f 2423/207/60 2430/213/60 2431/2649/1931
f 2423/207/60 2431/2649/1931 2424/2648/1930
f 2424/2648/1930 2431/2649/1931 2394/2644/1926
f 2394/2644/1926 2431/2649/1931 2432/2650/1932
f 2394/2644/1926 2432/2650/1932 2433/2651/1933
f 2394/2644/1926 2433/2651/1933 2434/2652/1934
f 2394/2644/1926 2434/2652/1934 2385/2635/1917
f 2430/213/60 2437/216/60 2431/2649/1931
f 2431/2649/1931 2437/216/60 2439/2653/1935
f 2431/2649/1931 2439/2653/1935 2440/2654/1936
f 2431/2649/1931 2440/2654/1936 2432/2650/1932
f 2432/2650/1932 2440/2654/1936 2433/2651/1933
f 2434/2652/1934 2433/2651/1933 2441/2655/1937
f 2434/2652/1934 2441/2655/1937 2385/2635/1917
f 2385/2635/1917 2441/2655/1937 2442/2656/1938
f 2385/2635/1917 2442/2656/1938 2377/2627/1909
f 2439/2653/1935 2448/2657/1939 2440/2654/1936
f 2439/2653/1935 2437/216/60 2448/2657/1939
f 2442/2656/1938 2441/2655/1937 2449/2658/1940
f 2442/2656/1938 2449/2658/1940 2377/2627/1909
f 2377/2627/1909 2450/2659/1941 2379/2629/1911
f 2377/2627/1909 2449/2658/1940 2450/2659/1941
f 2450/2659/1941 2455/2660/1942 2379/2629/1911
f 2450/2659/1941 2449/2658/1940 2455/2660/1942
f 2379/2629/1911 2456/2661/1943 2457/2662/1944
f 2379/2629/1911 2457/2662/1944 2458/2663/1945
f 2379/2629/1911 2455/2660/1942 2456/2661/1943
f 2379/2629/1911 2458/2663/1945 2378/2628/1910
f 2453/225/60 2415/199/60 2462/2664/1946
f 2453/225/60 2462/2664/1946 2452/224/60
f 2456/2661/1943 2463/2665/1947 2457/2662/1944
f 2456/2661/1943 2455/2660/1942 2463/2665/1947
f 2458/2663/1945 2457/2662/1944 2464/2666/1948
f 2458/2663/1945 2464/2666/1948 2378/2628/1910
f 2378/2628/1910 2465/2667/1949 2390/2640/1922
f 2378/2628/1910 2464/2666/1948 2465/2667/1949
f 2465/2667/1949 2464/2666/1948 2469/2668/1950
f 2465/2667/1949 2469/2668/1950 2390/2640/1922
f 2464/2666/1948 2470/2669/1951 2469/2668/1950
f 2464/2666/1948 2471/2670/1952 2470/2669/1951
f 2464/2666/1948 2472/2671/1953 2471/2670/1952
f 2464/2666/1948 2457/2662/1944 2472/2671/1953
f 2390/2640/1922 2469/2668/1950 2473/2672/1954
f 2390/2640/1922 2473/2672/1954 2398/2645/1927
f 2466/230/60 2452/224/60 2474/2673/1955
f 2466/230/60 2474/2673/1955 2467/231/60
f 2452/224/60 2462/2664/1946 2475/2674/1956
f 2452/224/60 2475/2674/1956 2474/2673/1955
f 2470/2669/1951 2476/2675/1957 2469/2668/1950
f 2470/2669/1951 2471/2670/1952 2476/2675/1957
f 2472/2671/1953 2477/2676/1958 2471/2670/1952
f 2472/2671/1953 2457/2662/1944 2477/2676/1958
f 2457/2662/1944 2478/2677/1959 2477/2676/1958
f 2457/2662/1944 2463/2665/1947 2478/2677/1959
f 2473/2672/1954 2469/2668/1950 2479/2678/1960
f 2473/2672/1954 2479/2678/1960 2398/2645/1927
f 2398/2645/1927 2479/2678/1960 2480/2679/1961
f 2398/2645/1927 2480/2679/1961 2408/2647/1929
f 2475/2674/1956 2462/2664/1946 2481/2680/1962
f 2475/2674/1956 2481/2680/1962 2474/2673/1955
f 2477/2676/1958 2482/2681/1963 2483/2682/1964
f 2477/2676/1958 2483/2682/1964 2471/2670/1952
f 2480/2679/1961 2479/2678/1960 2484/2683/1965
f 2480/2679/1961 2484/2683/1965 2408/2647/1929
f 2408/2647/1929 2485/2684/1966 2415/199/60
f 2408/2647/1929 2484/2683/1965 2485/2684/1966
f 2482/2681/1963 2486/2685/1967 2483/2682/1964
f 2483/2682/1964 2486/2685/1967 2471/2670/1952
f 2471/2670/1952 2487/2686/1968 2476/2675/1957
f 2471/2670/1952 2486/2685/1967 2487/2686/1968
f 2485/2684/1966 2462/2664/1946 2415/199/60
f 2485/2684/1966 2484/2683/1965 2462/2664/1946
f 2486/2685/1967 2488/2687/1969 2489/2688/1970
f 2486/2685/1967 2489/2688/1970 2490/2689/1971
f 2486/2685/1967 2490/2689/1971 2487/2686/1968
f 2487/2686/1968 2490/2689/1971 2476/2675/1957
f 2476/2675/1957 2491/2690/1972 2492/2691/1973
f 2476/2675/1957 2492/2691/1973 2493/2692/1974
f 2476/2675/1957 2490/2689/1971 2491/2690/1972
f 2476/2675/1957 2493/2692/1974 2469/2668/1950
f 2462/2664/1946 2484/2683/1965 2494/2693/1975
f 2462/2664/1946 2494/2693/1975 2481/2680/1962
f 2463/2665/1947 2455/2660/1942 2495/2694/1976
f 2488/2687/1969 2496/2695/1977 2489/2688/1970
f 2489/2688/1970 2496/2695/1977 2490/2689/1971
f 2491/2690/1972 2490/2689/1971 2497/2696/1978
f 2491/2690/1972 2497/2696/1978 2492/2691/1973
f 2493/2692/1974 2492/2691/1973 2479/2678/1960
f 2493/2692/1974 2479/2678/1960 2469/2668/1950
f 2484/2683/1965 2498/2697/1979 2494/2693/1975
f 2484/2683/1965 2499/2698/1980 2498/2697/1979
f 2484/2683/1965 2479/2678/1960 2499/2698/1980
f 2494/2693/1975 2498/2697/1979 2481/2680/1962
f 2495/2694/1976 2455/2660/1942 2500/2699/1981
f 2455/2660/1942 2449/2658/1940 2501/2700/1982
f 2455/2660/1942 2501/2700/1982 2500/2699/1981
f 2479/2678/1960 2492/2691/1973 2499/2698/1980
f 2499/2698/1980 2492/2691/1973 2498/2697/1979
f 2498/2697/1979 2502/2701/1983 2503/2702/1984
f 2498/2697/1979 2503/2702/1984 2504/2703/1985
f 2498/2697/1979 2504/2703/1985 2481/2680/1962
f 2498/2697/1979 2492/2691/1973 2502/2701/1983
f 2449/2658/1940 2505/2704/1986 2506/2705/1987
f 2449/2658/1940 2441/2655/1937 2505/2704/1986
f 2449/2658/1940 2506/2705/1987 2501/2700/1982
f 2501/2700/1982 2506/2705/1987 2500/2699/1981
f 2492/2691/1973 2497/2696/1978 2502/2701/1983
f 2502/2701/1983 2497/2696/1978 2503/2702/1984
f 2504/2703/1985 2503/2702/1984 2509/2706/1988
f 2504/2703/1985 2509/2706/1988 2481/2680/1962
f 2481/2680/1962 2509/2706/1988 2510/2707/1989
f 2481/2680/1962 2510/2707/1989 2474/2673/1955
f 2508/2708/1990 2507/2709/1991 2511/2710/1992
f 2508/2708/1990 2511/2710/1992 2496/2695/1977
f 2496/2695/1977 2511/2710/1992 2512/2711/1993
f 2496/2695/1977 2512/2711/1993 2490/2689/1971
f 2510/2707/1989 2509/2706/1988 2513/2712/1994
f 2510/2707/1989 2513/2712/1994 2474/2673/1955
f 2474/2673/1955 2514/2713/1995 2467/231/60
f 2474/2673/1955 2513/2712/1994 2514/2713/1995
f 2500/2699/1981 2506/2705/1987 2515/2714/1996
f 2512/2711/1993 2511/2710/1992 2497/2696/1978
f 2512/2711/1993 2497/2696/1978 2490/2689/1971
f 2514/2713/1995 2518/2715/1997 2467/231/60
f 2514/2713/1995 2513/2712/1994 2518/2715/1997
f 2467/231/60 2518/2715/1997 2519/233/60
f 2515/2714/1996 2506/2705/1987 2516/2716/1998
f 2506/2705/1987 2520/2717/1999 2521/2718/2000
f 2506/2705/1987 2521/2718/2000 2516/2716/1998
f 2506/2705/1987 2505/2704/1986 2520/2717/1999
f 2517/2719/2001 2516/2716/1998 2522/2720/2002
f 2516/2716/1998 2523/2721/2003 2522/2720/2002
f 2516/2716/1998 2524/2722/2004 2523/2721/2003
f 2516/2716/1998 2521/2718/2000 2524/2722/2004
f 2497/2696/1978 2511/2710/1992 2525/2723/2005
f 2497/2696/1978 2525/2723/2005 2503/2702/1984
f 2519/233/60 2518/2715/1997 2526/234/60
f 2521/2718/2000 2520/2717/1999 2524/2722/2004
f 2505/2704/1986 2441/2655/1937 2520/2717/1999
f 2522/2720/2002 2523/2721/2003 2528/2724/2006
f 2523/2721/2003 2524/2722/2004 2528/2724/2006
f 2511/2710/1992 2507/2709/1991 2529/2725/2007
f 2511/2710/1992 2529/2725/2007 2530/2726/2008
f 2511/2710/1992 2530/2726/2008 2525/2723/2005
f 2525/2723/2005 2530/2726/2008 2503/2702/1984
f 2503/2702/1984 2530/2726/2008 2531/2727/2009
f 2503/2702/1984 2531/2727/2009 2509/2706/1988
f 2441/2655/1937 2534/2728/2010 2520/2717/1999
f 2441/2655/1937 2433/2651/1933 2534/2728/2010
f 2529/2725/2007 2507/2709/1991 2535/2729/2011
f 2529/2725/2007 2535/2729/2011 2530/2726/2008
f 2507/2709/1991 2536/2730/2012 2535/2729/2011
f 2531/2727/2009 2530/2726/2008 2537/2731/2013
f 2531/2727/2009 2537/2731/2013 2509/2706/1988
f 2509/2706/1988 2537/2731/2013 2538/2732/2014
f 2509/2706/1988 2538/2732/2014 2513/2712/1994
f 2534/2728/2010 2433/2651/1933 2540/2733/2015
f 2534/2728/2010 2540/2733/2015 2520/2717/1999
f 2520/2717/1999 2541/2734/2016 2524/2722/2004
f 2520/2717/1999 2540/2733/2015 2541/2734/2016
f 2433/2651/1933 2440/2654/1936 2542/2735/2017
f 2433/2651/1933 2542/2735/2017 2540/2733/2015
f 2536/2730/2012 2543/2736/2018 2535/2729/2011
f 2538/2732/2014 2537/2731/2013 2544/2737/2019
f 2538/2732/2014 2544/2737/2019 2513/2712/1994
f 2513/2712/1994 2545/2738/2020 2518/2715/1997
f 2513/2712/1994 2544/2737/2019 2545/2738/2020
f 2541/2734/2016 2546/2739/2021 2524/2722/2004
f 2541/2734/2016 2540/2733/2015 2546/2739/2021
f 2524/2722/2004 2546/2739/2021 2547/2740/2022
f 2524/2722/2004 2547/2740/2022 2528/2724/2006
f 2440/2654/1936 2448/2657/1939 2548/2741/2023
f 2440/2654/1936 2548/2741/2023 2549/2742/2024
f 2440/2654/1936 2549/2742/2024 2542/2735/2017
f 2542/2735/2017 2549/2742/2024 2540/2733/2015
f 2545/2738/2020 2544/2737/2019 2550/2743/2025
f 2545/2738/2020 2550/2743/2025 2518/2715/1997
f 2518/2715/1997 2550/2743/2025 2551/2744/2026
f 2518/2715/1997 2551/2744/2026 2526/234/60
f 2547/2740/2022 2546/2739/2021 2552/2745/2027
f 2547/2740/2022 2552/2745/2027 2528/2724/2006
f 2528/2724/2006 2552/2745/2027 2553/2746/2028
f 2548/2741/2023 2448/2657/1939 2554/2747/2029
f 2548/2741/2023 2554/2747/2029 2549/2742/2024
f 2540/2733/2015 2549/2742/2024 2555/2748/2030
f 2540/2733/2015 2555/2748/2030 2546/2739/2021
f 2551/2744/2026 2550/2743/2025 2558/2749/2031
f 2551/2744/2026 2558/2749/2031 2526/234/60
f 2526/234/60 2558/2749/2031 2559/239/60
f 2553/2746/2028 2552/2745/2027 2560/2750/2032
f 2555/2748/2030 2549/2742/2024 2561/2751/2033
f 2555/2748/2030 2561/2751/2033 2546/2739/2021
f 2546/2739/2021 2561/2751/2033 2562/2752/2034
f 2546/2739/2021 2562/2752/2034 2552/2745/2027
f 2557/2753/2035 2556/2754/2036 2564/2755/2037
f 2557/2753/2035 2564/2755/2037 2543/2736/2018
f 2543/2736/2018 2564/2755/2037 2565/2756/2038
f 2543/2736/2018 2565/2756/2038 2535/2729/2011
f 2559/239/60 2558/2749/2031 2566/240/60
f 2549/2742/2024 2554/2747/2029 2569/2757/2039
f 2549/2742/2024 2569/2757/2039 2561/2751/2033
f 2562/2752/2034 2561/2751/2033 2570/2758/2040
f 2562/2752/2034 2570/2758/2040 2552/2745/2027
f 2552/2745/2027 2570/2758/2040 2571/2759/2041
f 2552/2745/2027 2571/2759/2041 2560/2750/2032
f 2565/2756/2038 2564/2755/2037 2572/2760/2042
f 2565/2756/2038 2572/2760/2042 2535/2729/2011
f 2535/2729/2011 2572/2760/2042 2573/2761/2043
f 2535/2729/2011 2573/2761/2043 2530/2726/2008
f 2569/2757/2039 2554/2747/2029 2576/2762/2044
f 2569/2757/2039 2576/2762/2044 2561/2751/2033
f 2571/2759/2041 2570/2758/2040 2577/2763/2045
f 2571/2759/2041 2577/2763/2045 2560/2750/2032
f 2560/2750/2032 2578/2764/2046 2568/2765/2047
f 2560/2750/2032 2577/2763/2045 2578/2764/2046
f 2573/2761/2043 2572/2760/2042 2537/2731/2013
f 2573/2761/2043 2537/2731/2013 2530/2726/2008
f 2561/2751/2033 2576/2762/2044 2580/2766/2048
f 2561/2751/2033 2580/2766/2048 2570/2758/2040
f 2578/2764/2046 2581/2767/2049 2568/2765/2047
f 2578/2764/2046 2577/2763/2045 2581/2767/2049
f 2577/2763/2045 2570/2758/2040 2582/2768/2050
f 2577/2763/2045 2582/2768/2050 2583/2769/2051
f 2577/2763/2045 2583/2769/2051 2584/2770/2052
f 2577/2763/2045 2584/2770/2052 2581/2767/2049
f 2537/2731/2013 2585/2771/2053 2544/2737/2019
f 2537/2731/2013 2572/2760/2042 2585/2771/2053
f 2580/2766/2048 2576/2762/2044 2586/2772/2054
f 2580/2766/2048 2586/2772/2054 2570/2758/2040
f 2570/2758/2040 2586/2772/2054 2582/2768/2050
f 2582/2768/2050 2586/2772/2054 2583/2769/2051
f 2584/2770/2052 2583/2769/2051 2587/2773/2055
f 2584/2770/2052 2587/2773/2055 2581/2767/2049
f 2581/2767/2049 2587/2773/2055 2588/2774/2056
f 2585/2771/2053 2572/2760/2042 2589/2775/2057
f 2585/2771/2053 2589/2775/2057 2544/2737/2019
f 2544/2737/2019 2589/2775/2057 2590/2776/2058
f 2544/2737/2019 2590/2776/2058 2550/2743/2025
f 2572/2760/2042 2564/2755/2037 2591/2777/2059
f 2572/2760/2042 2591/2777/2059 2589/2775/2057
f 2588/2774/2056 2587/2773/2055 2592/2778/2060
f 2589/2775/2057 2593/2779/2061 2594/2780/2062
f 2589/2775/2057 2595/2781/2063 2593/2779/2061
f 2589/2775/2057 2594/2780/2062 2590/2776/2058
f 2589/2775/2057 2591/2777/2059 2595/2781/2063
f 2590/2776/2058 2594/2780/2062 2550/2743/2025
f 2550/2743/2025 2596/2782/2064 2558/2749/2031
f 2550/2743/2025 2594/2780/2062 2596/2782/2064
f 2564/2755/2037 2556/2754/2036 2597/2783/2065
f 2564/2755/2037 2597/2783/2065 2595/2781/2063
f 2564/2755/2037 2595/2781/2063 2591/2777/2059
f 2593/2779/2061 2595/2781/2063 2598/2784/2066
f 2593/2779/2061 2598/2784/2066 2594/2780/2062
f 2594/2780/2062 2598/2784/2066 2599/2785/2067
f 2594/2780/2062 2599/2785/2067 2600/2786/2068
f 2594/2780/2062 2600/2786/2068 2596/2782/2064
f 2595/2781/2063 2601/2787/2069 2602/2788/2070
f 2595/2781/2063 2602/2788/2070 2598/2784/2066
f 2595/2781/2063 2597/2783/2065 2601/2787/2069
f 2596/2782/2064 2600/2786/2068 2558/2749/2031
f 2558/2749/2031 2600/2786/2068 2603/2789/2071
f 2558/2749/2031 2603/2789/2071 2566/240/60
f 2556/2754/2036 2563/2790/2072 2604/2791/2073
f 2556/2754/2036 2604/2791/2073 2601/2787/2069
f 2556/2754/2036 2601/2787/2069 2597/2783/2065
f 2599/2785/2067 2598/2784/2066 2608/2792/2074
f 2599/2785/2067 2608/2792/2074 2600/2786/2068
f 2602/2788/2070 2601/2787/2069 2609/2793/2075
f 2602/2788/2070 2609/2793/2075 2598/2784/2066
f 2603/2789/2071 2600/2786/2068 2610/2794/2076
f 2603/2789/2071 2610/2794/2076 2566/240/60
f 2566/240/60 2610/2794/2076 2611/245/60
f 2563/2790/2072 2612/2795/2077 2604/2791/2073
f 2604/2791/2073 2612/2795/2077 2601/2787/2069
f 2605/2796/2078 2592/2778/2060 2613/2797/2079
f 2605/2796/2078 2613/2797/2079 2606/2798/2080
f 2598/2784/2066 2614/2799/2081 2608/2792/2074
f 2598/2784/2066 2609/2793/2075 2614/2799/2081
f 2611/245/60 2610/2794/2076 2615/246/60
f 2601/2787/2069 2617/2800/2082 2609/2793/2075
f 2601/2787/2069 2612/2795/2077 2617/2800/2082
f 2614/2799/2081 2609/2793/2075 2621/2801/2083
f 2614/2799/2081 2621/2801/2083 2608/2792/2074
f 2617/2800/2082 2624/2802/2084 2609/2793/2075
f 2617/2800/2082 2612/2795/2077 2624/2802/2084
f 2609/2793/2075 2625/2803/2085 2621/2801/2083
f 2609/2793/2075 2624/2802/2084 2625/2803/2085
f 2618/2804/2086 2606/2798/2080 2626/2805/2087
f 2618/2804/2086 2626/2805/2087 2619/2806/2088
f 2606/2798/2080 2613/2797/2079 2627/2807/2089
f 2606/2798/2080 2627/2807/2089 2626/2805/2087
f 2620/2808/2090 2619/2806/2088 2628/2809/2091
f 2612/2795/2077 2630/2810/2092 2624/2802/2084
f 2625/2803/2085 2631/2811/2093 2621/2801/2083
f 2625/2803/2085 2624/2802/2084 2631/2811/2093
f 2627/2807/2089 2613/2797/2079 2632/2812/2094
f 2627/2807/2089 2632/2812/2094 2626/2805/2087
f 2628/2809/2091 2619/2806/2088 2633/2813/2095
f 2628/2809/2091 2633/2813/2095 2634/2814/2096
f 2630/2810/2092 2638/2815/2097 2624/2802/2084
f 2619/2806/2088 2626/2805/2087 2639/2816/2098
f 2619/2806/2088 2639/2816/2098 2640/2817/2099
f 2619/2806/2088 2640/2817/2099 2633/2813/2095
f 2633/2813/2095 2640/2817/2099 2634/2814/2096
f 2624/2802/2084 2644/2818/2100 2631/2811/2093
f 2624/2802/2084 2638/2815/2097 2644/2818/2100
f 2626/2805/2087 2632/2812/2094 2645/2819/2101
f 2626/2805/2087 2646/2820/2102 2639/2816/2098
f 2626/2805/2087 2645/2819/2101 2646/2820/2102
f 2639/2816/2098 2646/2820/2102 2640/2817/2099
f 2643/256/60 2650/2821/2103 2642/255/60
f 2643/256/60 2615/246/60 2650/2821/2103
f 2615/246/60 2651/2822/2104 2650/2821/2103
f 2615/246/60 2610/2794/2076 2651/2822/2104
f 2644/2818/2100 2652/2823/2105 2631/2811/2093
f 2644/2818/2100 2638/2815/2097 2652/2823/2105
f 2645/2819/2101 2632/2812/2094 2653/2824/2106
f 2645/2819/2101 2653/2824/2106 2646/2820/2102
f 2634/2814/2096 2640/2817/2099 2654/2825/2107
f 2634/2814/2096 2654/2825/2107 2655/2826/2108
f 2634/2814/2096 2655/2826/2108 2647/2827/2109
f 2647/2827/2109 2655/2826/2108 2648/2828/2110
f 2649/2829/2111 2648/2828/2110 2656/2830/2112
f 2651/2822/2104 2657/2831/2113 2650/2821/2103
f 2651/2822/2104 2610/2794/2076 2657/2831/2113
f 2610/2794/2076 2658/2832/2114 2657/2831/2113
f 2610/2794/2076 2600/2786/2068 2658/2832/2114
f 2640/2817/2099 2646/2820/2102 2659/2833/2115
f 2640/2817/2099 2660/2834/2116 2654/2825/2107
f 2640/2817/2099 2659/2833/2115 2660/2834/2116
f 2654/2825/2107 2660/2834/2116 2655/2826/2108
f 2655/2826/2108 2660/2834/2116 2661/2835/2117
f 2655/2826/2108 2661/2835/2117 2662/2836/2118
f 2655/2826/2108 2663/2837/2119 2648/2828/2110
f 2655/2826/2108 2662/2836/2118 2663/2837/2119
f 2658/2832/2114 2608/2792/2074 2657/2831/2113
f 2658/2832/2114 2600/2786/2068 2608/2792/2074
f 2646/2820/2102 2653/2824/2106 2664/2838/2120
f 2646/2820/2102 2664/2838/2120 2665/2839/2121
f 2646/2820/2102 2665/2839/2121 2659/2833/2115
f 2659/2833/2115 2665/2839/2121 2660/2834/2116
f 2660/2834/2116 2665/2839/2121 2666/2840/2122
f 2660/2834/2116 2666/2840/2122 2667/2841/2123
f 2660/2834/2116 2667/2841/2123 2661/2835/2117
f 2661/2835/2117 2667/2841/2123 2662/2836/2118
f 2663/2837/2119 2668/2842/2124 2648/2828/2110
f 2663/2837/2119 2662/2836/2118 2668/2842/2124
f 2648/2828/2110 2669/2843/2125 2656/2830/2112
f 2648/2828/2110 2668/2842/2124 2669/2843/2125
f 2608/2792/2074 2621/2801/2083 2670/2844/2126
f 2608/2792/2074 2670/2844/2126 2657/2831/2113
f 2664/2838/2120 2653/2824/2106 2671/2845/2127
f 2664/2838/2120 2671/2845/2127 2665/2839/2121
f 2665/2839/2121 2671/2845/2127 2672/2846/2128
f 2665/2839/2121 2673/2847/2129 2666/2840/2122
f 2665/2839/2121 2672/2846/2128 2673/2847/2129
f 2666/2840/2122 2673/2847/2129 2667/2841/2123
f 2669/2843/2125 2674/2848/2130 2656/2830/2112
f 2669/2843/2125 2668/2842/2124 2674/2848/2130
f 2621/2801/2083 2675/2849/2131 2676/2850/2132
f 2621/2801/2083 2631/2811/2093 2675/2849/2131
f 2621/2801/2083 2676/2850/2132 2670/2844/2126
f 2670/2844/2126 2676/2850/2132 2657/2831/2113
f 2657/2831/2113 2676/2850/2132 2677/2851/2133
f 2657/2831/2113 2677/2851/2133 2650/2821/2103
f 2672/2846/2128 2671/2845/2127 2678/2852/2134
f 2672/2846/2128 2678/2852/2134 2673/2847/2129
f 2675/2849/2131 2631/2811/2093 2680/2853/2135
f 2675/2849/2131 2680/2853/2135 2676/2850/2132
f 2676/2850/2132 2680/2853/2135 2681/2854/2136
f 2676/2850/2132 2681/2854/2136 2682/2855/2137
f 2676/2850/2132 2682/2855/2137 2677/2851/2133
f 2631/2811/2093 2683/2856/2138 2680/2853/2135
f 2631/2811/2093 2652/2823/2105 2683/2856/2138
f 2677/2851/2133 2682/2855/2137 2650/2821/2103
f 2650/2821/2103 2682/2855/2137 2684/2857/2139
f 2650/2821/2103 2684/2857/2139 2642/255/60
f 2679/2858/2140 2674/2848/2130 2685/2859/2141
f 2679/2858/2140 2685/2859/2141 2638/2815/2097
f 2679/2858/2140 2638/2815/2097 2686/2860/2142
f 2681/2854/2136 2680/2853/2135 2687/2861/2143
f 2681/2854/2136 2687/2861/2143 2682/2855/2137
f 2682/2855/2137 2688/2862/2144 2689/2863/2145
f 2682/2855/2137 2687/2861/2143 2688/2862/2144
f 2682/2855/2137 2689/2863/2145 2684/2857/2139
f 2683/2856/2138 2652/2823/2105 2690/2864/2146
f 2683/2856/2138 2690/2864/2146 2680/2853/2135
f 2684/2857/2139 2689/2863/2145 2642/255/60
f 2642/255/60 2689/2863/2145 2691/257/60
f 2685/2859/2141 2674/2848/2130 2652/2823/2105
f 2685/2859/2141 2652/2823/2105 2638/2815/2097
f 2674/2848/2130 2668/2842/2124 2692/2865/2147
f 2674/2848/2130 2692/2865/2147 2652/2823/2105
f 2688/2862/2144 2687/2861/2143 2693/2866/2148
f 2688/2862/2144 2693/2866/2148 2689/2863/2145
f 2689/2863/2145 2693/2866/2148 2694/2867/2149
f 2689/2863/2145 2694/2867/2149 2695/258/60
f 2689/2863/2145 2695/258/60 2691/257/60
f 2680/2853/2135 2696/2868/2150 2687/2861/2143
f 2680/2853/2135 2690/2864/2146 2696/2868/2150
f 2692/2865/2147 2668/2842/2124 2690/2864/2146
f 2692/2865/2147 2690/2864/2146 2652/2823/2105
f 2668/2842/2124 2662/2836/2118 2698/2869/2151
f 2668/2842/2124 2698/2869/2151 2690/2864/2146
f 2694/2867/2149 2693/2866/2148 2699/2870/2152
f 2694/2867/2149 2699/2870/2152 2695/258/60
f 2695/258/60 2699/2870/2152 2700/260/60
f 2696/2868/2150 2690/2864/2146 2702/2871/2153
f 2696/2868/2150 2702/2871/2153 2687/2861/2143
f 2687/2861/2143 2702/2871/2153 2703/2872/2154
f 2687/2861/2143 2703/2872/2154 2693/2866/2148
f 2690/2864/2146 2698/2869/2151 2702/2871/2153
f 2662/2836/2118 2667/2841/2123 2705/2873/2155
f 2662/2836/2118 2705/2873/2155 2702/2871/2153
f 2662/2836/2118 2702/2871/2153 2698/2869/2151
f 2700/260/60 2699/2870/2152 2706/263/60
f 2702/2871/2153 2709/2874/2156 2703/2872/2154
f 2702/2871/2153 2705/2873/2155 2709/2874/2156
f 2703/2872/2154 2709/2874/2156 2693/2866/2148
f 2693/2866/2148 2709/2874/2156 2710/2875/2157
f 2693/2866/2148 2710/2875/2157 2699/2870/2152
f 2667/2841/2123 2673/2847/2129 2711/2876/2158
f 2667/2841/2123 2711/2876/2158 2709/2874/2156
f 2667/2841/2123 2709/2874/2156 2705/2873/2155
f 2706/263/60 2713/2877/2159 2714/267/60
f 2706/263/60 2715/2878/2160 2713/2877/2159
f 2706/263/60 2699/2870/2152 2715/2878/2160
f 2709/2874/2156 2711/2876/2158 2717/2879/2161
f 2709/2874/2156 2717/2879/2161 2710/2875/2157
f 2710/2875/2157 2717/2879/2161 2699/2870/2152
f 2673/2847/2129 2678/2852/2134 2718/2880/2162
f 2673/2847/2129 2718/2880/2162 2717/2879/2161
f 2673/2847/2129 2717/2879/2161 2711/2876/2158
f 2714/267/60 2713/2877/2159 2719/269/60
f 2715/2878/2160 2717/2879/2161 2713/2877/2159
f 2715/2878/2160 2699/2870/2152 2717/2879/2161
f 2717/2879/2161 2718/2880/2162 2713/2877/2159
f 2678/2852/2134 2671/2845/2127 2722/2881/2163
f 2678/2852/2134 2722/2881/2163 2723/2882/2164
f 2678/2852/2134 2723/2882/2164 2724/2883/2165
f 2678/2852/2134 2713/2877/2159 2718/2880/2162
f 2678/2852/2134 2724/2883/2165 2713/2877/2159
f 2671/2845/2127 2653/2824/2106 2727/2884/2166
f 2671/2845/2127 2727/2884/2166 2728/2885/2167
f 2671/2845/2127 2728/2885/2167 2722/2881/2163
f 2722/2881/2163 2728/2885/2167 2723/2882/2164
f 2724/2883/2165 2723/2882/2164 2719/269/60
f 2724/2883/2165 2719/269/60 2713/2877/2159
f 2723/2882/2164 2728/2885/2167 2729/2886/2168
f 2723/2882/2164 2729/2886/2168 2730/276/60
f 2723/2882/2164 2730/276/60 2731/275/60
f 2723/2882/2164 2731/275/60 2719/269/60
f 2653/2824/2106 2632/2812/2094 2733/2887/2169
f 2653/2824/2106 2733/2887/2169 2734/2888/2170
f 2653/2824/2106 2734/2888/2170 2727/2884/2166
f 2727/2884/2166 2734/2888/2170 2728/2885/2167
f 2728/2885/2167 2735/2889/2171 2736/2890/2172
f 2728/2885/2167 2734/2888/2170 2735/2889/2171
f 2728/2885/2167 2736/2890/2172 2729/2886/2168
f 2729/2886/2168 2736/2890/2172 2730/276/60
f 2632/2812/2094 2613/2797/2079 2740/2891/2173
f 2632/2812/2094 2740/2891/2173 2741/2892/2174
f 2632/2812/2094 2741/2892/2174 2733/2887/2169
f 2733/2887/2169 2741/2892/2174 2734/2888/2170
f 2734/2888/2170 2741/2892/2174 2742/2893/2175
f 2734/2888/2170 2742/2893/2175 2743/2894/2176
f 2734/2888/2170 2743/2894/2176 2735/2889/2171
f 2735/2889/2171 2743/2894/2176 2736/2890/2172
f 2613/2797/2079 2592/2778/2060 2745/2895/2177
f 2613/2797/2079 2746/2896/2178 2740/2891/2173
f 2613/2797/2079 2745/2895/2177 2746/2896/2178
f 2740/2891/2173 2746/2896/2178 2741/2892/2174
f 2741/2892/2174 2747/2897/2179 2748/2898/2180
f 2741/2892/2174 2746/2896/2178 2747/2897/2179
f 2741/2892/2174 2748/2898/2180 2742/2893/2175
f 2742/2893/2175 2748/2898/2180 2743/2894/2176
f 2743/2894/2176 2749/2899/2181 2750/2900/2182
f 2743/2894/2176 2750/2900/2182 2736/2890/2172
f 2743/2894/2176 2751/2901/2183 2749/2899/2181
f 2743/2894/2176 2748/2898/2180 2751/2901/2183
f 2730/276/60 2736/2890/2172 2752/281/60
f 2592/2778/2060 2587/2773/2055 2745/2895/2177
f 2745/2895/2177 2587/2773/2055 2746/2896/2178
f 2746/2896/2178 2587/2773/2055 2753/2902/2184
f 2746/2896/2178 2753/2902/2184 2754/2903/2185
f 2746/2896/2178 2754/2903/2185 2747/2897/2179
f 2747/2897/2179 2754/2903/2185 2748/2898/2180
f 2748/2898/2180 2755/2904/2186 2751/2901/2183
f 2748/2898/2180 2756/2905/2187 2755/2904/2186
f 2748/2898/2180 2754/2903/2185 2756/2905/2187
f 2750/2900/2182 2757/282/60 2736/2890/2172
f 2750/2900/2182 2749/2899/2181 2757/282/60
f 2736/2890/2172 2757/282/60 2752/281/60
f 2751/2901/2183 2755/2904/2186 2749/2899/2181
f 2587/2773/2055 2583/2769/2051 2753/2902/2184
f 2753/2902/2184 2583/2769/2051 2754/2903/2185
f 2754/2903/2185 2759/2906/2188 2756/2905/2187
f 2754/2903/2185 2760/2907/2189 2759/2906/2188
f 2754/2903/2185 2583/2769/2051 2760/2907/2189
f 2756/2905/2187 2759/2906/2188 2755/2904/2186
f 2755/2904/2186 2761/2908/2190 2749/2899/2181
f 2755/2904/2186 2762/2909/2191 2761/2908/2190
f 2755/2904/2186 2763/2910/2192 2762/2909/2191
f 2755/2904/2186 2759/2906/2188 2763/2910/2192
f 2757/282/60 2749/2899/2181 2765/285/60
f 2583/2769/2051 2586/2772/2054 2760/2907/2189
f 2760/2907/2189 2586/2772/2054 2759/2906/2188
f 2759/2906/2188 2767/2911/2193 2763/2910/2192
f 2759/2906/2188 2768/2912/2194 2767/2911/2193
f 2759/2906/2188 2586/2772/2054 2768/2912/2194
f 2761/2908/2190 2769/289/60 2749/2899/2181
f 2761/2908/2190 2762/2909/2191 2769/289/60
f 2749/2899/2181 2769/289/60 2765/285/60
f 2763/2910/2192 2767/2911/2193 2762/2909/2191
f 2586/2772/2054 2576/2762/2044 2768/2912/2194
f 2767/2911/2193 2772/2913/2195 2773/2914/2196
f 2767/2911/2193 2773/2914/2196 2762/2909/2191
f 2767/2911/2193 2774/2915/2197 2772/2913/2195
f 2767/2911/2193 2576/2762/2044 2774/2915/2197
f 2767/2911/2193 2768/2912/2194 2576/2762/2044
f 2769/289/60 2762/2909/2191 2776/291/60
f 2576/2762/2044 2554/2747/2029 2774/2915/2197
f 2773/2914/2196 2778/295/60 2762/2909/2191
f 2773/2914/2196 2772/2913/2195 2778/295/60
f 2774/2915/2197 2554/2747/2029 2772/2913/2195
f 2776/291/60 2762/2909/2191 2778/295/60
f 2554/2747/2029 2448/2657/1939 2781/2916/2198
f 2554/2747/2029 2781/2916/2198 2772/2913/2195
f 2778/295/60 2772/2913/2195 2783/297/60
f 2448/2657/1939 2785/301/60 2786/299/60
f 2448/2657/1939 2786/299/60 2781/2916/2198
f 2448/2657/1939 2437/216/60 2785/301/60
f 2781/2916/2198 2786/299/60 2772/2913/2195
f 2783/297/60 2772/2913/2195 2786/299/60
f 2788/2917/2199 2789/2918/2199 2790/2919/532
f 2788/2917/2199 2791/2920/526 2789/2918/2199
f 2788/2917/2199 2792/2921/2200 2791/2920/526
f 2788/2917/2199 2790/2919/532 2792/2921/2200
f 2789/2918/2199 2793/2922/2199 2794/2923/532
f 2789/2918/2199 2794/2923/532 2795/2924/532
f 2789/2918/2199 2796/2925/526 2793/2922/2199
f 2789/2918/2199 2797/2926/526 2796/2925/526
f 2789/2918/2199 2795/2924/532 2790/2919/532
f 2789/2918/2199 2791/2920/526 2797/2926/526
f 2793/2922/2199 2798/2927/2201 2794/2923/532
f 2793/2922/2199 2796/2925/526 2798/2927/2201
f 2794/2923/532 2799/2928/2202 2800/2929/2203
f 2794/2923/532 2800/2929/2203 2801/2930/2203
f 2794/2923/532 2802/2931/2204 2799/2928/2202
f 2794/2923/532 2798/2927/2201 2802/2931/2204
f 2794/2923/532 2801/2930/2203 2795/2924/532
f 2795/2924/532 2801/2930/2203 2790/2919/532
f 2797/2926/526 2803/2932/2205 2796/2925/526
f 2797/2926/526 2791/2920/526 2803/2932/2205
f 2796/2925/526 2804/2933/2206 2805/2934/2207
f 2796/2925/526 2806/2935/2205 2804/2933/2206
f 2796/2925/526 2805/2934/2207 2798/2927/2201
f 2796/2925/526 2803/2932/2205 2806/2935/2205
f 2800/2929/2203 2799/2928/2202 2807/2936/496
f 2800/2929/2203 2807/2936/496 2801/2930/2203
f 2801/2930/2203 2808/2937/496 2809/2938/496
f 2801/2930/2203 2809/2938/496 2810/2939/2203
f 2801/2930/2203 2807/2936/496 2808/2937/496
f 2801/2930/2203 2810/2939/2203 2790/2919/532
f 2802/2931/2204 2811/2940/2208 2799/2928/2202
f 2802/2931/2204 2798/2927/2201 2811/2940/2208
f 2805/2934/2207 2804/2933/2206 2812/2941/2209
f 2805/2934/2207 2812/2941/2209 2798/2927/2201
f 2806/2935/2205 2813/2942/520 2804/2933/2206
f 2806/2935/2205 2803/2932/2205 2813/2942/520
f 2808/2937/496 2814/2943/2210 2809/2938/496
f 2808/2937/496 2807/2936/496 2814/2943/2210
f 2810/2939/2203 2809/2938/496 2815/2944/2211
f 2810/2939/2203 2815/2944/2211 2790/2919/532
f 2790/2919/532 2815/2944/2211 2816/2945/2212
f 2790/2919/532 2816/2945/2212 2792/2921/2200
f 2798/2927/2201 2817/2946/2213 2811/2940/2208
f 2798/2927/2201 2812/2941/2209 2817/2946/2213
f 2815/2944/2211 2809/2938/496 2818/2947/2214
f 2815/2944/2211 2819/2948/2215 2816/2945/2212
f 2816/2945/2212 2819/2948/2215 2792/2921/2200
f 2792/2921/2200 2820/2949/2216 2791/2920/526
f 2817/2946/2213 2821/304/2217 2811/2940/2208
f 2817/2946/2213 2812/2941/2209 2821/304/2217
f 2818/2947/2214 2809/2938/496 2822/2950/2218
f 2820/2949/2216 2823/2951/2219 2791/2920/526
f 2791/2920/526 2823/2951/2219 2825/2952/2205
f 2791/2920/526 2825/2952/2205 2803/2932/2205
f 2812/2941/2209 2826/302/2220 2821/304/2217
f 2812/2941/2209 2827/305/2221 2826/302/2220
f 2812/2941/2209 2828/2953/2222 2827/305/2221
f 2812/2941/2209 2804/2933/2206 2828/2953/2222
f 2809/2938/496 2829/2954/2210 2822/2950/2218
f 2809/2938/496 2814/2943/2210 2829/2954/2210
f 2825/2952/2205 2823/2951/2219 2831/2955/520
f 2825/2952/2205 2831/2955/520 2803/2932/2205
f 2803/2932/2205 2832/2956/520 2813/2942/520
f 2803/2932/2205 2831/2955/520 2832/2956/520
f 2828/2953/2222 2834/2957/2223 2827/305/2221
f 2828/2953/2222 2804/2933/2206 2834/2957/2223
f 2804/2933/2206 2835/2958/2224 2834/2957/2223
f 2804/2933/2206 2813/2942/520 2835/2958/2224
f 2829/2954/2210 2814/2943/2210 2836/2959/488
f 2829/2954/2210 2836/2959/488 2822/2950/2218
f 2832/2956/520 2839/2960/2225 2813/2942/520
f 2832/2956/520 2831/2955/520 2839/2960/2225
f 2821/304/2217 2833/303/60 2840/306/2226
f 2821/304/2217 2840/306/2226 2811/2940/2208
f 2835/2958/2224 2841/2961/2227 2834/2957/2223
f 2835/2958/2224 2813/2942/520 2841/2961/2227
f 2822/2950/2218 2842/2962/2228 2830/2963/2229
f 2822/2950/2218 2836/2959/488 2842/2962/2228
f 2838/2964/2230 2837/2965/2231 2831/2955/520
f 2838/2964/2230 2831/2955/520 2823/2951/2219
f 2840/306/2226 2844/307/2232 2811/2940/2208
f 2811/2940/2208 2844/307/2232 2845/2966/2233
f 2811/2940/2208 2845/2966/2233 2799/2928/2202
f 2813/2942/520 2846/2967/2225 2841/2961/2227
f 2813/2942/520 2839/2960/2225 2846/2967/2225
f 2842/2962/2228 2847/2968/2234 2830/2963/2229
f 2842/2962/2228 2836/2959/488 2847/2968/2234
f 2830/2963/2229 2847/2968/2234 2848/2969/2235
f 2831/2955/520 2837/2965/2231 2849/2970/2225
f 2831/2955/520 2849/2970/2225 2839/2960/2225
f 2844/307/2232 2833/303/60 2850/308/2236
f 2844/307/2232 2850/308/2236 2851/2971/2237
f 2844/307/2232 2851/2971/2237 2845/2966/2233
f 2845/2966/2233 2851/2971/2237 2799/2928/2202
f 2799/2928/2202 2851/2971/2237 2852/2972/2238
f 2799/2928/2202 2852/2972/2238 2807/2936/496
f 2846/2967/2225 2853/2973/515 2841/2961/2227
f 2846/2967/2225 2839/2960/2225 2853/2973/515
f 2837/2965/2231 2843/2974/2239 2854/2975/2240
f 2837/2965/2231 2854/2975/2240 2855/2976/515
f 2837/2965/2231 2855/2976/515 2849/2970/2225
f 2849/2970/2225 2855/2976/515 2839/2960/2225
f 2839/2960/2225 2856/2977/515 2853/2973/515
f 2839/2960/2225 2855/2976/515 2856/2977/515
f 2850/308/2236 2857/309/2241 2851/2971/2237
f 2852/2972/2238 2851/2971/2237 2858/2978/2242
f 2852/2972/2238 2858/2978/2242 2807/2936/496
f 2807/2936/496 2858/2978/2242 2859/2979/2210
f 2807/2936/496 2859/2979/2210 2814/2943/2210
f 2854/2975/2240 2843/2974/2239 2862/2980/2243
f 2854/2975/2240 2862/2980/2243 2855/2976/515
f 2843/2974/2239 2863/2981/2244 2862/2980/2243
f 2856/2977/515 2864/2982/2245 2853/2973/515
f 2856/2977/515 2855/2976/515 2864/2982/2245
f 2859/2979/2210 2858/2978/2242 2865/2983/488
f 2859/2979/2210 2865/2983/488 2814/2943/2210
f 2814/2943/2210 2866/2984/488 2836/2959/488
f 2814/2943/2210 2865/2983/488 2866/2984/488
f 2861/2985/2246 2867/2986/485 2860/2987/2247
f 2861/2985/2246 2847/2968/2234 2867/2986/485
f 2847/2968/2234 2868/2988/2248 2867/2986/485
f 2847/2968/2234 2836/2959/488 2868/2988/2248
f 2863/2981/2244 2869/2989/2249 2862/2980/2243
f 2855/2976/515 2870/2990/2245 2864/2982/2245
f 2855/2976/515 2862/2980/2243 2870/2990/2245
f 2866/2984/488 2871/2991/2248 2836/2959/488
f 2866/2984/488 2865/2983/488 2871/2991/2248
f 2836/2959/488 2871/2991/2248 2868/2988/2248
f 2868/2988/2248 2871/2991/2248 2867/2986/485
f 2869/2989/2249 2874/2992/2250 2875/2993/2251
f 2869/2989/2249 2875/2993/2251 2862/2980/2243
f 2870/2990/2245 2862/2980/2243 2876/2994/501
f 2870/2990/2245 2876/2994/501 2864/2982/2245
f 2860/2987/2247 2877/2995/484 2873/2996/2252
f 2860/2987/2247 2878/2997/2253 2877/2995/484
f 2860/2987/2247 2867/2986/485 2878/2997/2253
f 2873/2996/2252 2877/2995/484 2872/2998/2254
f 2875/2993/2251 2874/2992/2250 2876/2994/501
f 2875/2993/2251 2876/2994/501 2862/2980/2243
f 2876/2994/501 2880/2999/2255 2881/3000/2255
f 2876/2994/501 2874/2992/2250 2880/2999/2255
f 2876/2994/501 2881/3000/2255 2882/3001/501
f 2876/2994/501 2882/3001/501 2864/2982/2245
f 2864/2982/2245 2882/3001/501 2883/3002/501
f 2864/2982/2245 2883/3002/501 2884/3003/2245
f 2864/2982/2245 2884/3003/2245 2853/2973/515
f 2878/2997/2253 2885/3004/2253 2877/2995/484
f 2878/2997/2253 2867/2986/485 2885/3004/2253
f 2867/2986/485 2886/3005/485 2885/3004/2253
f 2867/2986/485 2871/2991/2248 2886/3005/485
f 2879/3006/2256 2887/3007/2257 2888/3008/2258
f 2879/3006/2256 2888/3008/2258 2889/3009/2259
f 2879/3006/2256 2889/3009/2259 2874/2992/2250
f 2882/3001/501 2881/3000/2255 2883/3002/501
f 2884/3003/2245 2890/3010/2260 2853/2973/515
f 2884/3003/2245 2883/3002/501 2890/3010/2260
f 2853/2973/515 2890/3010/2260 2891/3011/2261
f 2853/2973/515 2891/3011/2261 2841/2961/2227
f 2886/3005/485 2892/3012/485 2885/3004/2253
f 2886/3005/485 2871/2991/2248 2892/3012/485
f 2871/2991/2248 2893/3013/2248 2892/3012/485
f 2871/2991/2248 2865/2983/488 2893/3013/2248
f 2889/3009/2259 2894/3014/500 2874/2992/2250
f 2889/3009/2259 2888/3008/2258 2894/3014/500
f 2874/2992/2250 2894/3014/500 2880/2999/2255
f 2891/3011/2261 2890/3010/2260 2895/3015/2262
f 2891/3011/2261 2895/3015/2262 2841/2961/2227
f 2841/2961/2227 2895/3015/2262 2896/3016/2263
f 2841/2961/2227 2896/3016/2263 2834/2957/2223
f 2893/3013/2248 2897/3017/2264 2892/3012/485
f 2893/3013/2248 2865/2983/488 2897/3017/2264
f 2865/2983/488 2898/3018/2265 2897/3017/2264
f 2865/2983/488 2858/2978/2242 2898/3018/2265
f 2880/2999/2255 2894/3014/500 2881/3000/2255
f 2896/3016/2263 2901/3019/2266 2834/2957/2223
f 2896/3016/2263 2895/3015/2262 2901/3019/2266
f 2834/2957/2223 2902/310/2267 2827/305/2221
f 2834/2957/2223 2901/3019/2266 2902/310/2267
f 2898/3018/2265 2903/3020/2268 2897/3017/2264
f 2898/3018/2265 2858/2978/2242 2903/3020/2268
f 2858/2978/2242 2904/3021/2269 2903/3020/2268
f 2858/2978/2242 2851/2971/2237 2904/3021/2269
f 2900/3022/2270 2899/3023/2271 2906/3024/507
f 2900/3022/2270 2906/3024/507 2888/3008/2258
f 2888/3008/2258 2906/3024/507 2907/3025/2272
f 2888/3008/2258 2907/3025/2272 2894/3014/500
f 2901/3019/2266 2908/311/2273 2833/303/60
f 2901/3019/2266 2833/303/60 2902/310/2267
f 2901/3019/2266 2895/3015/2262 2908/311/2273
f 2904/3021/2269 2857/309/2241 2903/3020/2268
f 2904/3021/2269 2851/2971/2237 2857/309/2241
f 2905/3026/2274 2909/3027/2275 2910/3028/2276
f 2905/3026/2274 2910/3028/2276 2899/3023/2271
f 2907/3025/2272 2906/3024/507 2911/3029/2272
f 2907/3025/2272 2911/3029/2272 2894/3014/500
f 2894/3014/500 2911/3029/2272 2912/3030/500
f 2894/3014/500 2912/3030/500 2881/3000/2255
f 2908/311/2273 2895/3015/2262 2913/312/2277
f 2895/3015/2262 2914/3031/2278 2913/312/2277
f 2895/3015/2262 2890/3010/2260 2914/3031/2278
f 2857/309/2241 2833/303/60 2915/313/2279
f 2857/309/2241 2915/313/2279 2903/3020/2268
f 2910/3028/2276 2909/3027/2275 2916/3032/511
f 2910/3028/2276 2916/3032/511 2899/3023/2271
f 2899/3023/2271 2916/3032/511 2917/3033/2280
f 2899/3023/2271 2917/3033/2280 2906/3024/507
f 2912/3030/500 2911/3029/2272 2918/3034/500
f 2912/3030/500 2918/3034/500 2881/3000/2255
f 2881/3000/2255 2918/3034/500 2919/3035/2255
f 2881/3000/2255 2919/3035/2255 2883/3002/501
f 2914/3031/2278 2920/3036/2281 2913/312/2277
f 2914/3031/2278 2890/3010/2260 2920/3036/2281
f 2890/3010/2260 2883/3002/501 2921/3037/2282
f 2890/3010/2260 2921/3037/2282 2920/3036/2281
f 2915/313/2279 2922/314/2283 2903/3020/2268
f 2903/3020/2268 2922/314/2283 2923/3038/2284
f 2903/3020/2268 2923/3038/2284 2897/3017/2264
f 2917/3033/2280 2916/3032/511 2924/3039/2280
f 2917/3033/2280 2924/3039/2280 2906/3024/507
f 2906/3024/507 2924/3039/2280 2925/3040/507
f 2906/3024/507 2925/3040/507 2911/3029/2272
f 2919/3035/2255 2918/3034/500 2926/3041/2285
f 2919/3035/2255 2926/3041/2285 2883/3002/501
f 2883/3002/501 2926/3041/2285 2921/3037/2282
f 2921/3037/2282 2926/3041/2285 2920/3036/2281
f 2922/314/2283 2833/303/60 2927/315/2286
f 2922/314/2283 2927/315/2286 2928/3042/2287
f 2922/314/2283 2928/3042/2287 2923/3038/2284
f 2923/3038/2284 2928/3042/2287 2897/3017/2264
f 2897/3017/2264 2928/3042/2287 2929/3043/2288
f 2897/3017/2264 2929/3043/2288 2892/3012/485
f 2925/3040/507 2924/3039/2280 2930/3044/507
f 2925/3040/507 2930/3044/507 2911/3029/2272
f 2911/3029/2272 2930/3044/507 2931/3045/2272
f 2911/3029/2272 2931/3045/2272 2918/3034/500
f 2926/3041/2285 2918/3034/500 2932/3046/2289
f 2926/3041/2285 2932/3046/2289 2933/3047/2290
f 2926/3041/2285 2933/3047/2290 2934/3048/2291
f 2926/3041/2285 2934/3048/2291 2920/3036/2281
f 2927/315/2286 2935/316/2292 2928/3042/2287
f 2929/3043/2288 2928/3042/2287 2936/3049/2293
f 2929/3043/2288 2936/3049/2293 2892/3012/485
f 2892/3012/485 2936/3049/2293 2937/3050/2253
f 2892/3012/485 2937/3050/2253 2885/3004/2253
f 2931/3045/2272 2930/3044/507 2938/3051/2294
f 2931/3045/2272 2938/3051/2294 2918/3034/500
f 2918/3034/500 2938/3051/2294 2932/3046/2289
f 2932/3046/2289 2938/3051/2294 2933/3047/2290
f 2934/3048/2291 2939/3052/2295 2920/3036/2281
f 2934/3048/2291 2933/3047/2290 2939/3052/2295
f 2920/3036/2281 2939/3052/2295 2940/317/2296
f 2920/3036/2281 2940/317/2296 2913/312/2277
f 2935/316/2292 2833/303/60 2941/318/2297
f 2935/316/2292 2941/318/2297 2942/3053/2298
f 2935/316/2292 2942/3053/2298 2943/3054/2299
f 2935/316/2292 2943/3054/2299 2928/3042/2287
f 2937/3050/2253 2936/3049/2293 2944/3055/484
f 2937/3050/2253 2944/3055/484 2885/3004/2253
f 2885/3004/2253 2944/3055/484 2945/3056/484
f 2885/3004/2253 2945/3056/484 2877/2995/484
f 2939/3052/2295 2946/320/2300 2833/303/60
f 2939/3052/2295 2833/303/60 2940/317/2296
f 2939/3052/2295 2933/3047/2290 2946/320/2300
f 2941/318/2297 2947/319/2301 2942/3053/2298
f 2943/3054/2299 2942/3053/2298 2936/3049/2293
f 2943/3054/2299 2936/3049/2293 2928/3042/2287
f 2945/3056/484 2944/3055/484 2948/3057/2302
f 2945/3056/484 2948/3057/2302 2877/2995/484
f 2877/2995/484 2949/3058/2302 2872/2998/2254
f 2877/2995/484 2948/3057/2302 2949/3058/2302
f 2946/320/2300 2933/3047/2290 2950/321/2303
f 2933/3047/2290 2951/3059/2304 2950/321/2303
f 2933/3047/2290 2938/3051/2294 2951/3059/2304
f 2947/319/2301 2833/303/60 2952/322/2305
f 2947/319/2301 2952/322/2305 2953/3060/2306
f 2947/319/2301 2953/3060/2306 2954/3061/2307
f 2947/319/2301 2954/3061/2307 2942/3053/2298
f 2936/3049/2293 2942/3053/2298 2955/3062/2308
f 2936/3049/2293 2955/3062/2308 2944/3055/484
f 2949/3058/2302 2948/3057/2302 2956/3063/481
f 2949/3058/2302 2956/3063/481 2872/2998/2254
f 2872/2998/2254 2956/3063/481 2957/3064/2309
f 2951/3059/2304 2958/3065/2310 2950/321/2303
f 2951/3059/2304 2938/3051/2294 2958/3065/2310
f 2938/3051/2294 2930/3044/507 2959/3066/2311
f 2938/3051/2294 2959/3066/2311 2958/3065/2310
f 2952/322/2305 2960/323/2312 2953/3060/2306
f 2954/3061/2307 2961/3067/2313 2942/3053/2298
f 2954/3061/2307 2953/3060/2306 2961/3067/2313
f 2942/3053/2298 2961/3067/2313 2955/3062/2308
f 2955/3062/2308 2961/3067/2313 2944/3055/484
f 2944/3055/484 2961/3067/2313 2962/3068/2302
f 2944/3055/484 2962/3068/2302 2948/3057/2302
f 2957/3064/2309 2956/3063/481 2963/3069/2314
f 2930/3044/507 2924/3039/2280 2965/3070/2280
f 2930/3044/507 2965/3070/2280 2966/3071/2315
f 2930/3044/507 2966/3071/2315 2959/3066/2311
f 2959/3066/2311 2966/3071/2315 2958/3065/2310
f 2961/3067/2313 2967/3072/2316 2968/3073/481
f 2961/3067/2313 2968/3073/481 2962/3068/2302
f 2961/3067/2313 2953/3060/2306 2967/3072/2316
f 2962/3068/2302 2968/3073/481 2948/3057/2302
f 2948/3057/2302 2968/3073/481 2969/3074/481
f 2948/3057/2302 2969/3074/481 2956/3063/481
f 2924/3039/2280 2916/3032/511 2970/3075/511
f 2924/3039/2280 2970/3075/511 2971/3076/511
f 2924/3039/2280 2971/3076/511 2965/3070/2280
f 2965/3070/2280 2971/3076/511 2966/3071/2315
f 2967/3072/2316 2972/3077/2317 2968/3073/481
f 2967/3072/2316 2953/3060/2306 2972/3077/2317
f 2968/3073/481 2972/3077/2317 2973/3078/2318
f 2968/3073/481 2973/3078/2318 2974/3079/2318
f 2968/3073/481 2974/3079/2318 2969/3074/481
f 2953/3060/2306 2960/323/2312 2975/3080/2319
f 2953/3060/2306 2975/3080/2319 2972/3077/2317
f 2969/3074/481 2974/3079/2318 2956/3063/481
f 2956/3063/481 2974/3079/2318 2976/3081/2318
f 2956/3063/481 2976/3081/2318 2963/3069/2314
f 2916/3032/511 2977/3082/2320 2978/3083/2320
f 2916/3032/511 2909/3027/2275 2977/3082/2320
f 2916/3032/511 2978/3083/2320 2970/3075/511
f 2970/3075/511 2978/3083/2320 2971/3076/511
f 2973/3078/2318 2972/3077/2317 2979/3084/453
f 2973/3078/2318 2979/3084/453 2974/3079/2318
f 2974/3079/2318 2979/3084/453 2980/3085/453
f 2974/3079/2318 2980/3085/453 2981/3086/453
f 2974/3079/2318 2981/3086/453 2976/3081/2318
f 2960/323/2312 2833/303/60 2982/324/2321
f 2960/323/2312 2982/324/2321 2983/3087/2322
f 2960/323/2312 2983/3087/2322 2975/3080/2319
f 2975/3080/2319 2983/3087/2322 2972/3077/2317
f 2976/3081/2318 2981/3086/453 2963/3069/2314
f 2963/3069/2314 2981/3086/453 2984/3088/2323
f 2977/3082/2320 2909/3027/2275 2985/3089/506
f 2977/3082/2320 2985/3089/506 2978/3083/2320
f 2909/3027/2275 2986/3090/2324 2985/3089/506
f 2980/3085/453 2987/3091/2325 2981/3086/453
f 2980/3085/453 2979/3084/453 2987/3091/2325
f 2982/324/2321 2988/325/2326 2983/3087/2322
f 2972/3077/2317 2989/3092/2327 2979/3084/453
f 2972/3077/2317 2983/3087/2322 2989/3092/2327
f 2984/3088/2323 2981/3086/453 2990/3093/2328
f 2986/3090/2324 2992/3094/2329 2985/3089/506
f 2988/325/2326 2833/303/60 2993/326/2330
f 2988/325/2326 2993/326/2330 2994/3095/2331
f 2988/325/2326 2994/3095/2331 2995/3096/2332
f 2988/325/2326 2995/3096/2332 2983/3087/2322
f 2989/3092/2327 2996/3097/2333 2979/3084/453
f 2989/3092/2327 2983/3087/2322 2996/3097/2333
f 2979/3084/453 2996/3097/2333 2997/3098/2325
f 2979/3084/453 2997/3098/2325 2987/3091/2325
f 2981/3086/453 2998/3099/2325 2990/3093/2328
f 2981/3086/453 2987/3091/2325 2998/3099/2325
f 2991/3100/2334 2990/3093/2328 2999/3101/2335
f 2993/326/2330 3000/327/2336 2994/3095/2331
f 2995/3096/2332 2996/3097/2333 2983/3087/2322
f 2995/3096/2332 2994/3095/2331 2996/3097/2333
f 2996/3097/2333 2994/3095/2331 3001/3102/2337
f 2996/3097/2333 3001/3102/2337 3002/3103/452
f 2996/3097/2333 3002/3103/452 2997/3098/2325
f 2997/3098/2325 3002/3103/452 2987/3091/2325
f 2987/3091/2325 3002/3103/452 3003/3104/452
f 2987/3091/2325 3003/3104/452 3004/3105/452
f 2987/3091/2325 3004/3105/452 2998/3099/2325
f 2998/3099/2325 3004/3105/452 2990/3093/2328
f 2999/3101/2335 2990/3093/2328 3005/3106/2338
f 2999/3101/2335 3005/3106/2338 3006/3107/2339
f 3001/3102/2337 2994/3095/2331 3009/3108/2340
f 3001/3102/2337 3009/3108/2340 3002/3103/452
f 3003/3104/452 3002/3103/452 3010/3109/2341
f 3003/3104/452 3010/3109/2341 3004/3105/452
f 2990/3093/2328 3004/3105/452 3005/3106/2338
f 3005/3106/2338 3004/3105/452 3006/3107/2339
f 3004/3105/452 3010/3109/2341 3011/3110/2341
f 3004/3105/452 3011/3110/2341 3006/3107/2339
f 3008/3111/2342 3007/3112/2343 3013/3113/91
f 3008/3111/2342 3013/3113/91 2992/3094/2329
f 2992/3094/2329 3013/3113/91 3014/3114/2344
f 2992/3094/2329 3014/3114/2344 2985/3089/506
f 2994/3095/2331 3000/327/2336 3015/3115/2345
f 2994/3095/2331 3015/3115/2345 3009/3108/2340
f 3011/3110/2341 3010/3109/2341 3016/3116/489
f 3011/3110/2341 3016/3116/489 3006/3107/2339
f 3012/3117/2346 3006/3107/2339 3017/3118/2347
f 3012/3117/2346 3017/3118/2347 3018/3119/2348
f 3014/3114/2344 3013/3113/91 3019/3120/2344
f 3014/3114/2344 3019/3120/2344 2985/3089/506
f 2985/3089/506 3019/3120/2344 3020/3121/506
f 2985/3089/506 3020/3121/506 2978/3083/2320
f 3000/327/2336 2833/303/60 3021/328/2349
f 3000/327/2336 3021/328/2349 3022/3122/2350
f 3000/327/2336 3022/3122/2350 3015/3115/2345
f 3015/3115/2345 3022/3122/2350 3009/3108/2340
f 3006/3107/2339 3016/3116/489 3017/3118/2347
f 3017/3118/2347 3016/3116/489 3018/3119/2348
f 3020/3121/506 3019/3120/2344 3023/3123/506
f 3020/3121/506 3023/3123/506 2978/3083/2320
f 2978/3083/2320 3023/3123/506 3024/3124/2320
f 2978/3083/2320 3024/3124/2320 2971/3076/511
f 3021/328/2349 3025/329/2351 3022/3122/2350
f 3022/3122/2350 3025/329/2351 3026/3125/2352
f 3022/3122/2350 3026/3125/2352 3027/3126/2353
f 3022/3122/2350 3028/3127/2354 3009/3108/2340
f 3022/3122/2350 3027/3126/2353 3028/3127/2354
f 3009/3108/2340 3028/3127/2354 3029/3128/489
f 3009/3108/2340 3029/3128/489 3030/3129/2341
f 3009/3108/2340 3030/3129/2341 3002/3103/452
f 3024/3124/2320 3023/3123/506 3031/3130/2355
f 3024/3124/2320 3031/3130/2355 2971/3076/511
f 2971/3076/511 3031/3130/2355 3032/3131/2356
f 2971/3076/511 3032/3131/2356 2966/3071/2315
f 3025/329/2351 2833/303/60 3033/330/2357
f 3025/329/2351 3033/330/2357 3034/3132/2358
f 3025/329/2351 3034/3132/2358 3026/3125/2352
f 3026/3125/2352 3034/3132/2358 3027/3126/2353
f 3028/3127/2354 3027/3126/2353 3029/3128/489
f 3030/3129/2341 3029/3128/489 3010/3109/2341
f 3030/3129/2341 3010/3109/2341 3002/3103/452
f 3032/3131/2356 3031/3130/2355 3035/3133/2359
f 3032/3131/2356 3035/3133/2359 2966/3071/2315
f 3031/3130/2355 3023/3123/506 3036/3134/2360
f 3031/3130/2355 3036/3134/2360 3037/3135/2361
f 3031/3130/2355 3037/3135/2361 3038/3136/2362
f 3031/3130/2355 3038/3136/2362 3035/3133/2359
f 2966/3071/2315 3035/3133/2359 3039/3137/2363
f 2966/3071/2315 3039/3137/2363 2958/3065/2310
f 3033/330/2357 3040/331/2364 3034/3132/2358
f 3010/3109/2341 3029/3128/489 3041/3138/489
f 3010/3109/2341 3041/3138/489 3016/3116/489
f 3023/3123/506 3042/3139/2344 3043/3140/2365
f 3023/3123/506 3019/3120/2344 3042/3139/2344
f 3023/3123/506 3043/3140/2365 3036/3134/2360
f 3036/3134/2360 3043/3140/2365 3037/3135/2361
f 3038/3136/2362 3037/3135/2361 3044/334/2366
f 3038/3136/2362 3044/334/2366 3035/3133/2359
f 3039/3137/2363 3035/3133/2359 3045/3141/2367
f 3039/3137/2363 3045/3141/2367 2958/3065/2310
f 2958/3065/2310 3045/3141/2367 3046/332/2368
f 2958/3065/2310 3046/332/2368 2950/321/2303
f 3041/3138/489 3029/3128/489 3047/3142/2369
f 3041/3138/489 3047/3142/2369 3016/3116/489
f 3029/3128/489 3027/3126/2353 3048/3143/2369
f 3029/3128/489 3048/3143/2369 3047/3142/2369
f 3016/3116/489 3049/3144/2369 3018/3119/2348
f 3016/3116/489 3047/3142/2369 3049/3144/2369
f 3035/3133/2359 3044/334/2366 3050/333/2370
f 3035/3133/2359 3050/333/2370 3045/3141/2367
f 3045/3141/2367 3050/333/2370 2833/303/60
f 3045/3141/2367 2833/303/60 3046/332/2368
f 3047/3142/2369 3048/3143/2369 3051/3145/492
f 3047/3142/2369 3052/3146/492 3049/3144/2369
f 3047/3142/2369 3053/3147/492 3052/3146/492
f 3047/3142/2369 3051/3145/492 3053/3147/492
f 3027/3126/2353 3034/3132/2358 3054/3148/2371
f 3027/3126/2353 3054/3148/2371 3051/3145/492
f 3027/3126/2353 3051/3145/492 3048/3143/2369
f 3049/3144/2369 3052/3146/492 3018/3119/2348
f 3018/3119/2348 3052/3146/492 3055/3149/2372
f 3051/3145/492 3054/3148/2371 3056/3150/2373
f 3051/3145/492 3057/3151/2374 3053/3147/492
f 3051/3145/492 3056/3150/2373 3058/3152/2374
f 3051/3145/492 3058/3152/2374 3057/3151/2374
f 3053/3147/492 3057/3151/2374 3052/3146/492
f 3052/3146/492 3059/3153/2375 3055/3149/2372
f 3052/3146/492 3060/3154/2374 3059/3153/2375
f 3052/3146/492 3057/3151/2374 3060/3154/2374
f 3034/3132/2358 3040/331/2364 3061/3155/2376
f 3034/3132/2358 3061/3155/2376 3056/3150/2373
f 3034/3132/2358 3056/3150/2373 3054/3148/2371
f 3044/334/2366 3062/335/2377 2833/303/60
f 3044/334/2366 3037/3135/2361 3062/335/2377
f 3058/3152/2374 3063/3156/497 3057/3151/2374
f 3058/3152/2374 3056/3150/2373 3063/3156/497
f 3060/3154/2374 3057/3151/2374 3064/3157/497
f 3060/3154/2374 3064/3157/497 3059/3153/2375
f 3057/3151/2374 3065/3158/497 3064/3157/497
f 3057/3151/2374 3063/3156/497 3065/3158/497
f 3040/331/2364 2833/303/60 3066/3159/2378
f 3040/331/2364 3066/3159/2378 3067/3160/2379
f 3040/331/2364 3067/3160/2379 3061/3155/2376
f 3061/3155/2376 3067/3160/2379 3056/3150/2373
f 3062/335/2377 3037/3135/2361 3068/336/2380
f 2833/303/60 3068/336/2380 3069/3161/2381
f 2833/303/60 3070/3162/2382 3066/3159/2378
f 2833/303/60 3069/3161/2381 3070/3162/2382
f 3037/3135/2361 3071/3163/2383 3068/336/2380
f 3037/3135/2361 3043/3140/2365 3071/3163/2383
f 3065/3158/497 3072/3164/2384 3064/3157/497
f 3065/3158/497 3063/3156/497 3072/3164/2384
f 3066/3159/2378 3070/3162/2382 3067/3160/2379
f 3056/3150/2373 3073/3165/2385 3063/3156/497
f 3056/3150/2373 3067/3160/2379 3073/3165/2385
f 3067/3160/2379 3074/3166/2386 3073/3165/2385
f 3067/3160/2379 3070/3162/2382 3075/3167/2387
f 3067/3160/2379 3075/3167/2387 3074/3166/2386
f 3068/336/2380 3077/3168/2388 3069/3161/2381
f 3068/336/2380 3071/3163/2383 3077/3168/2388
f 3069/3161/2381 3077/3168/2388 3070/3162/2382
f 3070/3162/2382 3077/3168/2388 3075/3167/2387
f 3071/3163/2383 3043/3140/2365 3077/3168/2388
f 3043/3140/2365 3078/3169/2389 3077/3168/2388
f 3043/3140/2365 3079/3170/91 3078/3169/2389
f 3043/3140/2365 3042/3139/2344 3079/3170/91
f 3073/3165/2385 3074/3166/2386 3063/3156/497
f 3075/3167/2387 3077/3168/2388 3074/3166/2386
f 3059/3153/2375 3064/3157/497 3076/3171/2390
f 3076/3171/2390 3064/3157/497 3007/3112/2343
f 3007/3112/2343 3064/3157/497 3080/3172/2384
f 3007/3112/2343 3080/3172/2384 3013/3113/91
f 3077/3168/2388 3078/3169/2389 3074/3166/2386
f 3078/3169/2389 3079/3170/91 3074/3166/2386
f 3079/3170/91 3081/3173/2384 3074/3166/2386
f 3079/3170/91 3072/3164/2384 3081/3173/2384
f 3079/3170/91 3082/3174/91 3072/3164/2384
f 3079/3170/91 3019/3120/2344 3082/3174/91
f 3079/3170/91 3042/3139/2344 3019/3120/2344
f 3063/3156/497 3074/3166/2386 3081/3173/2384
f 3063/3156/497 3081/3173/2384 3072/3164/2384
f 3064/3157/497 3072/3164/2384 3080/3172/2384
f 3080/3172/2384 3072/3164/2384 3013/3113/91
f 3013/3113/91 3072/3164/2384 3082/3174/91
f 3013/3113/91 3082/3174/91 3019/3120/2344
f 3084/3175/2391 3086/3176/2392 3087/3177/1
f 3084/3175/2391 3087/3177/1 3088/3178/1
f 3084/3175/2391 3089/3179/1 3090/3180/2393
f 3084/3175/2391 3088/3178/1 3089/3179/1
f 3086/3176/2392 3085/3181/2394 3087/3177/1
f 3087/3177/1 3085/3181/2394 3092/3182/1
f 3089/3179/1 3091/3183/2395 3090/3180/2393
f 3089/3179/1 3093/3184/1 3091/3183/2395
f 3091/3183/2395 3094/3185/1 3095/3186/2396
f 3091/3183/2395 3095/3186/2396 3096/3187/2397
f 3091/3183/2395 3093/3184/1 3094/3185/1
f 3092/3182/1 3085/3181/2394 3100/3188/1
f 3094/3185/1 3101/3189/2398 3095/3186/2396
f 3094/3185/1 3102/3190/1 3101/3189/2398
f 3095/3186/2396 3101/3189/2398 3096/3187/2397
f 3096/3187/2397 3101/3189/2398 3103/3191/2399
f 3098/3192/2400 3097/3193/2401 3100/3188/1
f 3098/3192/2400 3100/3188/1 3085/3181/2394
f 3099/3194/2402 3104/3195/2403 3097/3193/2401
f 3100/3188/1 3097/3193/2401 3105/3196/1
f 3097/3193/2401 3106/3197/2404 3107/3198/1
f 3097/3193/2401 3107/3198/1 3105/3196/1
f 3097/3193/2401 3104/3195/2403 3106/3197/2404
f 3101/3189/2398 3108/3199/1 3109/3200/2405
f 3101/3189/2398 3102/3190/1 3108/3199/1
f 3104/3195/2403 3110/3201/2406 3106/3197/2404
f 3106/3197/2404 3110/3201/2406 3107/3198/1
f 3107/3198/1 3110/3201/2406 3111/3202/1
f 3108/3199/1 3112/3203/2407 3109/3200/2405
f 3108/3199/1 3113/3204/1 3112/3203/2407
f 3110/3201/2406 3115/3205/2408 3116/3206/1
f 3110/3201/2406 3116/3206/1 3111/3202/1
f 3110/3201/2406 3117/3207/2409 3115/3205/2408
f 3112/3203/2407 3118/3208/1 3119/3209/2410
f 3112/3203/2407 3119/3209/2410 3120/3210/2411
f 3112/3203/2407 3113/3204/1 3118/3208/1
f 3112/3203/2407 3120/3210/2411 3114/3211/2412
f 3115/3205/2408 3121/3212/2413 3116/3206/1
f 3115/3205/2408 3117/3207/2409 3121/3212/2413
f 3116/3206/1 3121/3212/2413 3122/3213/1
f 3117/3207/2409 3123/3214/2414 3121/3212/2413
f 3118/3208/1 3124/3215/2415 3119/3209/2410
f 3118/3208/1 3125/3216/1 3124/3215/2415
f 3119/3209/2410 3124/3215/2415 3120/3210/2411
f 3120/3210/2411 3124/3215/2415 3126/3217/2416
f 3121/3212/2413 3127/3218/2417 3128/3219/1
f 3121/3212/2413 3128/3219/1 3122/3213/1
f 3124/3215/2415 3129/3220/1 3130/3221/2418
f 3124/3215/2415 3130/3221/2418 3131/3222/2419
f 3124/3215/2415 3125/3216/1 3129/3220/1
f 3124/3215/2415 3131/3222/2419 3126/3217/2416
f 3127/3218/2417 3132/3223/2420 3128/3219/1
f 3128/3219/1 3132/3223/2420 3133/3224/1
f 3129/3220/1 3135/3225/2421 3130/3221/2418
f 3129/3220/1 3136/3226/1 3135/3225/2421
f 3130/3221/2418 3135/3225/2421 3131/3222/2419
f 3131/3222/2419 3135/3225/2421 3137/3227/2422
f 3132/3223/2420 3138/3228/2423 3139/3229/1
f 3132/3223/2420 3139/3229/1 3133/3224/1
f 3132/3223/2420 3140/3230/2424 3138/3228/2423
f 3132/3223/2420 3134/3231/2425 3140/3230/2424
f 3135/3225/2421 3141/3232/1 3142/3233/2426
f 3135/3225/2421 3142/3233/2426 3143/3234/2427
f 3135/3225/2421 3136/3226/1 3141/3232/1
f 3135/3225/2421 3143/3234/2427 3137/3227/2422
f 3138/3228/2423 3144/3235/2428 3139/3229/1
f 3138/3228/2423 3140/3230/2424 3144/3235/2428
f 3139/3229/1 3144/3235/2428 3145/3236/1
f 3140/3230/2424 3146/3237/2429 3144/3235/2428
f 3141/3232/1 3147/3238/2430 3142/3233/2426
f 3141/3232/1 3148/3239/1 3147/3238/2430
f 3142/3233/2426 3147/3238/2430 3143/3234/2427
f 3143/3234/2427 3147/3238/2430 3149/3240/2431
f 3144/3235/2428 3150/3241/2432 3151/3242/1
f 3144/3235/2428 3151/3242/1 3145/3236/1
f 3147/3238/2430 3152/3243/1 3153/3244/2433
f 3147/3238/2430 3153/3244/2433 3154/3245/2434
f 3147/3238/2430 3148/3239/1 3152/3243/1
f 3147/3238/2430 3154/3245/2434 3149/3240/2431
f 3150/3241/2432 3155/3246/2435 3151/3242/1
f 3151/3242/1 3155/3246/2435 3156/3247/1
f 3152/3243/1 3157/3248/2436 3153/3244/2433
f 3152/3243/1 3158/3249/1 3157/3248/2436
f 3153/3244/2433 3157/3248/2436 3154/3245/2434
f 3154/3245/2434 3157/3248/2436 3159/3250/2437
f 3155/3246/2435 3160/3251/2438 3161/3252/1
f 3155/3246/2435 3161/3252/1 3156/3247/1
f 3155/3246/2435 3162/3253/2439 3160/3251/2438
f 3157/3248/2436 3163/3254/1 3164/3255/2440
f 3157/3248/2436 3158/3249/1 3163/3254/1
f 3160/3251/2438 3165/3256/2441 3161/3252/1
f 3160/3251/2438 3162/3253/2439 3165/3256/2441
f 3161/3252/1 3165/3256/2441 3166/3257/1
f 3162/3253/2439 3167/3258/2442 3165/3256/2441
f 3163/3254/1 3168/3259/2443 3164/3255/2440
f 3163/3254/1 3169/3260/1 3168/3259/2443
f 3165/3256/2441 3171/3261/2444 3172/3262/1
f 3165/3256/2441 3172/3262/1 3166/3257/1
f 3165/3256/2441 3173/3263/2445 3171/3261/2444
f 3165/3256/2441 3167/3258/2442 3173/3263/2445
f 3168/3259/2443 3174/3264/1 3175/3265/2446
f 3168/3259/2443 3169/3260/1 3174/3264/1
f 3171/3261/2444 3176/3266/2447 3172/3262/1
f 3171/3261/2444 3173/3263/2445 3176/3266/2447
f 3172/3262/1 3176/3266/2447 3177/3267/1
f 3173/3263/2445 3178/3268/2448 3176/3266/2447
f 3174/3264/1 3179/3269/2449 3175/3265/2446
f 3174/3264/1 3180/3270/1 3179/3269/2449
f 3176/3266/2447 3178/3268/2448 3181/3271/2450
f 3176/3266/2447 3181/3271/2450 3182/3272/2451
f 3176/3266/2447 3182/3272/2451 3183/3273/1
f 3176/3266/2447 3183/3273/1 3177/3267/1
f 3179/3269/2449 3184/3274/2452 3185/3275/2453
f 3179/3269/2449 3186/3276/1 3184/3274/2452
f 3179/3269/2449 3180/3270/1 3186/3276/1
f 3181/3271/2450 3187/3277/2454 3182/3272/2451
f 3182/3272/2451 3187/3277/2454 3183/3273/1
f 3183/3273/1 3187/3277/2454 3188/3278/1
f 3184/3274/2452 3186/3276/1 3187/3277/2454
f 3184/3274/2452 3187/3277/2454 3185/3275/2453
f 3186/3276/1 3188/3278/1 3187/3277/2454
f 3190/338/2455 3193/438/2456 3194/3279/2457
f 3190/338/2455 3194/3279/2457 3191/339/2458
f 3191/339/2458 3194/3279/2457 3195/344/1
f 3191/339/2458 3195/344/1 3196/341/2459
f 3192/340/2460 3196/341/2459 3197/342/2461
f 3193/438/2456 3199/347/2462 3195/344/1
f 3193/438/2456 3195/344/1 3194/3279/2457
f 3197/342/2461 3195/344/1 3200/345/2463
f 3200/345/2463 3203/349/2464 3201/346/2465
f 3202/348/2466 3205/353/2467 3195/344/1
f 3203/349/2464 3195/344/1 3206/351/2468
f 3206/351/2468 3209/355/2469 3207/352/2470
f 3208/354/2471 3211/359/2472 3195/344/1
f 3209/355/2469 3195/344/1 3212/357/2473
f 3212/357/2473 3216/361/2474 3213/358/2475
f 3214/360/2476 3217/363/2477 3195/344/1
f 3216/361/2474 3195/344/1 3219/367/2478
f 3217/363/2477 3218/362/2479 3220/365/2480
f 3220/365/2480 3223/370/2481 3195/344/1
f 3222/368/2482 3195/344/1 3225/371/2483
f 3223/370/2481 3224/369/2484 3227/373/2485
f 3225/371/2483 3229/375/2486 3226/372/2487
f 3227/373/2485 3230/377/2488 3195/344/1
f 3229/375/2486 3195/344/1 3232/379/2489
f 3230/377/2488 3231/376/2490 3233/378/2491
f 3233/378/2491 3236/382/2492 3195/344/1
f 3234/380/2493 3195/344/1 3238/383/2494
f 3236/382/2492 3237/381/2495 3240/386/2496
f 3238/383/2494 3242/388/2497 3239/384/2498
f 3240/386/2496 3243/390/2499 3195/344/1
f 3242/388/2497 3195/344/1 3245/391/2500
f 3243/390/2499 3244/389/2501 3247/393/2502
f 3245/391/2500 3249/395/2503 3246/392/2504
f 3247/393/2502 3251/452/2505 3195/344/1
f 3195/344/1 3252/397/2506 3249/395/2503
f 3195/344/1 3253/454/2507 3252/397/2506
f 3195/344/1 3251/452/2505 3253/454/2507
f 3252/397/2506 3253/454/2507 3254/398/2508
f 3255/3280/2344 3256/3281/2344 3257/3282/506
f 3255/3280/2344 3257/3282/506 3258/3283/2509
f 3255/3280/2344 3259/3284/91 3256/3281/2344
f 3255/3280/2344 3258/3283/2509 3259/3284/91
f 3256/3281/2344 3260/3285/91 3261/3286/2344
f 3256/3281/2344 3261/3286/2344 3262/3287/506
f 3256/3281/2344 3263/3288/91 3260/3285/91
f 3256/3281/2344 3259/3284/91 3263/3288/91
f 3256/3281/2344 3262/3287/506 3264/3289/506
f 3256/3281/2344 3264/3289/506 3257/3282/506
f 3259/3284/91 3265/3290/2384 3266/3291/2384
f 3259/3284/91 3267/3292/2510 3265/3290/2384
f 3259/3284/91 3268/3293/2511 3267/3292/2510
f 3259/3284/91 3258/3283/2509 3268/3293/2511
f 3259/3284/91 3266/3291/2384 3263/3288/91
f 3261/3286/2344 3269/3294/2512 3262/3287/506
f 3261/3286/2344 3260/3285/91 3269/3294/2512
f 3263/3288/91 3266/3291/2384 3260/3285/91
f 3264/3289/506 3270/3295/2320 3257/3282/506
f 3264/3289/506 3262/3287/506 3270/3295/2320
f 3265/3290/2384 3267/3292/2510 3271/3296/497
f 3265/3290/2384 3271/3296/497 3266/3291/2384
f 3266/3291/2384 3271/3296/497 3272/3297/497
f 3266/3291/2384 3272/3297/497 3273/3298/497
f 3266/3291/2384 3273/3298/497 3274/3299/2384
f 3266/3291/2384 3274/3299/2384 3260/3285/91
f 3268/3293/2511 3275/3300/2513 3267/3292/2510
f 3268/3293/2511 3258/3283/2509 3275/3300/2513
f 3272/3297/497 3271/3296/497 3276/3301/2374
f 3272/3297/497 3276/3301/2374 3273/3298/497
f 3271/3296/497 3277/3302/2514 3278/3303/2374
f 3271/3296/497 3279/3304/2515 3277/3302/2514
f 3271/3296/497 3278/3303/2374 3276/3301/2374
f 3271/3296/497 3267/3292/2510 3279/3304/2515
f 3274/3299/2384 3273/3298/497 3280/3305/2516
f 3274/3299/2384 3280/3305/2516 3260/3285/91
f 3260/3285/91 3280/3305/2516 3281/3306/2517
f 3260/3285/91 3281/3306/2517 3269/3294/2512
f 3275/3300/2513 3258/3283/2509 3282/3307/2518
f 3278/3303/2374 3277/3302/2514 3283/3308/492
f 3278/3303/2374 3283/3308/492 3276/3301/2374
f 3281/3306/2517 3280/3305/2516 3284/3309/2519
f 3281/3306/2517 3284/3309/2519 3269/3294/2512
f 3280/3305/2516 3285/3310/2520 3286/3311/2521
f 3280/3305/2516 3286/3311/2521 3287/3312/2522
f 3280/3305/2516 3287/3312/2522 3284/3309/2519
f 3280/3305/2516 3273/3298/497 3285/3310/2520
f 3285/3310/2520 3289/3313/2523 3286/3311/2521
f 3285/3310/2520 3273/3298/497 3289/3313/2523
f 3287/3312/2522 3290/3314/2524 3284/3309/2519
f 3287/3312/2522 3286/3311/2521 3290/3314/2524
f 3273/3298/497 3291/3315/2374 3289/3313/2523
f 3273/3298/497 3276/3301/2374 3291/3315/2374
f 3258/3283/2509 3257/3282/506 3292/3316/2525
f 3277/3302/2514 3295/3317/2526 3283/3308/492
f 3291/3315/2374 3296/3318/492 3289/3313/2523
f 3291/3315/2374 3276/3301/2374 3296/3318/492
f 3276/3301/2374 3297/3319/492 3296/3318/492
f 3276/3301/2374 3283/3308/492 3297/3319/492
f 3292/3316/2525 3257/3282/506 3293/3320/2527
f 3257/3282/506 3298/3321/2320 3293/3320/2527
f 3257/3282/506 3270/3295/2320 3298/3321/2320
f 3294/3322/2528 3293/3320/2527 3299/3323/2529
f 3293/3320/2527 3300/3324/2530 3299/3323/2529
f 3293/3320/2527 3298/3321/2320 3301/3325/511
f 3293/3320/2527 3301/3325/511 3300/3324/2530
f 3295/3317/2526 3302/3326/2531 3283/3308/492
f 3283/3308/492 3303/3327/2369 3297/3319/492
f 3283/3308/492 3304/3328/2369 3303/3327/2369
f 3283/3308/492 3302/3326/2531 3304/3328/2369
f 3297/3319/492 3303/3327/2369 3296/3318/492
f 3298/3321/2320 3270/3295/2320 3301/3325/511
f 3270/3295/2320 3305/3329/511 3301/3325/511
f 3270/3295/2320 3306/3330/511 3305/3329/511
f 3270/3295/2320 3307/3331/2320 3306/3330/511
f 3270/3295/2320 3262/3287/506 3307/3331/2320
f 3299/3323/2529 3308/3332/2532 3309/3333/2533
f 3299/3323/2529 3300/3324/2530 3308/3332/2532
f 3300/3324/2530 3301/3325/511 3308/3332/2532
f 3304/3328/2369 3310/3334/489 3303/3327/2369
f 3304/3328/2369 3302/3326/2531 3310/3334/489
f 3302/3326/2531 3311/3335/2534 3310/3334/489
f 3305/3329/511 3312/3336/2280 3301/3325/511
f 3305/3329/511 3306/3330/511 3312/3336/2280
f 3307/3331/2320 3313/3337/2535 3306/3330/511
f 3307/3331/2320 3262/3287/506 3313/3337/2535
f 3262/3287/506 3269/3294/2512 3314/3338/2536
f 3262/3287/506 3314/3338/2536 3313/3337/2535
f 3311/3335/2534 3316/3339/2537 3310/3334/489
f 3301/3325/511 3317/3340/2280 3308/3332/2532
f 3301/3325/511 3312/3336/2280 3317/3340/2280
f 3269/3294/2512 3284/3309/2519 3318/3341/2538
f 3269/3294/2512 3318/3341/2538 3319/3342/2539
f 3269/3294/2512 3319/3342/2539 3314/3338/2536
f 3314/3338/2536 3319/3342/2539 3313/3337/2535
f 3315/3343/2540 3322/3344/2541 3316/3339/2537
f 3317/3340/2280 3312/3336/2280 3323/3345/507
f 3317/3340/2280 3323/3345/507 3308/3332/2532
f 3284/3309/2519 3324/3346/2542 3325/3347/2543
f 3284/3309/2519 3290/3314/2524 3324/3346/2542
f 3284/3309/2519 3325/3347/2543 3318/3341/2538
f 3318/3341/2538 3325/3347/2543 3319/3342/2539
f 3321/3348/2544 3323/3345/507 3320/3349/2545
f 3321/3348/2544 3308/3332/2532 3323/3345/507
f 3322/3344/2541 3326/3350/2546 3327/3351/2547
f 3322/3344/2541 3327/3351/2547 3316/3339/2537
f 3325/3347/2543 3328/3352/2548 3329/3353/2549
f 3325/3347/2543 3329/3353/2549 3330/3354/2550
f 3325/3347/2543 3330/3354/2550 3319/3342/2539
f 3327/3351/2547 3326/3350/2546 3333/3355/452
f 3327/3351/2547 3333/3355/452 3316/3339/2537
f 3316/3339/2537 3333/3355/452 3334/3356/2341
f 3316/3339/2537 3334/3356/2341 3310/3334/489
f 3330/3354/2550 3329/3353/2549 3335/3357/2551
f 3330/3354/2550 3335/3357/2551 3319/3342/2539
f 3329/3353/2549 3336/3358/2552 3335/3357/2551
f 3332/3359/2553 3337/3360/500 3331/3361/2554
f 3332/3359/2553 3320/3349/2545 3337/3360/500
f 3320/3349/2545 3338/3362/2272 3337/3360/500
f 3320/3349/2545 3323/3345/507 3338/3362/2272
f 3334/3356/2341 3333/3355/452 3339/3363/2341
f 3334/3356/2341 3339/3363/2341 3310/3334/489
f 3310/3334/489 3340/3364/489 3303/3327/2369
f 3310/3334/489 3339/3363/2341 3340/3364/489
f 3290/3314/2524 3342/3365/2555 3341/3366/2556
f 3290/3314/2524 3286/3311/2521 3342/3365/2555
f 3338/3362/2272 3343/3367/2272 3337/3360/500
f 3338/3362/2272 3323/3345/507 3343/3367/2272
f 3323/3345/507 3344/3368/507 3343/3367/2272
f 3323/3345/507 3312/3336/2280 3344/3368/507
f 3340/3364/489 3339/3363/2341 3345/3369/489
f 3340/3364/489 3345/3369/489 3303/3327/2369
f 3303/3327/2369 3345/3369/489 3346/3370/2369
f 3303/3327/2369 3346/3370/2369 3296/3318/492
f 3341/3366/2556 3342/3365/2555 3347/3371/2557
f 3342/3365/2555 3286/3311/2521 3347/3371/2557
f 3286/3311/2521 3348/3372/2558 3347/3371/2557
f 3286/3311/2521 3289/3313/2523 3348/3372/2558
f 3344/3368/507 3349/3373/507 3343/3367/2272
f 3344/3368/507 3312/3336/2280 3349/3373/507
f 3312/3336/2280 3350/3374/2280 3349/3373/507
f 3312/3336/2280 3306/3330/511 3350/3374/2280
f 3346/3370/2369 3351/3375/2559 3296/3318/492
f 3346/3370/2369 3345/3369/489 3351/3375/2559
f 3296/3318/492 3351/3375/2559 3352/3376/2560
f 3296/3318/492 3352/3376/2560 3289/3313/2523
f 3347/3371/2557 3354/3377/2561 3353/3378/2562
f 3347/3371/2557 3348/3372/2558 3354/3377/2561
f 3348/3372/2558 3289/3313/2523 3354/3377/2561
f 3289/3313/2523 3352/3376/2560 3354/3377/2561
f 3350/3374/2280 3355/3379/2563 3349/3373/507
f 3350/3374/2280 3306/3330/511 3355/3379/2563
f 3306/3330/511 3356/3380/2564 3355/3379/2563
f 3306/3330/511 3313/3337/2535 3356/3380/2564
f 3352/3376/2560 3351/3375/2559 3354/3377/2561
f 3351/3375/2559 3357/3381/2565 3358/3382/2566
f 3351/3375/2559 3358/3382/2566 3359/3383/2567
f 3351/3375/2559 3359/3383/2567 3354/3377/2561
f 3351/3375/2559 3345/3369/489 3357/3381/2565
f 3353/3378/2562 3354/3377/2561 3360/3384/2568
f 3354/3377/2561 3359/3383/2567 3360/3384/2568
f 3356/3380/2564 3313/3337/2535 3361/3385/2569
f 3356/3380/2564 3361/3385/2569 3355/3379/2563
f 3313/3337/2535 3319/3342/2539 3362/3386/2570
f 3313/3337/2535 3362/3386/2570 3361/3385/2569
f 3357/3381/2565 3363/3387/2571 3358/3382/2566
f 3357/3381/2565 3345/3369/489 3363/3387/2571
f 3359/3383/2567 3358/3382/2566 3360/3384/2568
f 3345/3369/489 3364/3388/2341 3363/3387/2571
f 3345/3369/489 3339/3363/2341 3364/3388/2341
f 3360/3384/2568 3365/3389/2572 3366/3390/2573
f 3360/3384/2568 3358/3382/2566 3365/3389/2572
f 3319/3342/2539 3335/3357/2551 3362/3386/2570
f 3362/3386/2570 3335/3357/2551 3361/3385/2569
f 3363/3387/2571 3367/3391/2574 3368/3392/2575
f 3363/3387/2571 3368/3392/2575 3369/3393/2576
f 3363/3387/2571 3369/3393/2576 3358/3382/2566
f 3363/3387/2571 3370/3394/452 3367/3391/2574
f 3363/3387/2571 3364/3388/2341 3370/3394/452
f 3364/3388/2341 3339/3363/2341 3370/3394/452
f 3339/3363/2341 3371/3395/452 3370/3394/452
f 3339/3363/2341 3333/3355/452 3371/3395/452
f 3365/3389/2572 3372/3396/2577 3366/3390/2573
f 3365/3389/2572 3358/3382/2566 3372/3396/2577
f 3335/3357/2551 3373/3397/2578 3361/3385/2569
f 3367/3391/2574 3374/3398/2579 3368/3392/2575
f 3367/3391/2574 3370/3394/452 3374/3398/2579
f 3369/3393/2576 3372/3396/2577 3358/3382/2566
f 3369/3393/2576 3368/3392/2575 3372/3396/2577
f 3370/3394/452 3375/3399/2325 3374/3398/2579
f 3370/3394/452 3376/3400/2325 3375/3399/2325
f 3370/3394/452 3371/3395/452 3376/3400/2325
f 3371/3395/452 3333/3355/452 3376/3400/2325
f 3333/3355/452 3377/3401/2325 3376/3400/2325
f 3333/3355/452 3326/3350/2546 3377/3401/2325
f 3372/3396/2577 3378/3402/2580 3379/3403/2581
f 3372/3396/2577 3368/3392/2575 3378/3402/2580
f 3373/3397/2578 3380/3404/2582 3361/3385/2569
f 3361/3385/2569 3380/3404/2582 3381/3405/2583
f 3361/3385/2569 3381/3405/2583 3355/3379/2563
f 3375/3399/2325 3382/3406/453 3374/3398/2579
f 3375/3399/2325 3376/3400/2325 3382/3406/453
f 3377/3401/2325 3383/3407/453 3376/3400/2325
f 3377/3401/2325 3326/3350/2546 3383/3407/453
f 3376/3400/2325 3383/3407/453 3384/3408/453
f 3376/3400/2325 3384/3408/453 3382/3406/453
f 3326/3350/2546 3385/3409/2584 3383/3407/453
f 3378/3402/2580 3386/3410/2585 3379/3403/2581
f 3378/3402/2580 3368/3392/2575 3386/3410/2585
f 3368/3392/2575 3387/3411/2586 3386/3410/2585
f 3368/3392/2575 3374/3398/2579 3387/3411/2586
f 3381/3405/2583 3380/3404/2582 3388/3412/2587
f 3381/3405/2583 3388/3412/2587 3355/3379/2563
f 3355/3379/2563 3388/3412/2587 3389/3413/2588
f 3355/3379/2563 3389/3413/2588 3349/3373/507
f 3384/3408/453 3383/3407/453 3390/3414/2318
f 3384/3408/453 3390/3414/2318 3382/3406/453
f 3385/3409/2584 3391/3415/2589 3383/3407/453
f 3387/3411/2586 3392/3416/2590 3386/3410/2585
f 3387/3411/2586 3374/3398/2579 3392/3416/2590
f 3374/3398/2579 3393/3417/2591 3392/3416/2590
f 3374/3398/2579 3382/3406/453 3393/3417/2591
f 3389/3413/2588 3388/3412/2587 3394/3418/2592
f 3389/3413/2588 3394/3418/2592 3349/3373/507
f 3349/3373/507 3394/3418/2592 3395/3419/2272
f 3349/3373/507 3395/3419/2272 3343/3367/2272
f 3383/3407/453 3396/3420/2318 3390/3414/2318
f 3383/3407/453 3391/3415/2589 3396/3420/2318
f 3393/3417/2591 3382/3406/453 3400/3421/2593
f 3393/3417/2591 3400/3421/2593 3392/3416/2590
f 3382/3406/453 3401/3422/2318 3400/3421/2593
f 3382/3406/453 3390/3414/2318 3401/3422/2318
f 3395/3419/2272 3394/3418/2592 3402/3423/500
f 3395/3419/2272 3402/3423/500 3343/3367/2272
f 3343/3367/2272 3402/3423/500 3403/3424/500
f 3343/3367/2272 3403/3424/500 3337/3360/500
f 3396/3420/2318 3391/3415/2589 3404/3425/481
f 3396/3420/2318 3404/3425/481 3390/3414/2318
f 3399/3426/2594 3392/3416/2590 3397/3427/2595
f 3399/3426/2594 3386/3410/2585 3392/3416/2590
f 3401/3422/2318 3405/3428/481 3400/3421/2593
f 3401/3422/2318 3390/3414/2318 3405/3428/481
f 3390/3414/2318 3404/3425/481 3406/3429/481
f 3390/3414/2318 3406/3429/481 3405/3428/481
f 3403/3424/500 3402/3423/500 3407/3430/2255
f 3403/3424/500 3407/3430/2255 3337/3360/500
f 3337/3360/500 3408/3431/2255 3331/3361/2554
f 3337/3360/500 3407/3430/2255 3408/3431/2255
f 3391/3415/2589 3409/3432/2596 3404/3425/481
f 3392/3416/2590 3413/3433/2597 3397/3427/2595
f 3392/3416/2590 3400/3421/2593 3413/3433/2597
f 3406/3429/481 3404/3425/481 3414/3434/2302
f 3406/3429/481 3414/3434/2302 3405/3428/481
f 3409/3432/2596 3416/3435/2598 3404/3425/481
f 3397/3427/2595 3413/3433/2597 3417/3436/2599
f 3397/3427/2595 3417/3436/2599 3410/3437/2600
f 3410/3437/2600 3417/3436/2599 3411/3438/2601
f 3412/3439/2602 3411/3438/2601 3418/3440/2603
f 3413/3433/2597 3400/3421/2593 3417/3436/2599
f 3400/3421/2593 3419/3441/2604 3417/3436/2599
f 3400/3421/2593 3405/3428/481 3419/3441/2604
f 3404/3425/481 3420/3442/2302 3414/3434/2302
f 3404/3425/481 3416/3435/2598 3420/3442/2302
f 3405/3428/481 3421/3443/2605 3419/3441/2604
f 3405/3428/481 3422/3444/2302 3421/3443/2605
f 3405/3428/481 3414/3434/2302 3422/3444/2302
f 3416/3435/2598 3423/3445/2606 3424/3446/484
f 3416/3435/2598 3424/3446/484 3420/3442/2302
f 3417/3436/2599 3425/3447/2607 3411/3438/2601
f 3417/3436/2599 3421/3443/2605 3425/3447/2607
f 3417/3436/2599 3419/3441/2604 3421/3443/2605
f 3418/3440/2603 3411/3438/2601 3426/3448/2608
f 3418/3440/2603 3426/3448/2608 3427/3449/2609
f 3420/3442/2302 3424/3446/484 3414/3434/2302
f 3422/3444/2302 3428/3450/484 3421/3443/2605
f 3422/3444/2302 3414/3434/2302 3428/3450/484
f 3423/3445/2606 3429/3451/2610 3424/3446/484
f 3425/3447/2607 3430/3452/2611 3411/3438/2601
f 3425/3447/2607 3421/3443/2605 3430/3452/2611
f 3411/3438/2601 3430/3452/2611 3426/3448/2608
f 3426/3448/2608 3430/3452/2611 3427/3449/2609
f 3414/3434/2302 3431/3453/484 3428/3450/484
f 3414/3434/2302 3424/3446/484 3431/3453/484
f 3429/3451/2610 3432/3454/485 3433/3455/2253
f 3429/3451/2610 3433/3455/2253 3424/3446/484
f 3429/3451/2610 3434/3456/2612 3432/3454/485
f 3421/3443/2605 3428/3450/484 3435/3457/2613
f 3421/3443/2605 3435/3457/2613 3430/3452/2611
f 3430/3452/2611 3436/3458/2614 3427/3449/2609
f 3430/3452/2611 3437/3459/2615 3436/3458/2614
f 3430/3452/2611 3435/3457/2613 3437/3459/2615
f 3431/3453/484 3438/3460/2253 3428/3450/484
f 3431/3453/484 3424/3446/484 3438/3460/2253
f 3433/3455/2253 3438/3460/2253 3424/3446/484
f 3433/3455/2253 3432/3454/485 3438/3460/2253
f 3434/3456/2612 3439/3461/2616 3432/3454/485
f 3435/3457/2613 3428/3450/484 3437/3459/2615
f 3436/3458/2614 3440/3462/2617 3427/3449/2609
f 3436/3458/2614 3437/3459/2615 3440/3462/2617
f 3427/3449/2609 3440/3462/2617 3441/3463/2618
f 3437/3459/2615 3442/3464/2619 3440/3462/2617
f 3437/3459/2615 3443/3465/485 3442/3464/2619
f 3437/3459/2615 3428/3450/484 3444/3466/2253
f 3437/3459/2615 3444/3466/2253 3443/3465/485
f 3428/3450/484 3438/3460/2253 3444/3466/2253
f 3438/3460/2253 3443/3465/485 3444/3466/2253
f 3438/3460/2253 3445/3467/485 3443/3465/485
f 3438/3460/2253 3432/3454/485 3445/3467/485
f 3441/3463/2618 3440/3462/2617 3446/3468/2620
f 3440/3462/2617 3447/3469/2621 3446/3468/2620
f 3440/3462/2617 3448/3470/2622 3447/3469/2621
f 3440/3462/2617 3442/3464/2619 3448/3470/2622
f 3442/3464/2619 3443/3465/485 3448/3470/2622
f 3443/3465/485 3449/3471/2248 3448/3470/2622
f 3443/3465/485 3450/3472/2248 3449/3471/2248
f 3443/3465/485 3445/3467/485 3450/3472/2248
f 3445/3467/485 3432/3454/485 3450/3472/2248
f 3432/3454/485 3451/3473/2248 3450/3472/2248
f 3432/3454/485 3439/3461/2616 3451/3473/2248
f 3447/3469/2621 3454/3474/2623 3446/3468/2620
f 3447/3469/2621 3448/3470/2622 3454/3474/2623
f 3448/3470/2622 3455/3475/2624 3454/3474/2623
f 3448/3470/2622 3456/3476/488 3455/3475/2624
f 3448/3470/2622 3449/3471/2248 3456/3476/488
f 3449/3471/2248 3450/3472/2248 3456/3476/488
f 3450/3472/2248 3458/3477/488 3456/3476/488
f 3450/3472/2248 3459/3478/488 3458/3477/488
f 3450/3472/2248 3451/3473/2248 3459/3478/488
f 3451/3473/2248 3439/3461/2616 3459/3478/488
f 3439/3461/2616 3452/3479/2625 3459/3478/488
f 3452/3479/2625 3453/3480/2626 3459/3478/488
f 3455/3475/2624 3461/3481/2627 3454/3474/2623
f 3455/3475/2624 3456/3476/488 3461/3481/2627
f 3454/3474/2623 3462/3482/2628 3446/3468/2620
f 3454/3474/2623 3463/3483/2629 3462/3482/2628
f 3454/3474/2623 3464/3484/2630 3463/3483/2629
f 3454/3474/2623 3461/3481/2627 3464/3484/2630
f 3456/3476/488 3465/3485/2210 3461/3481/2627
f 3456/3476/488 3466/3486/2210 3465/3485/2210
f 3456/3476/488 3458/3477/488 3466/3486/2210
f 3458/3477/488 3459/3478/488 3466/3486/2210
f 3459/3478/488 3467/3487/2210 3466/3486/2210
f 3459/3478/488 3453/3480/2626 3467/3487/2210
f 3460/3488/2631 3468/3489/2632 3453/3480/2626
f 3460/3488/2631 3469/3490/2633 3468/3489/2632
f 3460/3488/2631 3470/3491/2634 3469/3490/2633
f 3462/3482/2628 3457/3492/2635 3446/3468/2620
f 3462/3482/2628 3463/3483/2629 3457/3492/2635
f 3464/3484/2630 3471/3493/2636 3463/3483/2629
f 3464/3484/2630 3461/3481/2627 3471/3493/2636
f 3465/3485/2210 3472/3494/496 3461/3481/2627
f 3465/3485/2210 3466/3486/2210 3472/3494/496
f 3466/3486/2210 3473/3495/496 3472/3494/496
f 3466/3486/2210 3474/3496/496 3473/3495/496
f 3466/3486/2210 3467/3487/2210 3474/3496/496
f 3467/3487/2210 3453/3480/2626 3474/3496/496
f 3453/3480/2626 3468/3489/2632 3474/3496/496
f 3468/3489/2632 3469/3490/2633 3474/3496/496
f 3470/3491/2634 3475/3497/2637 3469/3490/2633
f 3457/3492/2635 3463/3483/2629 3476/3498/2638
f 3461/3481/2627 3477/3499/2639 3471/3493/2636
f 3461/3481/2627 3472/3494/496 3477/3499/2639
f 3472/3494/496 3478/3500/2640 3477/3499/2639
f 3472/3494/496 3479/3501/2203 3478/3500/2640
f 3472/3494/496 3480/3502/2203 3479/3501/2203
f 3472/3494/496 3473/3495/496 3480/3502/2203
f 3473/3495/496 3474/3496/496 3480/3502/2203
f 3474/3496/496 3481/3503/2203 3480/3502/2203
f 3474/3496/496 3469/3490/2633 3481/3503/2203
f 3475/3497/2637 3482/3504/2641 3483/3505/2642
f 3475/3497/2637 3484/3506/2643 3482/3504/2641
f 3475/3497/2637 3483/3505/2642 3469/3490/2633
f 3463/3483/2629 3471/3493/2636 3485/3507/2644
f 3477/3499/2639 3478/3500/2640 3471/3493/2636
f 3479/3501/2203 3486/3508/532 3478/3500/2640
f 3479/3501/2203 3480/3502/2203 3486/3508/532
f 3480/3502/2203 3481/3503/2203 3487/3509/532
f 3480/3502/2203 3487/3509/532 3488/3510/532
f 3480/3502/2203 3488/3510/532 3486/3508/532
f 3481/3503/2203 3469/3490/2633 3487/3509/532
f 3469/3490/2633 3483/3505/2642 3487/3509/532
f 3483/3505/2642 3482/3504/2641 3487/3509/532
f 3484/3506/2643 3489/3511/2645 3482/3504/2641
f 3471/3493/2636 3490/3512/2646 3485/3507/2644
f 3471/3493/2636 3491/3513/2647 3490/3512/2646
f 3471/3493/2636 3478/3500/2640 3491/3513/2647
f 3487/3509/532 3492/3514/2199 3488/3510/532
f 3487/3509/532 3493/3515/2199 3492/3514/2199
f 3487/3509/532 3482/3504/2641 3493/3515/2199
f 3488/3510/532 3492/3514/2199 3486/3508/532
f 3489/3511/2645 3494/3516/2648 3482/3504/2641
f 3489/3511/2645 3495/3517/2649 3494/3516/2648
f 3489/3511/2645 3496/3518/2650 3495/3517/2649
f 3491/3513/2647 3497/3519/2651 3490/3512/2646
f 3491/3513/2647 3478/3500/2640 3497/3519/2651
f 3490/3512/2646 3497/3519/2651 3498/3520/2652
f 3478/3500/2640 3499/3521/2653 3497/3519/2651
f 3478/3500/2640 3486/3508/532 3499/3521/2653
f 3493/3515/2199 3482/3504/2641 3500/3522/526
f 3493/3515/2199 3500/3522/526 3492/3514/2199
f 3482/3504/2641 3494/3516/2648 3500/3522/526
f 3494/3516/2648 3495/3517/2649 3500/3522/526
f 3497/3519/2651 3501/3523/2654 3498/3520/2652
f 3497/3519/2651 3503/3524/2655 3501/3523/2654
f 3497/3519/2651 3504/3525/2656 3503/3524/2655
f 3497/3519/2651 3499/3521/2653 3504/3525/2656
f 3499/3521/2653 3486/3508/532 3504/3525/2656
f 3486/3508/532 3505/3526/2199 3504/3525/2656
f 3486/3508/532 3492/3514/2199 3505/3526/2199
f 3500/3522/526 3506/3527/526 3492/3514/2199
f 3500/3522/526 3507/3528/2205 3506/3527/526
f 3500/3522/526 3508/3529/2205 3507/3528/2205
f 3500/3522/526 3495/3517/2649 3508/3529/2205
f 3503/3524/2655 3509/3530/2657 3501/3523/2654
f 3503/3524/2655 3504/3525/2656 3509/3530/2657
f 3501/3523/2654 3509/3530/2657 3510/3531/2658
f 3504/3525/2656 3505/3526/2199 3511/3532/526
f 3504/3525/2656 3511/3532/526 3512/3533/2659
f 3504/3525/2656 3512/3533/2659 3509/3530/2657
f 3505/3526/2199 3492/3514/2199 3511/3532/526
f 3492/3514/2199 3506/3527/526 3511/3532/526
f 3506/3527/526 3507/3528/2205 3511/3532/526
f 3508/3529/2205 3495/3517/2649 3513/3534/520
f 3508/3529/2205 3513/3534/520 3507/3528/2205
f 3495/3517/2649 3514/3535/2660 3513/3534/520
f 3510/3531/2658 3509/3530/2657 3515/3536/2661
f 3509/3530/2657 3512/3533/2659 3516/3537/2662
f 3509/3530/2657 3517/3538/2663 3515/3536/2661
f 3509/3530/2657 3516/3537/2662 3517/3538/2663
f 3511/3532/526 3516/3537/2662 3512/3533/2659
f 3511/3532/526 3518/3539/2205 3516/3537/2662
f 3511/3532/526 3507/3528/2205 3518/3539/2205
f 3514/3535/2660 3519/3540/2664 3513/3534/520
f 3515/3536/2661 3517/3538/2663 3520/3541/2665
f 3515/3536/2661 3520/3541/2665 3521/3542/2666
f 3517/3538/2663 3516/3537/2662 3520/3541/2665
f 3516/3537/2662 3518/3539/2205 3522/3543/520
f 3516/3537/2662 3522/3543/520 3523/3544/2667
f 3516/3537/2662 3523/3544/2667 3520/3541/2665
f 3518/3539/2205 3507/3528/2205 3522/3543/520
f 3507/3528/2205 3513/3534/520 3524/3545/520
f 3507/3528/2205 3524/3545/520 3522/3543/520
f 3521/3542/2666 3520/3541/2665 3525/3546/2668
f 3520/3541/2665 3523/3544/2667 3527/3547/2669
f 3520/3541/2665 3528/3548/2670 3525/3546/2668
f 3520/3541/2665 3527/3547/2669 3528/3548/2670
f 3523/3544/2667 3522/3543/520 3527/3547/2669
f 3522/3543/520 3524/3545/520 3529/3549/2225
f 3522/3543/520 3530/3550/2225 3527/3547/2669
f 3522/3543/520 3529/3549/2225 3530/3550/2225
f 3513/3534/520 3529/3549/2225 3524/3545/520
f 3513/3534/520 3531/3551/2225 3529/3549/2225
f 3513/3534/520 3519/3540/2664 3531/3551/2225
f 3526/3552/2671 3525/3546/2668 3534/3553/2672
f 3528/3548/2670 3535/3554/2673 3525/3546/2668
f 3528/3548/2670 3527/3547/2669 3535/3554/2673
f 3530/3550/2225 3536/3555/515 3527/3547/2669
f 3530/3550/2225 3529/3549/2225 3536/3555/515
f 3527/3547/2669 3537/3556/2674 3535/3554/2673
f 3527/3547/2669 3536/3555/515 3537/3556/2674
f 3531/3551/2225 3519/3540/2664 3538/3557/515
f 3531/3551/2225 3538/3557/515 3529/3549/2225
f 3529/3549/2225 3539/3558/515 3536/3555/515
f 3529/3549/2225 3538/3557/515 3539/3558/515
f 3519/3540/2664 3532/3559/2675 3538/3557/515
f 3532/3559/2675 3533/3560/2676 3538/3557/515
f 3534/3553/2672 3525/3546/2668 3541/3561/2677
f 3534/3553/2672 3541/3561/2677 3540/3562/2678
f 3537/3556/2674 3542/3563/2679 3535/3554/2673
f 3537/3556/2674 3536/3555/515 3542/3563/2679
f 3536/3555/515 3543/3564/2245 3542/3563/2679
f 3536/3555/515 3544/3565/2245 3543/3564/2245
f 3536/3555/515 3539/3558/515 3544/3565/2245
f 3538/3557/515 3544/3565/2245 3539/3558/515
f 3538/3557/515 3545/3566/2245 3544/3565/2245
f 3538/3557/515 3533/3560/2676 3545/3566/2245
f 3525/3546/2668 3535/3554/2673 3541/3561/2677
f 3541/3561/2677 3535/3554/2673 3540/3562/2678
f 3543/3564/2245 3547/3567/501 3542/3563/2679
f 3543/3564/2245 3544/3565/2245 3547/3567/501
f 3544/3565/2245 3545/3566/2245 3548/3568/501
f 3544/3565/2245 3548/3568/501 3549/3569/501
f 3544/3565/2245 3549/3569/501 3547/3567/501
f 3545/3566/2245 3533/3560/2676 3548/3568/501
f 3533/3560/2676 3546/3570/2680 3548/3568/501
f 3546/3570/2680 3331/3361/2554 3548/3568/501
f 3331/3361/2554 3408/3431/2255 3548/3568/501
f 3535/3554/2673 3553/3571/2681 3540/3562/2678
f 3535/3554/2673 3542/3563/2679 3553/3571/2681
f 3548/3568/501 3407/3430/2255 3549/3569/501
f 3548/3568/501 3408/3431/2255 3407/3430/2255
f 3549/3569/501 3407/3430/2255 3547/3567/501
f 3551/3572/2682 3550/3573/2683 3554/3574/2684
f 3540/3562/2678 3555/3575/2685 3552/3576/2686
f 3540/3562/2678 3553/3571/2681 3555/3575/2685
f 3552/3576/2686 3555/3575/2685 3550/3573/2683
f 3553/3571/2681 3542/3563/2679 3555/3575/2685
f 3542/3563/2679 3556/3577/2687 3555/3575/2685
f 3542/3563/2679 3547/3567/501 3556/3577/2687
f 3407/3430/2255 3557/3578/2255 3547/3567/501
f 3407/3430/2255 3402/3423/500 3557/3578/2255
f 3554/3574/2684 3550/3573/2683 3559/3579/2688
f 3554/3574/2684 3559/3579/2688 3558/3580/2689
f 3555/3575/2685 3560/3581/2690 3550/3573/2683
f 3555/3575/2685 3561/3582/2691 3560/3581/2690
f 3555/3575/2685 3556/3577/2687 3561/3582/2691
f 3556/3577/2687 3547/3567/501 3561/3582/2691
f 3557/3578/2255 3561/3582/2691 3547/3567/501
f 3557/3578/2255 3402/3423/500 3561/3582/2691
f 3402/3423/500 3394/3418/2592 3562/3583/2692
f 3402/3423/500 3562/3583/2692 3561/3582/2691
f 3550/3573/2683 3563/3584/2693 3559/3579/2688
f 3550/3573/2683 3560/3581/2690 3563/3584/2693
f 3559/3579/2688 3563/3584/2693 3558/3580/2689
f 3560/3581/2690 3561/3582/2691 3563/3584/2693
f 3561/3582/2691 3562/3583/2692 3563/3584/2693
f 3394/3418/2592 3388/3412/2587 3564/3585/2694
f 3394/3418/2592 3564/3585/2694 3563/3584/2693
f 3394/3418/2592 3563/3584/2693 3562/3583/2692
f 3563/3584/2693 3564/3585/2694 3558/3580/2689
f 3388/3412/2587 3380/3404/2582 3565/3586/2695
f 3388/3412/2587 3565/3586/2695 3558/3580/2689
f 3388/3412/2587 3558/3580/2689 3564/3585/2694
f 10/464/169 17/471/176 156/3587/322
f 10/464/169 156/3587/322 11/465/170
f 11/465/170 156/3587/322 18/472/177
f 82/536/241 237/3588/396 87/541/246
f 82/536/241 85/539/244 237/3588/396
f 85/539/244 90/544/249 237/3588/396
f 87/541/246 237/3588/396 92/546/251
f 237/3588/396 93/549/254 92/546/251
f 237/3588/396 90/544/249 93/549/254
f 34/488/193 139/593/298 25/3589/184
f 25/3589/184 139/593/298 17/3590/176
f 139/593/298 148/602/307 17/3590/176
f 17/3590/176 155/611/316 156/617/322
f 17/3590/176 148/602/307 155/611/316
f 156/617/322 163/616/321 18/3591/177
f 163/616/321 169/623/328 26/3592/185
f 163/616/321 26/3592/185 18/3591/177
f 169/623/328 172/626/331 35/3593/194
f 169/623/328 35/3593/194 26/3592/185
f 171/625/330 44/3594/203 172/626/331
f 172/626/331 44/3594/203 35/3593/194
f 187/641/346 194/648/353 97/3595/256
f 187/641/346 97/3595/256 195/649/354
f 194/648/353 202/656/361 97/3595/256
f 3398/3596/2696 266/720/425 267/722/427
f 3398/3596/2696 267/722/427 268/726/431
f 266/720/425 3412/3597/2602 269/721/426
f 3412/3597/2602 3418/3598/2603 269/721/426
f 269/721/426 3418/3598/2603 274/728/433
f 272/725/430 280/734/439 3379/3599/2581
f 272/725/430 3379/3599/2581 273/727/432
f 3418/3598/2603 281/743/448 274/728/433
f 3379/3599/2581 280/734/439 290/3600/2697
f 290/3600/2697 280/734/439 3366/3601/2573
f 280/734/439 299/752/457 3366/3601/2573
f 299/752/457 307/760/465 3366/3601/2573
f 301/754/459 3457/3602/2635 300/753/458
f 300/753/458 3457/3602/2635 308/761/466
f 305/758/463 313/766/471 3341/3603/2556
f 305/758/463 3341/3603/2556 314/767/472
f 3457/3602/2635 3476/3604/2638 308/761/466
f 3341/3603/2556 313/766/471 320/777/482
f 3476/3604/2638 408/3605/545 308/761/466
f 316/769/474 406/3606/543 323/775/480
f 316/769/474 308/761/466 406/3606/543
f 408/3605/545 406/3606/543 308/761/466
f 322/774/479 402/3607/539 328/781/486
f 322/774/479 323/775/480 402/3607/539
f 325/778/483 331/784/487 3328/3608/2548
f 328/781/486 401/3609/538 332/785/488
f 328/781/486 402/3607/539 401/3609/538
f 3328/3608/2548 331/784/487 3329/3610/2549
f 331/784/487 337/790/491 3329/3610/2549
f 401/3609/538 338/797/496 332/785/488
f 3329/3610/2549 337/790/491 3336/3611/2552
f 3336/3611/2552 337/790/491 351/810/504
f 372/825/514 363/816/509 3554/3612/2684
f 363/816/509 378/831/519 3554/3612/2684
f 378/831/519 386/839/525 3551/3613/2682
f 378/831/519 3551/3613/2682 3554/3612/2684
f 385/838/524 392/845/530 3534/3614/2672
f 385/838/524 3534/3614/2672 393/846/531
f 392/845/530 3526/3615/2671 3534/3614/2672
f 392/845/530 400/853/537 3526/3615/2671
f 394/847/532 346/3616/496 395/848/532
f 395/848/532 346/3616/496 338/3617/496
f 395/848/532 338/3617/496 396/849/533
f 396/849/533 338/3617/496 401/854/538
f 398/851/535 402/855/539 323/3618/480
f 398/851/535 323/3618/480 403/856/540
f 323/3618/480 406/859/543 403/856/540
f 403/856/540 407/860/544 3502/3619/2698
f 403/856/540 3502/3619/2698 404/857/541
f 414/867/551 410/863/547 418/871/555
f 410/863/547 412/865/549 418/871/555
f 525/978/662 531/984/668 532/3620/669
f 527/980/664 530/983/667 531/3621/668
f 529/982/666 531/3621/668 530/983/667
f 531/984/668 529/3622/666 532/3620/669
f 532/3620/669 529/3622/666 536/3623/2699
f 532/985/669 536/3624/2699 537/989/672
f 536/3624/2699 538/990/673 537/989/672
f 536/3624/2699 541/993/675 538/990/673
f 536/3624/2699 542/996/660 541/993/675
f 645/1097/559 649/1101/555 646/1098/741
f 646/1098/741 649/1101/555 648/1100/743
f 658/1113/755 650/1102/744 651/3625/2700
f 658/1113/755 652/1105/747 650/1102/744
f 650/1102/744 653/1104/746 651/3625/2700
f 653/1104/746 656/1107/749 651/3625/2700
f 651/3625/2700 656/1107/749 658/1113/755
f 764/1215/857 772/3626/864 773/3627/865
f 764/1215/857 773/3627/865 765/1216/858
f 772/3626/864 780/3628/2701 775/3629/867
f 772/3626/864 775/3629/867 773/3627/865
f 772/1223/864 776/1227/868 780/3630/2701
f 776/1227/868 777/1228/869 780/3630/2701
f 777/1228/869 781/1231/871 780/3630/2701
f 780/3630/2701 781/1231/871 784/1236/861
f 885/1335/754 886/1336/937 888/1338/755
f 886/1336/937 889/1339/939 888/1338/755
f 1098/3631/1122 991/1441/1025 1090/3632/1116
f 1098/3631/1122 992/1445/1029 991/1441/1025
f 1098/3631/1122 1105/3633/1129 992/1445/1029
f 991/1441/1025 994/1443/1027 1090/3632/1116
f 1090/3632/1116 994/1443/1027 1091/3634/496
f 992/1445/1029 1105/3633/1129 996/1446/1030
f 1105/3633/1129 998/1455/1039 996/1446/1030
f 994/1443/1027 1002/1451/1035 1091/3634/496
f 1007/1457/1041 1123/3635/1152 1016/1466/1050
f 1016/1466/1050 1123/3635/1152 1024/1474/1057
f 1033/1483/1066 1141/3636/1163 1041/1491/1074
f 1041/1491/1074 1141/3636/1163 1048/1498/1080
f 1141/3636/1163 1049/1506/1088 1048/1498/1080
f 1105/1555/1129 1111/1561/1135 998/3637/1039
f 1111/1561/1135 1117/1567/1141 998/3637/1039
f 998/3637/1039 1117/1567/1141 1007/3638/1041
f 1117/1567/1141 1122/1572/1146 1007/3638/1041
f 1007/3638/1041 1122/1572/1146 1123/1579/1152
f 1123/1579/1152 1130/1580/1153 1024/3639/1057
f 1024/3639/1057 1130/1580/1153 1033/3640/1066
f 1130/1580/1153 1136/1586/1158 1033/3640/1066
f 1033/3640/1066 1136/1586/1158 1141/1592/1163
f 1141/1592/1163 1142/1591/1162 1049/3641/1088
f 1142/1591/1162 1148/1598/1168 1049/3641/1088
f 1049/3641/1088 1148/1598/1168 1057/3642/1089
f 1148/1598/1168 1154/1604/1173 1057/3642/1089
f 1057/3642/1089 1154/1604/1173 1064/3643/1096
f 1154/1604/1173 1158/1608/1176 1064/3643/1096
f 1156/1606/1112 1072/3644/496 1158/1608/1176
f 1158/1608/1176 1072/3644/496 1064/3643/1096
f 1161/1611/1179 1167/1617/1185 1159/1609/1177
f 1167/1617/1185 1177/1627/1194 1159/1609/1177
f 1177/1627/1194 1184/1634/1199 1159/1609/1177
f 1184/1634/1199 1191/1641/1205 1159/1609/1177
f 1159/1609/1177 1191/1641/1205 1192/1649/1211
f 1202/3645/2702 1203/399/2703 1213/401/1221
f 1213/401/1221 1205/1652/1214 1206/1658/1219
f 1213/401/1221 1223/1668/1229 1202/3645/2702
f 1223/1668/1229 1229/1674/1232 1202/3645/2702
f 1202/3645/2702 1230/1680/1232 1203/399/2703
f 1202/3645/2702 1229/1674/1232 1230/1680/1232
f 1230/1680/1232 1235/1679/1237 1204/400/2704
f 1230/1680/1232 1204/400/2704 1203/399/2703
f 1235/1679/1237 1241/1685/1241 1204/400/2704
f 1204/400/2704 1242/1686/1242 1244/403/2705
f 1204/400/2704 1241/1685/1241 1242/1686/1242
f 1239/1683/1240 1243/405/1199 1244/403/2705
f 1239/1683/1240 1244/403/2705 1240/1684/1236
f 1240/1684/1236 1244/403/2705 1242/1686/1242
f 1245/1687/1122 1246/1689/1025 1342/3646/1116
f 1246/1689/1025 1250/1692/1027 1342/3646/1116
f 1342/3646/1116 1250/1692/1027 1343/3647/496
f 1248/1690/1129 1362/3648/1039 1252/1694/1030
f 1250/1692/1027 1257/1699/1035 1343/3647/496
f 1252/1694/1030 1362/3648/1039 1260/1702/1038
f 1362/3648/1039 1262/1713/1041 1260/1702/1038
f 1262/1713/1041 1374/3649/1152 1271/1712/1050
f 1271/1712/1050 1382/3650/1057 1279/1721/1058
f 1271/1712/1050 1374/3649/1152 1382/3650/1057
f 1382/3650/1057 1286/1730/1243 1279/1721/1058
f 1382/3650/1057 1388/3651/1066 1286/1730/1243
f 1286/1730/1243 1388/3651/1066 1294/1736/1074
f 1388/3651/1066 1394/3652/1163 1294/1736/1074
f 1294/1736/1074 1394/3652/1163 1301/1743/1080
f 1394/3652/1163 1302/1751/1088 1301/1743/1080
f 1317/1759/1096 1412/3653/496 1324/1766/1035
f 1342/1784/1116 1336/1778/1111 1245/3654/1122
f 1336/1778/1111 1355/1797/1128 1245/3654/1122
f 1245/3654/1122 1355/1797/1128 1248/3655/1129
f 1355/1797/1128 1361/1803/1135 1248/3655/1129
f 1248/3655/1129 1361/1803/1135 1362/1810/1039
f 1362/1810/1039 1368/1809/1141 1262/3656/1041
f 1368/1809/1141 1373/1815/1146 1262/3656/1041
f 1262/3656/1041 1373/1815/1146 1374/1822/1152
f 1394/1836/1163 1395/1837/1162 1302/3657/1088
f 1395/1837/1162 1401/1843/1168 1302/3657/1088
f 1302/3657/1088 1401/1843/1168 1310/3658/1089
f 1401/1843/1168 1407/1849/1173 1310/3658/1089
f 1310/3658/1089 1407/1849/1173 1317/3659/1096
f 1407/1849/1173 1411/1853/1176 1317/3659/1096
f 1411/1853/1176 1412/1854/496 1317/3659/1096
f 1518/3660/1122 1413/1855/1025 1511/3661/1116
f 1518/3660/1122 1414/1859/1029 1413/1855/1025
f 1518/3660/1122 1415/1862/1129 1414/1859/1029
f 1413/1855/1025 1417/1857/1027 1511/3661/1116
f 1511/3661/1116 1417/1857/1027 1419/1867/496
f 1415/1862/1129 1531/3662/1039 1420/1860/1030
f 1420/1860/1030 1531/3662/1039 1428/1870/1038
f 1531/3662/1039 1538/3663/1041 1428/1870/1038
f 1428/1870/1038 1538/3663/1041 1438/1880/1050
f 1538/3663/1041 1440/1890/1152 1438/1880/1050
f 1447/1888/1057 1556/3664/1066 1455/1897/1065
f 1455/1897/1065 1556/3664/1066 1463/1905/1074
f 1556/3664/1066 1562/3665/1163 1463/1905/1074
f 1463/1905/1074 1562/3665/1163 1470/1912/1080
f 1562/3665/1163 1471/1920/1088 1470/1912/1080
f 1486/1928/1096 1580/3666/496 1493/1935/1035
f 1506/1948/1112 1511/1953/1116 1419/3667/496
f 1518/1960/1122 1524/1966/1128 1415/3668/1129
f 1524/1966/1128 1530/1972/1135 1415/3668/1129
f 1415/3668/1129 1530/1972/1135 1531/1979/1039
f 1538/1980/1041 1543/1985/1146 1440/3669/1152
f 1543/1985/1146 1549/1991/1151 1440/3669/1152
f 1440/3669/1152 1549/1991/1151 1550/1997/1153
f 1440/3669/1152 1550/1997/1153 1447/3670/1057
f 1447/3670/1057 1550/1997/1153 1556/1999/1066
f 1562/2004/1163 1563/2005/1162 1471/3671/1088
f 1563/2005/1162 1569/2011/1168 1471/3671/1088
f 1471/3671/1088 1569/2011/1168 1479/3672/1089
f 1569/2011/1168 1575/2017/1173 1479/3672/1089
f 1479/3672/1089 1575/2017/1173 1486/3673/1096
f 1575/2017/1173 1579/2021/1176 1486/3673/1096
f 1579/2021/1176 1580/2022/496 1486/3673/1096
f 1581/407/1291 1622/2058/1283 1582/3674/2706
f 1622/2058/1283 1618/2057/1282 1582/3674/2706
f 1604/409/1267 1583/2023/1249 1589/2029/1255
f 1604/409/1267 1589/2029/1255 1596/2036/1260
f 1605/2044/1268 1597/2037/1261 1584/2024/1250
f 1605/2044/1268 1582/3674/2706 1613/2051/1276
f 1597/2037/1261 1590/2030/1256 1584/2024/1250
f 1582/3674/2706 1618/2057/1282 1619/2060/1284
f 1582/3674/2706 1619/2060/1284 1620/2055/1278
f 1582/3674/2706 1620/2055/1278 1613/2051/1276
f 1616/2054/1279 1621/2056/1281 1581/407/1291
f 1616/2054/1279 1581/407/1291 1617/406/1280
f 1621/2056/1281 1622/2058/1283 1581/407/1291
f 1631/2068/1291 1638/2077/1300 1663/1/2707
f 1633/2070/1293 1662/412/2708 1642/2079/1301
f 1638/2077/1300 1645/2082/1280 1663/1/2707
f 1663/1/2707 1646/2087/1306 1647/2089/1308
f 1663/1/2707 1647/2089/1308 1664/2/2709
f 1663/1/2707 1645/2082/1280 1646/2087/1306
f 1642/2079/1301 1662/412/2708 1650/2085/1303
f 1662/412/2708 1651/411/1310 1652/2092/1309
f 1662/412/2708 1652/2092/1309 1650/2085/1303
f 1664/2/2709 1647/2089/1308 1666/4/2710
f 1647/2089/1308 1655/2090/1308 1666/4/2710
f 1651/411/1310 1661/410/2711 1657/2093/1311
f 1666/4/2710 1655/2090/1308 1660/2096/1313
f 1666/4/2710 1660/2096/1313 1665/3/2712
f 1661/410/2711 1665/3/2712 1657/2093/1311
f 1657/2093/1311 1665/3/2712 1660/2096/1313
f 1665/3/2712 1661/410/2711 1662/412/2708
f 1676/13/2713 1889/415/1501 1678/16/2714
f 1677/15/2715 1679/17/2716 1848/416/1462
f 1683/20/2717 1685/22/2718 1825/419/1438
f 1686/23/2719 1919/422/1529 1688/25/2720
f 1687/24/2721 1690/26/2722 1809/423/1422
f 1701/38/2723 1704/41/2724 1780/425/1397
f 1706/42/2725 1772/426/1565 1709/46/2726
f 1715/52/2727 1717/54/2728 1758/427/1372
f 1718/55/2729 1746/430/1360 1720/57/2730
f 1719/56/2731 1721/58/2732 1744/431/1358
f 1722/59/2733 1733/434/1347 1724/61/2734
f 1723/60/2735 1724/61/2734 1731/435/1345
f 1756/2128/1370 1714/3675/1337 1754/2126/1368
f 1758/2130/1372 1763/2136/1378 1712/3676/2736
f 1714/3675/1337 1765/2143/1385 1766/2142/1384
f 1714/3675/1337 1710/3677/2737 1765/2143/1385
f 1714/3675/1337 1766/2142/1384 1754/2126/1368
f 1712/3676/2736 1763/2136/1378 1708/3678/1335
f 1710/3677/2737 1772/2313/1565 1765/2143/1385
f 1708/3678/1335 1775/2151/1393 1705/3679/2738
f 1708/3678/1335 1776/2149/1391 1775/2151/1393
f 1708/3678/1335 1763/2136/1378 1776/2149/1391
f 1705/3679/2738 1775/2151/1393 1780/2155/1397
f 1780/2155/1397 1786/2157/1399 1698/3680/2739
f 1698/3680/2739 1786/2157/1399 1694/3681/1329
f 1694/3681/1329 1786/2157/1399 1799/2175/1417
f 1694/3681/1329 1799/2175/1417 1800/2177/1419
f 1694/3681/1329 1800/2177/1419 1801/2179/1421
f 1825/2196/1438 1843/2211/1456 1680/3682/2740
f 1843/2211/1456 1848/2217/1462 1680/3682/2740
f 1854/2221/1466 1853/2220/1465 1670/3683/1318
f 1670/3683/1318 1853/2220/1465 1868/2238/1483
f 1670/3683/1318 1868/2238/1483 1869/2239/1484
f 1670/3683/1318 1869/2239/1484 1667/3684/2741
f 1869/2239/1484 1875/2242/1487 1668/3685/1314
f 1869/2239/1484 1668/3685/1314 1667/3684/2741
f 1875/2242/1487 1879/2246/1491 1668/3685/1314
f 1668/3685/1314 1879/2246/1491 1883/2255/1500
f 1897/2264/1509 1896/2263/1508 1682/3686/1322
f 1682/3686/1322 1896/2263/1508 1910/2276/1524
f 1682/3686/1322 1911/2277/1525 1912/2282/1530
f 1682/3686/1322 1910/2276/1524 1911/2277/1525
f 1919/2281/1529 1926/2287/1537 1689/3687/2742
f 1689/3687/2742 1926/2287/1537 1692/3688/1325
f 1692/3688/1325 1937/2297/1548 1696/3689/2743
f 1692/3688/1325 1938/2295/1546 1937/2297/1548
f 1692/3688/1325 1926/2287/1537 1938/2295/1546
f 1696/3689/2743 1937/2297/1548 1700/3690/1331
f 1700/3690/1331 1937/2297/1548 1948/2306/1558
f 1700/3690/1331 1948/2306/1558 1949/2308/1560
f 1700/3690/1331 1949/2308/1560 1703/3691/2744
f 1703/3691/2744 1949/2308/1560 1772/2313/1565
f 2190/2465/1742 2189/2464/1741 2679/3692/2140
f 2190/2465/1742 2679/3692/2140 2191/2466/1743
f 2679/3692/2140 2189/2464/1741 2200/3693/2745
f 2679/3692/2140 2686/3694/2142 2191/2466/1743
f 2197/2472/1749 2568/3695/2047 2188/2463/1740
f 2197/2472/1749 2193/2468/1745 2568/3695/2047
f 2189/2464/1741 2203/2476/1753 2656/3696/2112
f 2189/2464/1741 2656/3696/2112 2200/3693/2745
f 2686/3694/2142 2204/2478/1755 2191/2466/1743
f 2203/2476/1753 2209/2480/1757 2656/3696/2112
f 2656/3696/2112 2209/2480/1757 2649/3697/2111
f 2209/2480/1757 2217/2486/1764 2649/3697/2111
f 2211/2482/1759 2212/2483/1760 2563/3698/2072
f 2211/2482/1759 2563/3698/2072 2219/2488/1766
f 2563/3698/2072 2226/2494/1773 2219/2488/1766
f 2563/3698/2072 2227/2501/1780 2226/2494/1773
f 2223/2491/1770 2222/2490/1769 2628/3699/2091
f 2222/2490/1769 2240/2507/1786 2628/3699/2091
f 2240/2507/1786 2245/2512/1791 2628/3699/2091
f 2628/3699/2091 2245/2512/1791 2620/3700/2090
f 2620/3700/2090 2245/2512/1791 2251/2520/1802
f 2251/2520/1802 2269/2525/1807 2607/3701/2746
f 2269/2525/1807 2277/2533/1815 2607/3701/2746
f 2292/2548/1830 2522/3702/2002 2291/2547/1829
f 2292/2548/1830 2290/2546/1828 2522/3702/2002
f 2193/2468/1745 2300/2556/1838 2568/3695/2047
f 2188/2463/1740 2568/3695/2047 2301/2557/1839
f 2522/3702/2002 2302/2559/1841 2291/2547/1829
f 2522/3702/2002 2290/2546/1828 2517/3703/2001
f 2290/2546/1828 2305/2561/1843 2517/3703/2001
f 2327/2579/1861 2482/3704/1963 2340/2592/1874
f 2327/2579/1861 2347/2598/1880 2482/3704/1963
f 2482/3704/1963 2352/2603/1885 2353/3705/2747
f 2482/3704/1963 2347/2598/1880 2352/2603/1885
f 2352/2603/1885 2354/2604/1886 2488/3706/1969
f 2352/2603/1885 2488/3706/1969 2353/3705/2747
f 2354/2604/1886 2355/2605/1887 2488/3706/1969
f 2355/2605/1887 2359/2609/1891 2488/3706/1969
f 2478/2677/1959 2333/3707/1867 2477/2676/1958
f 2478/2677/1959 2463/2665/1947 2333/3707/1867
f 2477/2676/1958 2340/3708/1874 2482/2681/1963
f 2477/2676/1958 2333/3707/1867 2340/3708/1874
f 2333/3707/1867 2463/2665/1947 2326/3709/1860
f 2482/2681/1963 2353/3710/2747 2486/2685/1967
f 2326/3709/1860 2463/2665/1947 2319/3711/1853
f 2353/3710/2747 2488/2687/1969 2486/2685/1967
f 2463/2665/1947 2495/2694/1976 2319/3711/1853
f 2488/2687/1969 2359/3712/1891 2496/2695/1977
f 2495/2694/1976 2500/2699/1981 2319/3711/1853
f 2359/3712/1891 2358/3713/1890 2496/2695/1977
f 2319/3711/1853 2500/2699/1981 2313/3714/1848
f 2358/3713/1890 2364/3715/1896 2507/2709/1991
f 2358/3713/1890 2507/2709/1991 2508/2708/1990
f 2358/3713/1890 2508/2708/1990 2496/2695/1977
f 2313/3714/1848 2500/2699/1981 2305/3716/1843
f 2364/3715/1896 2369/3717/1901 2507/2709/1991
f 2500/2699/1981 2515/2714/1996 2305/3716/1843
f 2305/3716/1843 2516/2716/1998 2517/2719/2001
f 2305/3716/1843 2515/2714/1996 2516/2716/1998
f 2522/2720/2002 2528/2724/2006 2302/3718/1841
f 2302/3718/1841 2528/2724/2006 2299/3719/1837
f 2507/2709/1991 2369/3717/1901 2536/2730/2012
f 2369/3717/1901 2373/3720/1905 2543/2736/2018
f 2369/3717/1901 2543/2736/2018 2536/2730/2012
f 2373/3720/1905 2234/3721/1781 2543/2736/2018
f 2528/2724/2006 2553/2746/2028 2299/3719/1837
f 2234/3721/1781 2227/3722/1780 2556/2754/2036
f 2234/3721/1781 2556/2754/2036 2557/2753/2035
f 2234/3721/1781 2557/2753/2035 2543/2736/2018
f 2553/2746/2028 2560/2750/2032 2299/3719/1837
f 2299/3719/1837 2560/2750/2032 2300/3723/1838
f 2227/3722/1780 2563/2790/2072 2556/2754/2036
f 2300/3723/1838 2560/2750/2032 2568/2765/2047
f 2568/2765/2047 2581/2767/2049 2301/3724/1839
f 2301/3724/1839 2581/2767/2049 2289/3725/1827
f 2581/2767/2049 2588/2774/2056 2289/3725/1827
f 2289/3725/1827 2588/2774/2056 2592/2778/2060
f 2289/3725/1827 2592/2778/2060 2283/3726/1821
f 2283/3726/1821 2592/2778/2060 2277/3727/1815
f 2277/3727/1815 2592/2778/2060 2605/2796/2078
f 2277/3727/1815 2606/2798/2080 2607/3728/2746
f 2277/3727/1815 2605/2796/2078 2606/2798/2080
f 2563/2790/2072 2212/3729/1760 2612/2795/2077
f 2607/3728/2746 2606/2798/2080 2251/3730/1802
f 2212/3729/1760 2204/3731/1755 2612/2795/2077
f 2251/3730/1802 2606/2798/2080 2618/2804/2086
f 2251/3730/1802 2619/2806/2088 2620/2808/2090
f 2251/3730/1802 2618/2804/2086 2619/2806/2088
f 2612/2795/2077 2204/3731/1755 2630/2810/2092
f 2628/2809/2091 2634/2814/2096 2223/3732/1770
f 2630/2810/2092 2204/3731/1755 2638/2815/2097
f 2223/3732/1770 2634/2814/2096 2217/3733/1764
f 2217/3733/1764 2634/2814/2096 2647/2827/2109
f 2217/3733/1764 2648/2828/2110 2649/2829/2111
f 2217/3733/1764 2647/2827/2109 2648/2828/2110
f 2656/2830/2112 2674/2848/2130 2200/3734/2745
f 2200/3734/2745 2674/2848/2130 2679/2858/2140
f 2638/2815/2097 2204/3731/1755 2686/2860/2142
f 2815/2944/2211 2818/2947/2214 3140/3735/2424
f 2815/2944/2211 3140/3735/2424 3134/3736/2425
f 2815/2944/2211 3134/3736/2425 2819/2948/2215
f 2792/2921/2200 2819/2948/2215 3123/3737/2414
f 2792/2921/2200 3123/3737/2414 3117/3738/2409
f 2792/2921/2200 3117/3738/2409 2820/2949/2216
f 2818/2947/2214 2822/2950/2218 3140/3735/2424
f 3140/3735/2424 2822/2950/2218 3146/3739/2429
f 3117/3738/2409 2823/2951/2219 2820/2949/2216
f 3117/3738/2409 2824/3740/2748 2823/2951/2219
f 3146/3739/2429 2822/2950/2218 2830/2963/2229
f 2824/3740/2748 3104/3741/2403 2823/2951/2219
f 3104/3741/2403 2837/2965/2231 2838/2964/2230
f 3104/3741/2403 3099/3742/2402 2837/2965/2231
f 3104/3741/2403 2838/2964/2230 2823/2951/2219
f 3099/3742/2402 2843/2974/2239 2837/2965/2231
f 2848/2969/2235 2847/2968/2234 3162/3743/2439
f 3162/3743/2439 2860/2987/2247 3167/3744/2442
f 3162/3743/2439 2847/2968/2234 2861/2985/2246
f 3162/3743/2439 2861/2985/2246 2860/2987/2247
f 3167/3744/2442 2860/2987/2247 3173/3745/2445
f 3173/3745/2445 2872/2998/2254 3178/3746/2448
f 3173/3745/2445 2860/2987/2247 2873/2996/2252
f 3173/3745/2445 2873/2996/2252 2872/2998/2254
f 2869/2989/2249 3083/3747/2749 2874/2992/2250
f 3178/3746/2448 2872/2998/2254 3181/3748/2450
f 3083/3747/2749 2879/3006/2256 2874/2992/2250
f 2887/3007/2257 3096/3749/2397 2888/3008/2258
f 3096/3749/2397 3103/3750/2399 2899/3023/2271
f 3096/3749/2397 2899/3023/2271 2900/3022/2270
f 3096/3749/2397 2900/3022/2270 2888/3008/2258
f 3103/3750/2399 2905/3026/2274 2899/3023/2271
f 2905/3026/2274 3114/3751/2412 2909/3027/2275
f 3114/3751/2412 3120/3752/2411 2909/3027/2275
f 2872/2998/2254 2957/3064/2309 3181/3748/2450
f 2957/3064/2309 2963/3069/2314 3181/3748/2450
f 3181/3748/2450 2963/3069/2314 2964/3753/2750
f 2964/3753/2750 2963/3069/2314 3185/3754/2453
f 2963/3069/2314 2984/3088/2323 3185/3754/2453
f 2909/3027/2275 3120/3752/2411 2986/3090/2324
f 2984/3088/2323 2990/3093/2328 3185/3754/2453
f 3185/3754/2453 2990/3093/2328 2991/3100/2334
f 3120/3752/2411 3126/3755/2416 2992/3094/2329
f 3120/3752/2411 2992/3094/2329 2986/3090/2324
f 3126/3755/2416 3131/3756/2419 2992/3094/2329
f 2999/3101/2335 3006/3107/2339 3170/3757/2751
f 3131/3756/2419 3137/3758/2422 3007/3112/2343
f 3131/3756/2419 3007/3112/2343 3008/3111/2342
f 3131/3756/2419 3008/3111/2342 2992/3094/2329
f 3170/3757/2751 3006/3107/2339 3012/3117/2346
f 3137/3758/2422 3143/3759/2427 3007/3112/2343
f 3012/3117/2346 3018/3119/2348 3159/3760/2437
f 3159/3760/2437 3018/3119/2348 3154/3761/2434
f 3018/3119/2348 3055/3149/2372 3154/3761/2434
f 3055/3149/2372 3059/3153/2375 3154/3761/2434
f 3154/3761/2434 3059/3153/2375 3149/3762/2431
f 3149/3762/2431 3059/3153/2375 3143/3759/2427
f 3143/3759/2427 3059/3153/2375 3076/3171/2390
f 3143/3759/2427 3076/3171/2390 3007/3112/2343
f 3083/3763/2749 2869/3764/2249 3084/3175/2391
f 3083/3763/2749 3084/3175/2391 2879/3765/2256
f 2869/3764/2249 3085/3181/2394 3086/3176/2392
f 2869/3764/2249 2863/3766/2244 3085/3181/2394
f 2869/3764/2249 3086/3176/2392 3084/3175/2391
f 3084/3175/2391 3090/3180/2393 2879/3765/2256
f 2879/3765/2256 3091/3183/2395 2887/3767/2257
f 2879/3765/2256 3090/3180/2393 3091/3183/2395
f 2863/3766/2244 2843/3768/2239 3085/3181/2394
f 3091/3183/2395 3096/3187/2397 2887/3767/2257
f 2843/3768/2239 3097/3193/2401 3098/3192/2400
f 2843/3768/2239 3099/3194/2402 3097/3193/2401
f 2843/3768/2239 3098/3192/2400 3085/3181/2394
f 3101/3189/2398 3109/3200/2405 2905/3769/2274
f 3101/3189/2398 2905/3769/2274 3103/3191/2399
f 3104/3195/2403 2824/3770/2748 3110/3201/2406
f 3109/3200/2405 3112/3203/2407 2905/3769/2274
f 2905/3769/2274 3112/3203/2407 3114/3211/2412
f 3110/3201/2406 2824/3770/2748 3117/3207/2409
f 3121/3212/2413 2819/3771/2215 3127/3218/2417
f 3121/3212/2413 3123/3214/2414 2819/3771/2215
f 3127/3218/2417 2819/3771/2215 3132/3223/2420
f 2819/3771/2215 3134/3231/2425 3132/3223/2420
f 3144/3235/2428 2830/3772/2229 3150/3241/2432
f 3144/3235/2428 3146/3237/2429 2830/3772/2229
f 3150/3241/2432 2830/3772/2229 3155/3246/2435
f 2830/3772/2229 2848/3773/2235 3155/3246/2435
f 3155/3246/2435 2848/3773/2235 3162/3253/2439
f 3157/3248/2436 3164/3255/2440 3012/3774/2346
f 3157/3248/2436 3012/3774/2346 3159/3250/2437
f 3164/3255/2440 3168/3259/2443 3012/3774/2346
f 3012/3774/2346 3168/3259/2443 3170/3775/2751
f 3168/3259/2443 3175/3265/2446 2999/3776/2335
f 3168/3259/2443 2999/3776/2335 3170/3775/2751
f 3175/3265/2446 3179/3269/2449 2999/3776/2335
f 2999/3776/2335 3179/3269/2449 2991/3777/2334
f 3179/3269/2449 3185/3275/2453 2991/3777/2334
f 3181/3271/2450 2964/3778/2750 3187/3277/2454
f 3185/3275/2453 3187/3277/2454 2964/3778/2750
f 3199/347/2462 3489/439/2645 3202/348/2466
f 3205/353/2467 3475/441/2637 3208/354/2471
f 3211/359/2472 3460/443/2631 3214/360/2476
f 3219/367/2478 3222/368/2482 3299/445/2529
f 3232/379/2489 3234/380/2493 3275/448/2513
f 3251/452/2505 3322/451/2541 3253/454/2507
f 3275/3300/2513 3235/3779/2752 3267/3292/2510
f 3279/3304/2515 3239/3780/2498 3277/3302/2514
f 3279/3304/2515 3267/3292/2510 3239/3780/2498
f 3267/3292/2510 3235/3779/2752 3239/3780/2498
f 3282/3307/2518 3258/3283/2509 3226/3781/2487
f 3239/3780/2498 3288/3782/2753 3277/3302/2514
f 3258/3283/2509 3292/3316/2525 3226/3781/2487
f 3226/3781/2487 3293/3320/2527 3294/3322/2528
f 3226/3781/2487 3292/3316/2525 3293/3320/2527
f 3288/3782/2753 3246/3783/2504 3277/3302/2514
f 3277/3302/2514 3246/3783/2504 3295/3317/2526
f 3246/3783/2504 3302/3326/2531 3295/3317/2526
f 3246/3783/2504 3250/3784/2754 3302/3326/2531
f 3250/3784/2754 3254/3785/2508 3302/3326/2531
f 3302/3326/2531 3254/3785/2508 3311/3335/2534
f 3309/3333/2533 3308/3332/2532 3213/3786/2475
f 3254/3785/2508 3315/3343/2540 3316/3339/2537
f 3254/3785/2508 3316/3339/2537 3311/3335/2534
f 3213/3786/2475 3320/3349/2545 3210/3787/2755
f 3213/3786/2475 3321/3348/2544 3320/3349/2545
f 3213/3786/2475 3308/3332/2532 3321/3348/2544
f 3210/3787/2755 3320/3349/2545 3207/3788/2470
f 3322/3344/2541 3248/3789/2756 3326/3350/2546
f 3324/3346/2542 3290/3314/2524 325/3790/483
f 3324/3346/2542 325/3790/483 3325/3347/2543
f 3325/3347/2543 325/3790/483 3328/3352/2548
f 3207/3788/2470 3331/3361/2554 3204/3791/2757
f 3207/3788/2470 3320/3349/2545 3332/3359/2553
f 3207/3788/2470 3332/3359/2553 3331/3361/2554
f 3248/3789/2756 3244/3792/2501 3326/3350/2546
f 325/3790/483 3290/3314/2524 320/3793/482
f 3204/3791/2757 3331/3361/2554 3201/3794/2465
f 320/3793/482 3290/3314/2524 3341/3366/2556
f 3336/3358/2552 351/3795/504 3335/3357/2551
f 3341/3366/2556 3347/3371/2557 314/3796/472
f 314/3796/472 3347/3371/2557 306/3797/464
f 3347/3371/2557 3353/3378/2562 306/3797/464
f 306/3797/464 3360/3384/2568 307/3798/465
f 306/3797/464 3353/3378/2562 3360/3384/2568
f 3360/3384/2568 3366/3390/2573 307/3798/465
f 3366/3390/2573 3372/3396/2577 290/3799/2697
f 3335/3357/2551 351/3795/504 3373/3397/2578
f 3372/3396/2577 3379/3403/2581 290/3799/2697
f 351/3795/504 3380/3404/2582 3373/3397/2578
f 351/3795/504 358/3800/505 3380/3404/2582
f 3326/3350/2546 3244/3792/2501 3385/3409/2584
f 3379/3403/2581 3386/3410/2585 273/3801/432
f 358/3800/505 364/3802/510 3380/3404/2582
f 3244/3792/2501 3241/3803/2758 3391/3415/2589
f 3244/3792/2501 3391/3415/2589 3385/3409/2584
f 273/3801/432 3386/3410/2585 268/3804/431
f 3241/3803/2758 3237/3805/2495 3391/3415/2589
f 268/3804/431 3397/3427/2595 3398/3806/2696
f 268/3804/431 3399/3426/2594 3397/3427/2595
f 268/3804/431 3386/3410/2585 3399/3426/2594
f 3398/3806/2696 3397/3427/2595 266/3807/425
f 3391/3415/2589 3237/3805/2495 3409/3432/2596
f 266/3807/425 3397/3427/2595 3410/3437/2600
f 266/3807/425 3411/3438/2601 3412/3439/2602
f 266/3807/425 3410/3437/2600 3411/3438/2601
f 3237/3805/2495 3415/3808/2759 3416/3435/2598
f 3237/3805/2495 3416/3435/2598 3409/3432/2596
f 3415/3808/2759 3231/3809/2490 3416/3435/2598
f 3416/3435/2598 3231/3809/2490 3423/3445/2606
f 3418/3440/2603 3427/3449/2609 281/3810/448
f 3231/3809/2490 3228/3811/2760 3429/3451/2610
f 3231/3809/2490 3429/3451/2610 3423/3445/2606
f 281/3810/448 3427/3449/2609 291/3812/449
f 3228/3811/2760 3224/3813/2484 3429/3451/2610
f 3429/3451/2610 3224/3813/2484 3434/3456/2612
f 3224/3813/2484 3439/3461/2616 3434/3456/2612
f 3224/3813/2484 3221/3814/2761 3439/3461/2616
f 3427/3449/2609 3441/3463/2618 291/3812/449
f 3221/3814/2761 3218/3815/2479 3439/3461/2616
f 3441/3463/2618 3446/3468/2620 291/3812/449
f 291/3812/449 3446/3468/2620 301/3816/459
f 3218/3815/2479 3452/3479/2625 3439/3461/2616
f 3218/3815/2479 3453/3480/2626 3452/3479/2625
f 3218/3815/2479 3215/3817/2762 3453/3480/2626
f 301/3816/459 3446/3468/2620 3457/3492/2635
f 3215/3817/2762 3460/3488/2631 3453/3480/2626
f 3476/3498/2638 3463/3483/2629 408/3818/545
f 3463/3483/2629 3485/3507/2644 408/3818/545
f 408/3818/545 3485/3507/2644 3490/3512/2646
f 408/3818/545 3490/3512/2646 409/3819/546
f 409/3819/546 3490/3512/2646 407/3820/544
f 3490/3512/2646 3498/3520/2652 407/3820/544
f 3496/3518/2650 3190/3821/2455 3495/3517/2649
f 407/3820/544 3501/3523/2654 3502/3822/2698
f 407/3820/544 3498/3520/2652 3501/3523/2654
f 3502/3822/2698 3501/3523/2654 404/3823/541
f 3501/3523/2654 3510/3531/2658 404/3823/541
f 3495/3517/2649 3190/3821/2455 3514/3535/2660
f 404/3823/541 3515/3536/2661 405/3824/542
f 404/3823/541 3510/3531/2658 3515/3536/2661
f 3190/3821/2455 3519/3540/2664 3514/3535/2660
f 3190/3821/2455 3189/3825/2763 3519/3540/2664
f 3515/3536/2661 400/3826/537 405/3824/542
f 3515/3536/2661 3521/3542/2666 400/3826/537
f 3189/3825/2763 3192/3827/2460 3519/3540/2664
f 400/3826/537 3521/3542/2666 3525/3546/2668
f 400/3826/537 3525/3546/2668 3526/3552/2671
f 3192/3827/2460 3532/3559/2675 3519/3540/2664
f 3192/3827/2460 3533/3560/2676 3532/3559/2675
f 3192/3827/2460 3198/3828/2764 3533/3560/2676
f 3198/3828/2764 3201/3794/2465 3533/3560/2676
f 3534/3553/2672 3540/3562/2678 393/3829/531
f 3201/3794/2465 3546/3570/2680 3533/3560/2676
f 3201/3794/2465 3331/3361/2554 3546/3570/2680
f 393/3829/531 3540/3562/2678 386/3830/525
f 386/3830/525 3550/3573/2683 3551/3572/2682
f 386/3830/525 3540/3562/2678 3552/3576/2686
f 386/3830/525 3552/3576/2686 3550/3573/2683
f 3554/3574/2684 3558/3580/2689 372/3831/514
f 372/3831/514 3558/3580/2689 364/3802/510
f 364/3802/510 3558/3580/2689 3565/3586/2695
f 364/3802/510 3565/3586/2695 3380/3404/2582
o Kinoko__m_Color
v -0.289911 1.195212 -0.316714
v -0.201270 1.180712 -0.375206
v -0.298756 1.267349 -0.358558
v -0.103651 1.172264 -0.415807
v -0.206094 1.251095 -0.418840
v -0.106161 1.241056 -0.457463
v -0.205722 1.298246 -0.436938
v -0.201212 1.345175 -0.448946
v -0.292827 1.362864 -0.389210
v -0.105967 1.287230 -0.476168
v -0.103641 1.333454 -0.487960
v -0.283735 1.413226 -0.397635
v -0.195696 1.395444 -0.454224
v 0.000000 1.327795 -0.502004
v 0.000000 1.282041 -0.490601
v -0.100790 1.383937 -0.494550
v -0.185578 1.445388 -0.453187
v -0.095569 1.434370 -0.493736
v 0.000000 1.378505 -0.508065
v -0.164664 1.532913 -0.445102
v -0.235391 1.550611 -0.398245
v -0.084812 1.520801 -0.483686
v 0.000000 1.516383 -0.494746
v -0.137399 1.614002 -0.423518
v -0.070830 1.601883 -0.454587
v -0.281649 1.673930 -0.265008
v -0.212479 1.729083 -0.269828
v -0.221551 1.748287 -0.218290
v -0.152415 1.780423 -0.232598
v -0.138724 1.755296 -0.283523
v -0.189176 1.707196 -0.318253
v -0.213782 1.775221 -0.162721
v -0.076501 1.799220 -0.239964
v -0.139608 1.808311 -0.174668
v -0.053756 1.775041 -0.291748
v -0.106387 1.736491 -0.330040
v -0.153496 1.688099 -0.361629
v -0.249773 1.768908 -0.060757
v -0.191671 1.800794 -0.109733
v -0.054095 1.825616 -0.185430
v 0.000000 1.809520 -0.242157
v -0.107774 1.832209 -0.125276
v -0.056844 1.724609 -0.359584
v -0.108046 1.674622 -0.392969
v -0.156499 1.822714 -0.064524
v -0.057828 1.846204 -0.096697
v 0.000000 1.836336 -0.163277
v -0.110662 1.839946 -0.034883
v -0.055749 1.666462 -0.415637
v 0.000000 1.597616 -0.465108
v -0.057283 1.851359 -0.013593
v -0.066998 1.834029 0.063327
v 0.000000 1.838331 0.072056
v -0.200375 1.798009 -0.002600
v -0.284047 1.734549 -0.128856
v -0.300642 1.719270 -0.006668
v -0.295468 1.700506 -0.197017
v -0.338631 1.676274 -0.089448
v -0.345437 1.654237 0.046972
v -0.335149 1.604914 -0.249727
v -0.352171 1.639386 -0.169804
v -0.386103 1.603859 -0.044641
v -0.364699 1.613786 0.076331
v -0.381375 1.521698 -0.229177
v -0.336708 1.489050 -0.324043
v -0.294156 1.574786 -0.331184
v -0.398520 1.561375 -0.135071
v -0.248640 1.648715 -0.330714
v -0.407092 1.563924 -0.015675
v -0.375411 1.571419 0.103360
v -0.314499 1.573702 0.207867
v -0.401605 1.473849 -0.217987
v -0.419872 1.516586 -0.113708
v -0.354937 1.440038 -0.316152
v -0.268033 1.462810 -0.400986
v -0.195361 1.628211 -0.383973
v -0.418505 1.519782 0.009738
v -0.382874 1.527703 0.126866
v -0.412360 1.423713 -0.206036
v -0.364813 1.389568 -0.305085
v -0.431330 1.468556 -0.093746
v -0.426680 1.477378 0.035748
v -0.382587 1.482702 0.148727
v -0.301694 1.450858 0.251265
v -0.420086 1.376182 -0.191542
v -0.439481 1.424104 -0.072748
v -0.371821 1.342517 -0.291307
v -0.298811 1.315414 -0.376308
v -0.426212 1.431182 0.058537
v -0.370286 1.406216 0.179014
v -0.277459 1.382824 0.256662
v -0.419284 1.326739 -0.176047
v -0.371291 1.294295 -0.274444
v -0.438715 1.376884 -0.052931
v -0.405343 1.354228 0.091606
v -0.381155 1.297809 0.104702
v -0.401792 1.249642 -0.143296
v -0.359345 1.219186 -0.241063
v -0.419580 1.298915 -0.018217
v -0.333487 1.167051 -0.202838
v 0.186695 1.131652 -0.328384
v 0.201270 1.180712 -0.375206
v 0.206094 1.251095 -0.418840
v 0.103651 1.172264 -0.415807
v 0.000000 1.117332 -0.381874
v 0.205722 1.298246 -0.436938
v 0.106161 1.241056 -0.457463
v 0.000000 1.169258 -0.429588
v 0.105967 1.287230 -0.476168
v 0.201212 1.345175 -0.448946
v 0.000000 1.236473 -0.471997
v 0.283735 1.413226 -0.397635
v 0.103641 1.333454 -0.487960
v 0.195696 1.395444 -0.454224
v 0.268033 1.462810 -0.400986
v 0.100790 1.383937 -0.494550
v 0.185578 1.445388 -0.453187
v 0.235391 1.550611 -0.398245
v 0.095569 1.434370 -0.493736
v 0.164664 1.532913 -0.445102
v 0.000000 1.429290 -0.506414
v 0.084812 1.520801 -0.483686
v 0.137399 1.614002 -0.423518
v 0.055749 1.666462 -0.415637
v 0.070830 1.601883 -0.454587
v 0.000000 1.663631 -0.422715
v 0.056844 1.724609 -0.359584
v 0.108046 1.674622 -0.392969
v 0.000000 1.719795 -0.371568
v 0.053756 1.775041 -0.291748
v 0.106387 1.736491 -0.330040
v 0.000000 1.766589 -0.312656
v 0.153496 1.688099 -0.361629
v 0.195361 1.628211 -0.383973
v 0.076501 1.799220 -0.239964
v 0.138724 1.755296 -0.283523
v 0.189176 1.707196 -0.318253
v 0.054095 1.825616 -0.185430
v 0.139608 1.808311 -0.174668
v 0.152415 1.780423 -0.232598
v 0.212479 1.729083 -0.269828
v 0.057828 1.846204 -0.096697
v 0.000000 1.851114 -0.086841
v 0.107774 1.832209 -0.125276
v 0.191671 1.800794 -0.109733
v 0.213782 1.775221 -0.162721
v 0.221551 1.748287 -0.218290
v 0.110662 1.839946 -0.034883
v 0.057283 1.851359 -0.013593
v 0.000000 1.854797 -0.006589
v 0.156499 1.822714 -0.064524
v 0.249773 1.768908 -0.060757
v 0.066998 1.834029 0.063327
v 0.248640 1.648715 -0.330714
v 0.281649 1.673930 -0.265008
v 0.294156 1.574786 -0.331184
v 0.295468 1.700506 -0.197017
v 0.335149 1.604914 -0.249727
v 0.336708 1.489050 -0.324043
v 0.352171 1.639386 -0.169804
v 0.338631 1.676274 -0.089448
v 0.284047 1.734549 -0.128856
v 0.381375 1.521698 -0.229177
v 0.354937 1.440038 -0.316152
v 0.292827 1.362864 -0.389210
v 0.398520 1.561375 -0.135071
v 0.386103 1.603859 -0.044641
v 0.345437 1.654237 0.046972
v 0.300642 1.719270 -0.006668
v 0.401605 1.473849 -0.217987
v 0.364813 1.389568 -0.305085
v 0.298811 1.315414 -0.376308
v 0.419872 1.516586 -0.113708
v 0.407092 1.563924 -0.015675
v 0.364699 1.613786 0.076331
v 0.246121 1.756454 0.064088
v 0.200375 1.798009 -0.002600
v 0.412360 1.423713 -0.206036
v 0.371821 1.342517 -0.291307
v 0.298756 1.267349 -0.358558
v 0.431330 1.468556 -0.093746
v 0.418505 1.519782 0.009738
v 0.375411 1.571419 0.103360
v 0.307671 1.618098 0.184560
v 0.420086 1.376182 -0.191542
v 0.371291 1.294295 -0.274444
v 0.289911 1.195212 -0.316714
v 0.439481 1.424104 -0.072748
v 0.426680 1.477378 0.035748
v 0.382874 1.527703 0.126866
v 0.419284 1.326739 -0.176047
v 0.359345 1.219186 -0.241063
v 0.267230 1.146121 -0.274981
v 0.438715 1.376884 -0.052931
v 0.426212 1.431182 0.058537
v 0.382587 1.482702 0.148727
v 0.313808 1.525714 0.229379
v 0.401792 1.249642 -0.143296
v 0.333487 1.167051 -0.202838
v 0.419580 1.298915 -0.018217
v 0.405343 1.354228 0.091606
v 0.370286 1.406216 0.179014
v 0.301694 1.450858 0.251265
v 0.381155 1.297809 0.104702
v 0.391719 1.249110 0.003958
v 0.340028 1.341995 0.190093
v 0.277459 1.382824 0.256662
v -0.132786 0.154889 0.031242
v -0.211680 0.155369 -0.007153
v -0.235228 0.165988 -0.018602
v -0.181986 0.155369 -0.068186
v -0.249011 0.190924 -0.025305
v -0.205533 0.165988 -0.079635
v -0.249011 0.220734 -0.025305
v -0.219317 0.190924 -0.086338
v -0.235063 0.243786 -0.018518
v -0.219317 0.220734 -0.086338
v -0.221994 0.263585 -0.012161
v -0.205368 0.243786 -0.079551
v -0.215359 0.287139 -0.008932
v -0.192300 0.263585 -0.073194
v -0.215359 0.503471 -0.008932
v -0.185664 0.287139 -0.069966
v -0.228472 0.563267 -0.015312
v -0.185664 0.503471 -0.069966
v -0.257719 0.615881 -0.029542
v -0.198777 0.563267 -0.076345
v -0.302932 0.658984 -0.051539
v -0.228025 0.615881 -0.090575
v -0.370984 0.703022 -0.084648
v -0.273237 0.658984 -0.112572
v -0.430155 0.741561 -0.113437
v -0.341289 0.703022 -0.145681
v -0.481815 0.788290 -0.138571
v -0.400461 0.741561 -0.174470
v -0.512412 0.838082 -0.153457
v -0.452120 0.788290 -0.199604
v -0.523341 0.894332 -0.158774
v -0.482718 0.838082 -0.214490
v -0.521596 0.951353 -0.157924
v -0.493647 0.894332 -0.219808
v -0.503636 1.009172 -0.149187
v -0.491902 0.951353 -0.218957
v -0.476805 1.049123 -0.136143
v -0.473941 1.009172 -0.210220
v -0.444551 1.069850 -0.120447
v -0.447111 1.049123 -0.197176
v -0.412296 1.076840 -0.104751
v -0.414856 1.069850 -0.181480
v -0.380469 1.074955 -0.089262
v -0.382602 1.076840 -0.165784
v -0.349822 1.060342 -0.074349
v -0.350774 1.074955 -0.150295
v -0.322862 1.034558 -0.061239
v -0.293168 1.034558 -0.122272
v -0.320128 1.060342 -0.135382
v -0.300965 1.001513 -0.050583
v -0.271271 1.001513 -0.111616
v -0.278460 0.983854 -0.039633
v -0.248766 0.983854 -0.100666
v -0.249162 0.978947 -0.025379
v -0.219467 0.978947 -0.086412
v -0.128961 0.978652 0.033103
v -0.099266 0.978652 -0.027931
v -0.103091 0.154889 -0.029792
v -0.132643 0.180861 0.031311
v -0.102949 0.180861 -0.029722
v -0.205549 0.181341 -0.004166
v -0.175855 0.181341 -0.065199
v -0.216918 0.184655 -0.009693
v -0.187224 0.184655 -0.070727
v -0.223143 0.195618 -0.012720
v -0.193449 0.195618 -0.073753
v -0.223143 0.213450 -0.012720
v -0.193449 0.213450 -0.073753
v -0.212537 0.233331 -0.007560
v -0.182843 0.233331 -0.068593
v -0.195758 0.257355 0.000604
v -0.166064 0.257355 -0.060430
v -0.188493 0.287139 0.004139
v -0.158798 0.287139 -0.056895
v -0.188493 0.503471 0.004139
v -0.158798 0.503471 -0.056895
v -0.204459 0.576244 -0.003630
v -0.174765 0.576244 -0.064663
v -0.237479 0.633920 -0.019695
v -0.207785 0.633920 -0.080728
v -0.285973 0.681425 -0.043288
v -0.256278 0.681425 -0.104321
v -0.356703 0.727294 -0.077700
v -0.327008 0.727294 -0.138733
v -0.415181 0.765582 -0.106151
v -0.385486 0.765582 -0.167185
v -0.458693 0.803024 -0.127321
v -0.428999 0.803024 -0.188355
v -0.487294 0.849409 -0.141237
v -0.457600 0.849409 -0.202270
v -0.496475 0.900571 -0.145703
v -0.466781 0.900571 -0.206737
v -0.494730 0.945114 -0.144853
v -0.465036 0.945114 -0.205886
v -0.482019 0.993871 -0.138670
v -0.452325 0.993871 -0.199703
v -0.459880 1.028521 -0.127905
v -0.430185 1.028521 -0.188938
v -0.437015 1.044957 -0.116781
v -0.407321 1.044957 -0.177814
v -0.410610 1.049844 -0.103931
v -0.380916 1.049844 -0.164964
v -0.385669 1.049383 -0.091792
v -0.355974 1.049383 -0.152825
v -0.361907 1.036192 -0.080228
v -0.332213 1.036192 -0.141262
v -0.339391 1.013653 -0.069277
v -0.309696 1.013654 -0.130311
v -0.319125 0.980408 -0.059418
v -0.289431 0.980408 -0.120451
v -0.286584 0.957668 -0.043585
v -0.256889 0.957668 -0.104619
v -0.249283 0.950014 -0.025438
v -0.219589 0.950014 -0.086471
v -0.099388 0.949719 -0.027990
v -0.129082 0.949719 0.033043
v 0.103091 0.154889 -0.029792
v 0.211680 0.155369 -0.007153
v 0.181986 0.155369 -0.068186
v 0.235228 0.165988 -0.018602
v 0.205533 0.165988 -0.079635
v 0.249011 0.190924 -0.025305
v 0.219317 0.190924 -0.086338
v 0.249011 0.220734 -0.025305
v 0.219317 0.220734 -0.086338
v 0.235063 0.243786 -0.018518
v 0.205368 0.243786 -0.079551
v 0.221994 0.263585 -0.012161
v 0.192300 0.263585 -0.073194
v 0.215359 0.287139 -0.008932
v 0.185664 0.287139 -0.069966
v 0.215359 0.503471 -0.008932
v 0.185664 0.503471 -0.069966
v 0.228472 0.563267 -0.015312
v 0.198777 0.563267 -0.076345
v 0.257719 0.615881 -0.029542
v 0.228025 0.615881 -0.090575
v 0.302932 0.658984 -0.051539
v 0.273237 0.658984 -0.112572
v 0.370984 0.703022 -0.084648
v 0.341289 0.703022 -0.145681
v 0.430155 0.741561 -0.113437
v 0.400461 0.741561 -0.174470
v 0.481815 0.788290 -0.138571
v 0.452120 0.788290 -0.199604
v 0.512412 0.838082 -0.153457
v 0.482718 0.838082 -0.214490
v 0.523341 0.894332 -0.158774
v 0.493647 0.894332 -0.219808
v 0.521596 0.951353 -0.157924
v 0.491902 0.951353 -0.218957
v 0.503636 1.009172 -0.149187
v 0.473941 1.009172 -0.210220
v 0.476805 1.049123 -0.136143
v 0.447111 1.049123 -0.197176
v 0.444551 1.069850 -0.120447
v 0.414856 1.069850 -0.181480
v 0.412296 1.076840 -0.104751
v 0.382602 1.076840 -0.165784
v 0.380469 1.074955 -0.089262
v 0.350774 1.074955 -0.150295
v 0.349822 1.060342 -0.074349
v 0.320128 1.060342 -0.135382
v 0.293168 1.034558 -0.122272
v 0.322862 1.034558 -0.061239
v 0.271271 1.001513 -0.111616
v 0.300965 1.001513 -0.050583
v 0.248766 0.983854 -0.100666
v 0.278460 0.983854 -0.039633
v 0.219467 0.978947 -0.086412
v 0.249162 0.978947 -0.025379
v 0.099266 0.978652 -0.027931
v 0.128961 0.978652 0.033103
v 0.132786 0.154889 0.031242
v 0.132643 0.180861 0.031311
v 0.205549 0.181341 -0.004166
v 0.102949 0.180861 -0.029722
v 0.216918 0.184655 -0.009693
v 0.175855 0.181341 -0.065199
v 0.223143 0.195618 -0.012720
v 0.187224 0.184655 -0.070727
v 0.223143 0.213450 -0.012720
v 0.193449 0.195618 -0.073753
v 0.212537 0.233331 -0.007560
v 0.193449 0.213450 -0.073753
v 0.195758 0.257355 0.000604
v 0.182843 0.233331 -0.068593
v 0.188493 0.287139 0.004139
v 0.166064 0.257355 -0.060430
v 0.188493 0.503471 0.004139
v 0.158798 0.287139 -0.056895
v 0.204459 0.576244 -0.003630
v 0.158798 0.503471 -0.056895
v 0.237479 0.633920 -0.019695
v 0.174765 0.576244 -0.064663
v 0.285973 0.681425 -0.043288
v 0.207785 0.633920 -0.080728
v 0.356703 0.727294 -0.077700
v 0.256278 0.681425 -0.104321
v 0.415181 0.765582 -0.106151
v 0.327008 0.727294 -0.138733
v 0.458693 0.803024 -0.127321
v 0.385486 0.765582 -0.167185
v 0.487294 0.849409 -0.141237
v 0.428999 0.803024 -0.188355
v 0.496475 0.900571 -0.145703
v 0.457600 0.849409 -0.202270
v 0.494730 0.945114 -0.144853
v 0.466781 0.900571 -0.206737
v 0.482019 0.993871 -0.138670
v 0.465036 0.945114 -0.205886
v 0.459880 1.028521 -0.127905
v 0.452325 0.993871 -0.199703
v 0.437015 1.044957 -0.116781
v 0.430185 1.028521 -0.188938
v 0.410610 1.049844 -0.103931
v 0.407321 1.044957 -0.177814
v 0.385669 1.049383 -0.091792
v 0.380916 1.049844 -0.164964
v 0.361907 1.036192 -0.080228
v 0.355974 1.049383 -0.152825
v 0.339391 1.013653 -0.069277
v 0.332213 1.036192 -0.141262
v 0.319125 0.980408 -0.059418
v 0.309696 1.013654 -0.130311
v 0.286584 0.957668 -0.043585
v 0.289431 0.980408 -0.120451
v 0.249283 0.950014 -0.025438
v 0.256889 0.957668 -0.104619
v 0.129082 0.949719 0.033043
v 0.099388 0.949719 -0.027990
v 0.219589 0.950014 -0.086471
v 0.000000 0.130964 -0.129147
v -0.039909 0.130964 -0.122826
v -0.033613 0.144874 -0.103449
v -0.075911 0.130964 -0.104482
v -0.063935 0.144874 -0.087999
v -0.031301 0.159415 -0.096334
v -0.104482 0.130964 -0.075911
v 0.000000 0.175490 -0.108581
v -0.087999 0.144874 -0.063935
v -0.059537 0.159415 -0.081946
v -0.033553 0.175490 -0.103267
v -0.122826 0.130964 -0.039909
v -0.103449 0.144874 -0.033613
v -0.081946 0.159415 -0.059537
v -0.063822 0.175490 -0.087844
v -0.036776 0.182751 -0.113185
v -0.129147 0.130964 0.000000
v -0.108773 0.144874 0.000000
v -0.096334 0.159415 -0.031301
v -0.087844 0.175490 -0.063822
v -0.069953 0.182751 -0.096281
v -0.122826 0.130964 0.039909
v -0.103449 0.144874 0.033613
v -0.101291 0.159415 0.000000
v -0.103267 0.175490 -0.033553
v -0.096281 0.182751 -0.069953
v -0.104482 0.130964 0.075911
v -0.087999 0.144874 0.063935
v -0.096334 0.159415 0.031301
v -0.108581 0.175490 0.000000
v -0.113185 0.182751 -0.036776
v -0.075911 0.130964 0.104482
v -0.063935 0.144874 0.087999
v -0.081946 0.159415 0.059537
v -0.103267 0.175490 0.033553
v -0.119010 0.182751 0.000000
v -0.039909 0.130964 0.122826
v -0.033613 0.144874 0.103449
v -0.059537 0.159415 0.081946
v -0.087844 0.175490 0.063822
v -0.113185 0.182751 0.036776
v 0.000000 0.130964 0.129147
v 0.000000 0.144874 0.108773
v -0.031301 0.159415 0.096333
v -0.063822 0.175490 0.087844
v -0.096281 0.182751 0.069952
v 0.039909 0.130964 0.122826
v 0.033613 0.144874 0.103449
v 0.000000 0.159415 0.101291
v -0.033553 0.175491 0.103267
v -0.069953 0.182751 0.096281
v 0.075911 0.130964 0.104482
v 0.063935 0.144874 0.087999
v 0.031301 0.159415 0.096333
v 0.000000 0.175491 0.108581
v -0.036776 0.182751 0.113185
v 0.104482 0.130964 0.075911
v 0.087999 0.144874 0.063935
v 0.059537 0.159415 0.081946
v 0.033553 0.175491 0.103267
v 0.000000 0.182751 0.119010
v 0.122826 0.130964 0.039909
v 0.103449 0.144874 0.033613
v 0.081946 0.159415 0.059537
v 0.063822 0.175490 0.087844
v 0.036776 0.182751 0.113185
v 0.129147 0.130964 0.000000
v 0.108773 0.144874 0.000000
v 0.096333 0.159415 0.031301
v 0.087844 0.175490 0.063822
v 0.069952 0.182751 0.096281
v 0.122826 0.130964 -0.039909
v 0.103449 0.144874 -0.033613
v 0.101291 0.159415 0.000000
v 0.103267 0.175490 0.033553
v 0.096281 0.182751 0.069952
v 0.104482 0.130964 -0.075911
v 0.087999 0.144874 -0.063935
v 0.096333 0.159415 -0.031301
v 0.108581 0.175490 0.000000
v 0.113185 0.182751 0.036776
v 0.075911 0.130964 -0.104482
v 0.063935 0.144874 -0.087999
v 0.081946 0.159415 -0.059538
v 0.103267 0.175490 -0.033553
v 0.119010 0.182751 0.000000
v 0.039909 0.130964 -0.122826
v 0.059537 0.159415 -0.081946
v 0.033613 0.144874 -0.103449
v 0.087844 0.175490 -0.063822
v 0.113185 0.182751 -0.036776
v 0.063822 0.175490 -0.087844
v 0.031301 0.159415 -0.096334
v 0.000000 0.144874 -0.108773
v 0.096281 0.182751 -0.069953
v 0.069952 0.182751 -0.096281
v 0.033553 0.175490 -0.103267
v 0.000000 0.159415 -0.101291
v 0.036776 0.182751 -0.113185
v 0.000000 0.182751 -0.119010
v -0.307671 1.618098 0.184560
v -0.231420 1.611118 0.250077
v -0.219792 1.673964 0.216495
v -0.298175 1.659425 0.155864
v -0.313808 1.525714 0.229379
v -0.220299 1.547461 0.284109
v -0.227530 1.611100 0.250059
v -0.216097 1.672890 0.217042
v -0.184473 1.729487 0.184294
v -0.187626 1.731528 0.183188
v -0.281551 1.697161 0.125372
v -0.209320 1.486790 0.305768
v -0.188014 1.491023 0.314814
v -0.216596 1.548512 0.283519
v -0.184854 1.493024 0.313707
v -0.134767 1.773135 0.161013
v -0.168879 1.784826 0.116948
v -0.246121 1.756454 0.064088
v -0.137071 1.775921 0.159509
v -0.133630 1.448558 0.336898
v -0.072448 1.800783 0.146297
v -0.073686 1.804043 0.144542
v -0.141896 1.820502 0.040751
v -0.070394 1.419487 0.352830
v 0.000000 1.408998 0.358077
v 0.000000 1.811120 0.139915
v 0.000000 1.814557 0.138050
v 0.070394 1.419487 0.352830
v 0.072448 1.800783 0.146297
v 0.071597 1.416229 0.354605
v 0.073686 1.804043 0.144542
v 0.133630 1.448558 0.336898
v 0.134767 1.773135 0.161013
v 0.137071 1.775921 0.159509
v 0.168879 1.784826 0.116948
v 0.141896 1.820502 0.040751
v 0.196042 1.427663 0.315957
v 0.209320 1.486790 0.305768
v 0.188014 1.491023 0.314814
v 0.184854 1.493024 0.313707
v 0.184473 1.729487 0.184294
v 0.187626 1.731528 0.183188
v 0.220299 1.547461 0.284109
v 0.216596 1.548512 0.283519
v 0.216097 1.672890 0.217042
v 0.219792 1.673964 0.216495
v 0.281551 1.697161 0.125372
v 0.231420 1.611118 0.250077
v 0.314499 1.573702 0.207867
v 0.227530 1.611100 0.250059
v 0.298175 1.659425 0.155864
v -0.276170 1.191906 0.030668
v -0.309828 1.198378 0.027444
v -0.262227 1.155728 -0.055778
v -0.269610 1.225638 0.103273
v 0.000000 1.195138 -0.033667
v -0.329120 1.170471 -0.076172
v -0.296727 1.159805 -0.065560
v -0.341428 1.211294 0.022989
v -0.300651 1.233927 0.107600
v -0.233538 1.130245 -0.122001
v -0.245025 1.258769 0.170827
v -0.369582 1.226220 0.015903
v -0.357792 1.181894 -0.091779
v -0.294749 1.139547 -0.157183
v -0.265108 1.131516 -0.139410
v -0.329795 1.248547 0.110234
v -0.271306 1.271528 0.180271
v -0.214699 1.109281 -0.202029
v -0.193038 1.109559 -0.176246
v -0.204441 1.287987 0.224224
v -0.316435 1.148700 -0.179174
v -0.235035 1.115859 -0.227665
v -0.295982 1.290345 0.187709
v -0.358547 1.269881 0.110705
v -0.225656 1.304232 0.238671
v -0.135768 1.097921 -0.218326
v -0.150307 1.096520 -0.249414
v -0.163957 1.102043 -0.280032
v -0.140400 1.314997 0.268190
v -0.253058 1.126556 -0.250585
v -0.267230 1.146121 -0.274981
v -0.157845 1.335301 0.292535
v -0.245575 1.326323 0.250807
v -0.069990 1.088000 -0.249970
v -0.084518 1.097076 -0.314062
v -0.176686 1.112375 -0.303532
v -0.186695 1.131652 -0.328384
v -0.380337 1.202029 -0.110424
v -0.077483 1.089154 -0.282289
v 0.000000 1.084201 -0.259455
v -0.091024 1.105534 -0.341593
v 0.000000 1.092102 -0.328357
v -0.096140 1.123338 -0.369614
v -0.391719 1.249110 0.003958
v 0.000000 1.084749 -0.294255
v 0.077483 1.089154 -0.282289
v 0.069990 1.088000 -0.249970
v 0.000000 1.099982 -0.354749
v 0.091024 1.105534 -0.341593
v 0.084518 1.097076 -0.314062
v -0.320640 1.313016 0.192612
v 0.150307 1.096520 -0.249414
v 0.163957 1.102043 -0.280032
v 0.135768 1.097921 -0.218326
v 0.096140 1.123338 -0.369614
v 0.176686 1.112375 -0.303532
v -0.340028 1.341995 0.190093
v -0.263424 1.351709 0.257652
v 0.235035 1.115859 -0.227665
v 0.214699 1.109281 -0.202029
v 0.253058 1.126556 -0.250585
v 0.193038 1.109559 -0.176246
v -0.174223 1.360820 0.312651
v -0.186438 1.392742 0.318070
v -0.196042 1.427663 0.315957
v 0.316435 1.148700 -0.179174
v 0.233538 1.130245 -0.122001
v -0.121838 1.373650 0.338384
v -0.129718 1.407795 0.341961
v -0.135914 1.445797 0.338400
v -0.098032 1.346980 0.315401
v 0.357792 1.181894 -0.091779
v 0.294749 1.139547 -0.157183
v 0.380337 1.202029 -0.110424
v -0.071597 1.416229 0.354605
v -0.072819 1.350537 0.323236
v -0.072961 1.378497 0.349636
v -0.072677 1.329356 0.288701
v 0.329120 1.170471 -0.076172
v 0.265108 1.131516 -0.139410
v 0.000000 1.405561 0.359942
v 0.000000 1.356060 0.331926
v 0.000000 1.337671 0.301221
v 0.000000 1.381229 0.354496
v 0.369582 1.226220 0.015903
v 0.341428 1.211294 0.022989
v 0.296727 1.159805 -0.065560
v 0.072961 1.378497 0.349636
v 0.072819 1.350537 0.323236
v 0.072677 1.329356 0.288701
v 0.358547 1.269881 0.110705
v 0.329795 1.248547 0.110234
v 0.309828 1.198378 0.027444
v 0.262227 1.155728 -0.055778
v 0.121838 1.373650 0.338384
v 0.129718 1.407795 0.341961
v 0.135914 1.445797 0.338400
v 0.098032 1.346980 0.315401
v 0.320640 1.313016 0.192612
v 0.295982 1.290345 0.187709
v 0.300651 1.233927 0.107600
v 0.269610 1.225638 0.103273
v 0.276170 1.191906 0.030668
v 0.174223 1.360820 0.312651
v 0.186438 1.392742 0.318070
v 0.157845 1.335301 0.292535
v 0.271306 1.271528 0.180271
v 0.245025 1.258769 0.170827
v 0.140400 1.314997 0.268190
v 0.204441 1.287987 0.224224
v 0.263424 1.351709 0.257652
v 0.245575 1.326323 0.250807
v 0.225656 1.304232 0.238671
vt 0.465003 0.425132
vt 0.494926 0.410315
vt 0.493950 0.604669
vt 0.528221 0.404959
vt 0.528221 0.609949
vt 0.561517 0.410315
vt 0.562493 0.604669
vt 0.562554 0.407279
vt 0.493874 0.407279
vt 0.528221 0.401755
vt 0.429175 0.086610
vt 0.435523 0.138430
vt 0.368521 0.073610
vt 0.372076 0.123919
vt 0.300435 0.065278
vt 0.302281 0.114229
vt 0.372641 0.159029
vt 0.302571 0.148928
vt 0.302846 0.181888
vt 0.370504 0.192371
vt 0.430274 0.245319
vt 0.367041 0.229740
vt 0.437964 0.207660
vt 0.227421 0.177813
vt 0.227421 0.144778
vt 0.299672 0.220432
vt 0.361257 0.264973
vt 0.296681 0.256764
vt 0.227421 0.216556
vt 0.345556 0.329702
vt 0.395285 0.344625
vt 0.288548 0.320836
vt 0.325353 0.390707
vt 0.278096 0.381796
vt 0.227421 0.317586
vt 0.955779 0.250599
vt 0.912581 0.216892
vt 0.907210 0.255451
vt 0.864790 0.227680
vt 0.855940 0.266133
vt 0.891920 0.292989
vt 0.907210 0.178027
vt 0.812314 0.233158
vt 0.855940 0.187152
vt 0.796841 0.272236
vt 0.833936 0.301747
vt 0.867613 0.326238
vt 0.891920 0.140948
vt 0.932082 0.105577
vt 0.796841 0.195132
vt 0.759441 0.235035
vt 0.833936 0.152590
vt 0.799420 0.324346
vt 0.835935 0.349783
vt 0.867613 0.109346
vt 0.799420 0.132601
vt 0.759441 0.179629
vt 0.835935 0.088716
vt 0.799039 0.366796
vt 0.799039 0.073884
vt 0.810132 0.016312
vt 0.759441 0.009750
vt 0.174685 0.985565
vt 0.228153 0.983139
vt 0.166064 0.935363
vt 0.100664 0.939422
vt 0.084825 0.880537
vt 0.289311 0.935393
vt 0.228168 0.934646
vt 0.158007 0.874220
vt 0.078767 0.845869
vt 0.299901 0.874250
vt 0.370108 0.880613
vt 0.350179 0.939483
vt 0.228183 0.872755
vt 0.152743 0.839414
vt 0.072328 0.809079
vt 0.306294 0.839460
vt 0.228183 0.837034
vt 0.378012 0.845945
vt 0.426978 0.885939
vt 0.147158 0.802518
vt 0.070497 0.773968
vt 0.005707 0.778851
vt 0.313069 0.802563
vt 0.384207 0.809171
vt 0.228199 0.799130
vt 0.144244 0.766949
vt 0.068574 0.736980
vt 0.317205 0.766980
vt 0.228214 0.763714
vt 0.388312 0.774044
vt 0.141177 0.729473
vt 0.071000 0.677409
vt 0.011887 0.685649
vt 0.027878 0.639017
vt 0.318807 0.729519
vt 0.391333 0.737056
vt 0.228214 0.726406
vt 0.144167 0.667506
vt 0.149676 0.627558
vt 0.316915 0.667796
vt 0.394003 0.677485
vt 0.228229 0.664546
vt 0.384390 0.631693
vt 0.086275 0.073610
vt 0.154360 0.065278
vt 0.082734 0.123919
vt 0.152529 0.114229
vt 0.082170 0.159029
vt 0.227421 0.065934
vt 0.227421 0.024582
vt 0.152239 0.148928
vt 0.084306 0.192371
vt 0.227421 0.109972
vt 0.151965 0.181888
vt 0.087770 0.229740
vt 0.024537 0.245319
vt 0.035355 0.280812
vt 0.155139 0.220432
vt 0.093538 0.264973
vt 0.059525 0.344625
vt 0.158129 0.256764
vt 0.109255 0.329702
vt 0.166247 0.320836
vt 0.227421 0.253071
vt 0.129458 0.390707
vt 0.719783 0.366796
vt 0.719402 0.324346
vt 0.682887 0.349783
vt 0.759441 0.333410
vt 0.759441 0.372106
vt 0.708675 0.396033
vt 0.721981 0.272236
vt 0.684886 0.301747
vt 0.759441 0.288228
vt 0.651209 0.326238
vt 0.706493 0.233158
vt 0.662882 0.266133
vt 0.626886 0.292989
vt 0.620874 0.342748
vt 0.721981 0.195132
vt 0.662882 0.187152
vt 0.654032 0.227680
vt 0.611612 0.255451
vt 0.719402 0.132601
vt 0.684886 0.152590
vt 0.626886 0.140948
vt 0.611612 0.178027
vt 0.606241 0.216892
vt 0.682887 0.088716
vt 0.719783 0.073884
vt 0.759441 0.125719
vt 0.759441 0.068742
vt 0.651209 0.109346
vt 0.586740 0.105577
vt 0.708675 0.016312
vt 0.860746 0.988281
vt 0.811383 0.985596
vt 0.882185 0.939483
vt 0.760159 0.983139
vt 0.821302 0.935393
vt 0.902113 0.880613
vt 0.760159 0.934646
vt 0.698054 0.935363
vt 0.706691 0.985565
vt 0.831907 0.874250
vt 0.910002 0.845945
vt 0.760174 0.872755
vt 0.690013 0.874220
vt 0.616831 0.880537
vt 0.632654 0.939422
vt 0.838285 0.839460
vt 0.916213 0.809171
vt 0.979995 0.816297
vt 0.983703 0.781109
vt 0.760189 0.837034
vt 0.684749 0.839414
vt 0.610758 0.845869
vt 0.845060 0.802563
vt 0.920317 0.774044
vt 0.987625 0.744030
vt 0.760189 0.799130
vt 0.679149 0.802518
vt 0.604318 0.809079
vt 0.538872 0.816037
vt 0.849195 0.766980
vt 0.923323 0.737056
vt 0.981399 0.683925
vt 0.760204 0.763714
vt 0.676234 0.766949
vt 0.602487 0.773968
vt 0.850797 0.729519
vt 0.926009 0.677485
vt 0.968658 0.639124
vt 0.760220 0.726406
vt 0.673167 0.729473
vt 0.600565 0.736980
vt 0.536522 0.741665
vt 0.848905 0.667796
vt 0.916381 0.631693
vt 0.760235 0.664546
vt 0.676173 0.667506
vt 0.603006 0.677409
vt 0.543877 0.685649
vt 0.681666 0.627558
vt 0.760235 0.625025
vt 0.614252 0.631632
vt 0.559869 0.639017
vt 0.038590 0.529641
vt 0.046555 0.529641
vt 0.038590 0.476509
vt 0.053635 0.529641
vt 0.046555 0.476509
vt 0.059251 0.529641
vt 0.053635 0.476509
vt 0.065354 0.529641
vt 0.059251 0.476509
vt 0.070665 0.529641
vt 0.065354 0.476509
vt 0.075761 0.529641
vt 0.070665 0.476509
vt 0.120409 0.529641
vt 0.075761 0.476509
vt 0.133120 0.529641
vt 0.120424 0.476509
vt 0.145876 0.529641
vt 0.133135 0.476509
vt 0.159548 0.529656
vt 0.145892 0.476509
vt 0.177630 0.529656
vt 0.159579 0.476509
vt 0.193362 0.529656
vt 0.177646 0.476509
vt 0.208652 0.529656
vt 0.193393 0.476509
vt 0.221088 0.529656
vt 0.208682 0.476509
vt 0.232975 0.529656
vt 0.221134 0.476509
vt 0.244755 0.529671
vt 0.233005 0.476509
vt 0.257374 0.529671
vt 0.244785 0.476509
vt 0.267674 0.529671
vt 0.257420 0.476509
vt 0.276219 0.529687
vt 0.267720 0.476509
vt 0.283711 0.529671
vt 0.276219 0.476509
vt 0.291035 0.529671
vt 0.283757 0.476509
vt 0.298695 0.529687
vt 0.291081 0.476509
vt 0.306859 0.529687
vt 0.306905 0.476509
vt 0.298741 0.476509
vt 0.315328 0.529687
vt 0.315374 0.476509
vt 0.321645 0.529687
vt 0.321706 0.476509
vt 0.328450 0.529687
vt 0.328496 0.476509
vt 0.356054 0.529702
vt 0.356100 0.476509
vt 0.015671 0.597223
vt 0.023133 0.597223
vt 0.023133 0.541619
vt 0.038422 0.541619
vt 0.038422 0.597223
vt 0.046357 0.541619
vt 0.046357 0.597223
vt 0.053819 0.541619
vt 0.053819 0.597223
vt 0.059129 0.541619
vt 0.059129 0.597223
vt 0.065248 0.541619
vt 0.065248 0.597223
vt 0.070802 0.541619
vt 0.070802 0.597223
vt 0.076143 0.541619
vt 0.076143 0.597223
vt 0.120317 0.541619
vt 0.120317 0.597223
vt 0.133120 0.541619
vt 0.133120 0.597223
vt 0.145571 0.541619
vt 0.145571 0.597223
vt 0.159121 0.541619
vt 0.159121 0.597223
vt 0.177768 0.541619
vt 0.177768 0.597223
vt 0.193332 0.541619
vt 0.193332 0.597223
vt 0.208331 0.541619
vt 0.208331 0.597223
vt 0.220905 0.541619
vt 0.220905 0.597223
vt 0.233051 0.541619
vt 0.233051 0.597223
vt 0.244495 0.541619
vt 0.244495 0.597223
vt 0.257206 0.541619
vt 0.257206 0.597223
vt 0.267613 0.541619
vt 0.267613 0.597223
vt 0.276265 0.541619
vt 0.276265 0.597223
vt 0.283589 0.541619
vt 0.283589 0.597223
vt 0.291005 0.541619
vt 0.291005 0.597223
vt 0.298787 0.541619
vt 0.298787 0.597223
vt 0.306828 0.541619
vt 0.306828 0.597223
vt 0.315221 0.541619
vt 0.315221 0.597223
vt 0.321706 0.541619
vt 0.321706 0.597223
vt 0.328176 0.541619
vt 0.328176 0.597223
vt 0.356130 0.597223
vt 0.356130 0.541619
vt 0.023606 0.476509
vt 0.050752 0.415885
vt 0.066590 0.415885
vt 0.050752 0.430762
vt 0.066590 0.430762
vt 0.050752 0.442512
vt 0.082429 0.415885
vt 0.082429 0.430762
vt 0.066590 0.442512
vt 0.050752 0.455482
vt 0.034913 0.455482
vt 0.098268 0.415885
vt 0.098268 0.430762
vt 0.082429 0.442512
vt 0.066590 0.455482
vt 0.050752 0.464164
vt 0.114107 0.415885
vt 0.114107 0.430762
vt 0.098268 0.442512
vt 0.082429 0.455482
vt 0.066590 0.464164
vt 0.129946 0.415885
vt 0.129946 0.430762
vt 0.114107 0.442512
vt 0.098268 0.455482
vt 0.082429 0.464164
vt 0.145785 0.415885
vt 0.145785 0.430762
vt 0.129946 0.442512
vt 0.114107 0.455482
vt 0.098268 0.464164
vt 0.161624 0.415885
vt 0.161624 0.430762
vt 0.145785 0.442512
vt 0.129946 0.455482
vt 0.114107 0.464164
vt 0.177462 0.415885
vt 0.177462 0.430762
vt 0.161624 0.442512
vt 0.145785 0.455482
vt 0.129946 0.464164
vt 0.193301 0.415885
vt 0.193301 0.430762
vt 0.177462 0.442512
vt 0.161624 0.455482
vt 0.145785 0.464164
vt 0.209140 0.415885
vt 0.209140 0.430762
vt 0.193301 0.442512
vt 0.177462 0.455482
vt 0.161624 0.464164
vt 0.224979 0.415885
vt 0.224979 0.430762
vt 0.209140 0.442512
vt 0.193301 0.455482
vt 0.177462 0.464164
vt 0.240818 0.415885
vt 0.240818 0.430762
vt 0.224979 0.442512
vt 0.209140 0.455482
vt 0.193301 0.464164
vt 0.256657 0.415885
vt 0.256657 0.430762
vt 0.240818 0.442512
vt 0.224979 0.455482
vt 0.209140 0.464164
vt 0.272496 0.415885
vt 0.272496 0.430762
vt 0.256657 0.442512
vt 0.240818 0.455482
vt 0.224979 0.464164
vt 0.288334 0.415885
vt 0.288334 0.430762
vt 0.272496 0.442512
vt 0.256657 0.455482
vt 0.240818 0.464164
vt 0.304173 0.415885
vt 0.304173 0.430762
vt 0.288334 0.442512
vt 0.272496 0.455482
vt 0.256657 0.464164
vt 0.320012 0.415885
vt 0.320012 0.430762
vt 0.304173 0.442512
vt 0.288334 0.455482
vt 0.272496 0.464164
vt 0.335851 0.415885
vt 0.320012 0.442512
vt 0.335851 0.430762
vt 0.304173 0.455482
vt 0.288334 0.464164
vt 0.320012 0.455482
vt 0.335851 0.442512
vt 0.351690 0.430762
vt 0.304173 0.464164
vt 0.320012 0.464164
vt 0.335851 0.455482
vt 0.351690 0.442512
vt 0.335851 0.464164
vt 0.378454 0.511666
vt 0.417227 0.508003
vt 0.422797 0.540490
vt 0.384802 0.532403
vt 0.375464 0.463203
vt 0.422553 0.475105
vt 0.420584 0.507988
vt 0.426001 0.539483
vt 0.440955 0.568338
vt 0.438224 0.570230
vt 0.391165 0.553140
vt 0.426322 0.442786
vt 0.438041 0.445930
vt 0.425757 0.476082
vt 0.440772 0.447791
vt 0.464469 0.590585
vt 0.446006 0.599130
vt 0.408408 0.584253
vt 0.462470 0.593179
vt 0.492882 0.607721
vt 0.459144 0.617838
vt 0.528221 0.613153
vt 0.563561 0.607721
vt 0.591440 0.425132
vt 0.591974 0.590585
vt 0.593957 0.593179
vt 0.610422 0.599130
vt 0.597299 0.617838
vt 0.618402 0.445930
vt 0.615671 0.447791
vt 0.615488 0.568338
vt 0.618204 0.570230
vt 0.630121 0.442786
vt 0.633875 0.475105
vt 0.630686 0.476082
vt 0.630442 0.539483
vt 0.633646 0.540490
vt 0.665278 0.553140
vt 0.639216 0.508003
vt 0.635859 0.507988
vt 0.671626 0.532403
vt 0.801617 0.497932
vt 0.791699 0.498268
vt 0.805737 0.525490
vt 0.803555 0.474784
vt 0.883055 0.498909
vt 0.786008 0.530221
vt 0.795560 0.527932
vt 0.782376 0.498604
vt 0.794400 0.472724
vt 0.814191 0.546609
vt 0.810803 0.453239
vt 0.774609 0.498512
vt 0.778073 0.532845
vt 0.796140 0.556039
vt 0.804883 0.551476
vt 0.785809 0.470787
vt 0.803052 0.449546
vt 0.819745 0.571435
vt 0.826139 0.563897
vt 0.822766 0.436210
vt 0.789746 0.560708
vt 0.813748 0.578515
vt 0.795773 0.446082
vt 0.777844 0.468299
vt 0.817105 0.431617
vt 0.843031 0.577310
vt 0.838743 0.586542
vt 0.834714 0.595209
vt 0.841657 0.424109
vt 0.808438 0.583490
vt 0.804257 0.587381
vt 0.837049 0.414954
vt 0.811780 0.427298
vt 0.862425 0.587396
vt 0.858137 0.606058
vt 0.830961 0.600366
vt 0.828000 0.604410
vt 0.771832 0.534920
vt 0.860212 0.597025
vt 0.883055 0.590417
vt 0.856214 0.612497
vt 0.883055 0.610620
vt 0.854704 0.617563
vt 0.768505 0.498451
vt 0.883055 0.600839
vt 0.905913 0.597025
vt 0.903700 0.587396
vt 0.883055 0.616693
vt 0.909911 0.612497
vt 0.907988 0.606058
vt 0.788510 0.442176
vt 0.927382 0.586542
vt 0.931411 0.595209
vt 0.923095 0.577310
vt 0.911406 0.617563
vt 0.935164 0.600366
vt 0.805875 0.422034
vt 0.782788 0.439109
vt 0.952377 0.578515
vt 0.946380 0.571435
vt 0.957687 0.583490
vt 0.939986 0.563897
vt 0.832715 0.406348
vt 0.828534 0.401770
vt 0.825254 0.398169
vt 0.976379 0.560708
vt 0.951934 0.546609
vt 0.847135 0.401450
vt 0.845136 0.396292
vt 0.843565 0.392248
vt 0.854154 0.409247
vt 0.988052 0.532845
vt 0.969985 0.556039
vt 0.994293 0.534920
vt 0.862257 0.387152
vt 0.861585 0.407050
vt 0.861540 0.396536
vt 0.861631 0.417563
vt 0.980117 0.530221
vt 0.961242 0.551476
vt 0.883055 0.385473
vt 0.883055 0.403464
vt 0.883055 0.413581
vt 0.883055 0.393362
vt 0.991516 0.498512
vt 0.983749 0.498604
vt 0.970565 0.527932
vt 0.904585 0.396536
vt 0.904540 0.407050
vt 0.904494 0.417563
vt 0.988281 0.468299
vt 0.980316 0.470787
vt 0.974426 0.498268
vt 0.960388 0.525490
vt 0.918990 0.401450
vt 0.911971 0.409247
vt 0.977615 0.442176
vt 0.970352 0.446082
vt 0.971725 0.472724
vt 0.962570 0.474784
vt 0.964508 0.497932
vt 0.933410 0.406348
vt 0.920989 0.396292
vt 0.937591 0.401770
vt 0.922561 0.392248
vt 0.929076 0.414954
vt 0.963073 0.449546
vt 0.955322 0.453239
vt 0.924468 0.424109
vt 0.943359 0.436210
vt 0.954345 0.427298
vt 0.960235 0.422034
vt 0.949020 0.431617
vt 0.412955 0.049348
vt 0.357931 0.036454
vt 0.294957 0.030320
vt 0.438697 0.173953
vt 0.419440 0.280812
vt 0.365927 0.401587
vt 0.227421 0.378653
vt 0.934386 0.300465
vt 0.963668 0.200854
vt 0.897948 0.342748
vt 0.955779 0.153201
vt 0.857374 0.373053
vt 0.810132 0.396033
vt 0.897948 0.065095
vt 0.759441 0.403815
vt 0.861799 0.034272
vt 0.075532 0.990341
vt 0.121172 0.988235
vt 0.044633 0.943160
vt 0.022248 0.885832
vt 0.014572 0.850935
vt 0.279377 0.985596
vt 0.006882 0.816037
vt 0.328740 0.988281
vt 0.400122 0.943252
vt 0.368780 0.990417
vt 0.004532 0.741665
vt 0.447990 0.816297
vt 0.437171 0.852140
vt 0.451713 0.781109
vt 0.455634 0.744030
vt 0.082261 0.631632
vt 0.449409 0.683925
vt 0.228244 0.625025
vt 0.315099 0.627604
vt 0.436667 0.639124
vt 0.041840 0.049348
vt 0.096880 0.036454
vt 0.025635 0.086610
vt 0.159854 0.030320
vt 0.019272 0.138430
vt 0.016114 0.173953
vt 0.016846 0.207660
vt 0.088869 0.401587
vt 0.176715 0.381796
vt 0.661448 0.373053
vt 0.584436 0.300465
vt 0.563043 0.250599
vt 0.555154 0.200854
vt 0.620874 0.065095
vt 0.563043 0.153201
vt 0.657023 0.034272
vt 0.900786 0.990417
vt 0.932113 0.943252
vt 0.958984 0.885939
vt 0.969177 0.852140
vt 0.653162 0.988235
vt 0.554254 0.885832
vt 0.576623 0.943160
vt 0.607538 0.990341
vt 0.546563 0.850935
vt 0.537697 0.778851
vt 0.847089 0.627604
vt 0.023606 0.529641
vt 0.015671 0.541619
vt 0.034913 0.415885
vt 0.034913 0.430762
vt 0.034913 0.442512
vt 0.034913 0.464164
vt 0.351690 0.415885
vt 0.351690 0.455482
vt 0.351690 0.464164
vt 0.376959 0.487434
vt 0.381353 0.423941
vt 0.432792 0.411780
vt 0.393164 0.388250
vt 0.463035 0.422553
vt 0.430686 0.606043
vt 0.495613 0.624933
vt 0.560830 0.624933
vt 0.528221 0.627191
vt 0.593408 0.422553
vt 0.623652 0.411780
vt 0.648035 0.584253
vt 0.625757 0.606043
vt 0.663279 0.388250
vt 0.675074 0.423941
vt 0.680980 0.463203
vt 0.679484 0.487434
vt 0.677989 0.511666
vt 0.784711 0.564385
vt 0.883055 0.621469
vt 0.771588 0.466331
vt 0.938125 0.604410
vt 0.961868 0.587381
vt 0.801236 0.417884
vt 0.981399 0.564385
vt 0.997620 0.498451
vt 0.994537 0.466331
vt 0.903868 0.387152
vt 0.983337 0.439109
vt 0.964889 0.417884
vt 0.940871 0.398169
vn -0.002600 0.476300 0.879300
vn 0.009400 0.476800 0.878900
vn 0.005400 0.476300 0.879300
vn -0.005400 0.476300 0.879300
vn -0.005500 0.476800 0.879000
vn -0.009400 0.476800 0.878900
vn -0.001100 0.478800 0.877900
vn 0.005500 0.476900 0.879000
vn 0.005500 0.476900 0.878900
vn -0.005500 0.476900 0.878900
vn -0.621000 -0.552000 -0.556500
vn -0.664800 -0.349200 -0.660400
vn -0.439000 -0.590300 -0.677300
vn -0.461100 -0.401800 -0.791100
vn -0.241400 -0.597600 -0.764600
vn -0.253500 -0.435400 -0.863700
vn -0.472200 -0.247200 -0.846100
vn -0.262700 -0.294400 -0.918900
vn -0.265500 -0.164400 -0.950000
vn -0.468400 -0.110500 -0.876600
vn -0.640800 0.068400 -0.764600
vn -0.463700 0.027000 -0.885600
vn -0.664500 -0.063700 -0.744600
vn 0.000100 -0.182000 -0.983300
vn 0.000100 -0.310800 -0.950500
vn -0.266900 -0.034300 -0.963100
vn -0.451900 0.148700 -0.879500
vn -0.262800 0.097900 -0.959800
vn -0.000200 -0.045700 -0.998900
vn -0.433000 0.271600 -0.859500
vn -0.558300 0.313400 -0.768100
vn -0.251300 0.247800 -0.935600
vn -0.367900 0.453400 -0.811900
vn -0.206500 0.444400 -0.871700
vn 0.000000 0.236700 -0.971600
vn -0.671500 0.583400 -0.456900
vn -0.526100 0.776500 -0.346800
vn -0.492100 0.736700 -0.463700
vn -0.351100 0.843600 -0.406300
vn -0.311000 0.802200 -0.509600
vn -0.432100 0.685500 -0.586000
vn -0.509600 0.822500 -0.252400
vn -0.201200 0.881800 -0.426500
vn -0.333100 0.896100 -0.293300
vn -0.151400 0.836400 -0.526800
vn -0.255400 0.764900 -0.591400
vn -0.370600 0.635800 -0.677100
vn -0.473400 0.869700 -0.139300
vn -0.600000 0.799800 -0.015600
vn -0.142500 0.940300 -0.309100
vn 0.000000 0.904600 -0.426200
vn -0.258300 0.946700 -0.192400
vn -0.145100 0.738900 -0.657900
vn -0.274900 0.615200 -0.738900
vn -0.403300 0.914200 -0.040700
vn -0.129400 0.982200 -0.135800
vn 0.000000 0.966900 -0.254900
vn -0.281700 0.959100 0.026700
vn -0.153100 0.607600 -0.779300
vn -0.153400 0.985000 0.078500
vn -0.175700 0.949300 0.260800
vn 0.000000 0.960500 0.278200
vn -0.668800 0.727700 -0.151600
vn -0.689400 0.656200 -0.306900
vn -0.799600 0.598100 -0.053000
vn -0.725500 0.681900 0.092400
vn -0.793100 0.583900 0.173300
vn -0.791700 0.422600 -0.441100
vn -0.824700 0.509400 -0.245600
vn -0.866800 0.498500 -0.003900
vn -0.838200 0.479000 0.260700
vn -0.861000 0.315600 -0.398800
vn -0.762300 0.250500 -0.596800
vn -0.704500 0.362200 -0.610300
vn -0.899900 0.388700 -0.197700
vn -0.918300 0.390000 0.068000
vn -0.861900 0.377200 0.338900
vn -0.910500 0.196300 -0.364000
vn -0.951800 0.271000 -0.143400
vn -0.811100 0.120600 -0.572400
vn -0.603000 0.189600 -0.774900
vn -0.950600 0.283900 0.125000
vn -0.870100 0.278600 0.406600
vn -0.692800 0.352200 0.629300
vn -0.939100 0.083900 -0.333200
vn -0.835700 0.003700 -0.549100
vn -0.981600 0.162500 -0.099700
vn -0.964800 0.185000 0.186900
vn -0.858100 0.139900 0.493900
vn -0.955700 -0.024400 -0.293300
vn -0.997000 0.059200 -0.049700
vn -0.847700 -0.109200 -0.519100
vn -0.963000 -0.003600 0.269400
vn -0.804500 -0.081500 0.588300
vn -0.639300 0.001400 0.768900
vn -0.583100 -0.190800 0.789600
vn -0.954100 -0.193500 -0.228400
vn -0.840600 -0.261400 -0.474300
vn -0.992700 -0.116400 0.031900
vn -0.914500 -0.202800 0.349900
vn -0.813700 -0.398700 0.423000
vn -0.913400 -0.383200 -0.137300
vn -0.795800 -0.469800 -0.382000
vn -0.943900 -0.303300 0.130700
vn -0.684800 -0.688200 -0.239500
vn 0.439000 -0.590300 -0.677300
vn 0.241400 -0.597600 -0.764600
vn 0.461100 -0.401800 -0.791100
vn 0.253500 -0.435400 -0.863700
vn 0.471300 -0.246100 -0.846900
vn 0.000000 -0.602600 -0.798000
vn 0.000000 -0.766300 -0.642400
vn 0.263900 -0.293100 -0.918900
vn 0.467500 -0.112000 -0.876800
vn 0.000000 -0.455900 -0.890000
vn 0.266700 -0.165400 -0.949500
vn 0.459300 0.028100 -0.887800
vn 0.640800 0.065600 -0.764900
vn 0.601800 0.192200 -0.775200
vn 0.270400 -0.031000 -0.962200
vn 0.447500 0.145800 -0.882300
vn 0.558300 0.313400 -0.768100
vn 0.267200 0.095300 -0.958900
vn 0.433000 0.271600 -0.859500
vn 0.251300 0.247800 -0.935600
vn -0.000200 0.080000 -0.996800
vn 0.367900 0.453400 -0.811900
vn 0.153100 0.607600 -0.779300
vn 0.145100 0.738900 -0.657900
vn 0.274900 0.615200 -0.738900
vn 0.000000 0.729700 -0.683700
vn 0.000000 0.604000 -0.796900
vn 0.206500 0.444400 -0.871700
vn 0.151400 0.836400 -0.526800
vn 0.255400 0.764900 -0.591400
vn 0.000000 0.819300 -0.573300
vn 0.370600 0.635800 -0.677100
vn 0.201200 0.881800 -0.426500
vn 0.311000 0.802200 -0.509600
vn 0.432100 0.685500 -0.586000
vn 0.466800 0.481100 -0.742100
vn 0.142500 0.940300 -0.309100
vn 0.333100 0.896100 -0.293300
vn 0.351100 0.843600 -0.406300
vn 0.492100 0.736700 -0.463700
vn 0.129400 0.982200 -0.135800
vn 0.258300 0.946700 -0.192400
vn 0.473400 0.869700 -0.139300
vn 0.509600 0.822500 -0.252400
vn 0.526100 0.776500 -0.346800
vn 0.281700 0.959100 0.026700
vn 0.153400 0.985000 0.078500
vn 0.000000 0.993300 -0.115400
vn 0.000000 0.996000 0.089400
vn 0.403300 0.914200 -0.040700
vn 0.600000 0.799800 -0.015600
vn 0.175700 0.949300 0.260800
vn 0.587400 0.523000 -0.617500
vn 0.671500 0.583400 -0.456900
vn 0.704500 0.362200 -0.610300
vn 0.689400 0.656200 -0.306900
vn 0.791700 0.422600 -0.441100
vn 0.763300 0.252500 -0.594600
vn 0.824700 0.509400 -0.245600
vn 0.799600 0.598100 -0.053000
vn 0.668800 0.727700 -0.151600
vn 0.859900 0.315500 -0.401300
vn 0.812500 0.120300 -0.570400
vn 0.900000 0.390300 -0.194100
vn 0.867900 0.496600 -0.008600
vn 0.791000 0.586500 0.173900
vn 0.725500 0.681900 0.092400
vn 0.910200 0.194900 -0.365500
vn 0.835900 0.003100 -0.548800
vn 0.664500 -0.064200 -0.744500
vn 0.674700 -0.186700 -0.714000
vn 0.951800 0.272600 -0.140800
vn 0.919600 0.387500 0.064900
vn 0.837600 0.478100 0.264100
vn 0.938600 0.083700 -0.334600
vn 0.847800 -0.108500 -0.519100
vn 0.664800 -0.349200 -0.660400
vn 0.981700 0.163400 -0.098000
vn 0.951300 0.283500 0.121000
vn 0.860800 0.380400 0.338000
vn 0.689000 0.463300 0.557200
vn 0.955300 -0.025100 -0.294400
vn 0.840600 -0.261400 -0.474300
vn 0.621000 -0.552000 -0.556500
vn 0.997000 0.059800 -0.048200
vn 0.965800 0.182000 0.184800
vn 0.869400 0.276300 0.409600
vn 0.954100 -0.193500 -0.228400
vn 0.795800 -0.469800 -0.382000
vn 0.539100 -0.730000 -0.420100
vn 0.992700 -0.116400 0.031900
vn 0.963000 -0.003600 0.269400
vn 0.858100 0.139900 0.493900
vn 0.678000 0.206700 0.705400
vn 0.913400 -0.383200 -0.137300
vn 0.688700 -0.683300 -0.242300
vn 0.943900 -0.303300 0.130700
vn 0.914500 -0.202800 0.349900
vn 0.804500 -0.081500 0.588300
vn 0.639300 0.001400 0.768900
vn 0.812600 -0.399700 0.424000
vn 0.830800 -0.508800 0.225500
vn 0.697000 -0.307700 0.647600
vn 0.584900 -0.196400 0.787000
vn -0.174600 -0.981000 -0.084900
vn -0.581000 -0.763200 -0.282700
vn -0.174500 -0.981000 -0.084900
vn -0.865300 -0.272100 -0.421000
vn -0.581000 -0.763200 -0.282600
vn -0.860000 0.291800 -0.418400
vn -0.735600 0.575100 -0.357900
vn -0.802400 0.451400 -0.390400
vn -0.888900 0.151200 -0.432400
vn -0.892800 -0.119300 -0.434400
vn -0.829500 -0.386100 -0.403500
vn -0.683200 -0.650200 -0.332400
vn -0.520900 -0.815100 -0.253400
vn -0.453300 -0.863600 -0.220600
vn -0.512400 -0.821700 -0.249300
vn -0.661800 -0.677000 -0.322000
vn -0.826000 -0.395100 -0.401900
vn -0.895600 -0.089200 -0.435700
vn -0.884200 0.182300 -0.430200
vn -0.794700 0.468000 -0.386600
vn -0.597400 0.747400 -0.290700
vn -0.794600 0.468000 -0.386600
vn -0.315200 0.936500 -0.153400
vn -0.062500 0.997600 -0.030400
vn -0.315300 0.936500 -0.153400
vn 0.204200 0.973800 0.099400
vn -0.062600 0.997600 -0.030400
vn 0.475900 0.848500 0.231500
vn 0.204200 0.973800 0.099300
vn 0.659300 0.680000 0.320700
vn 0.629200 0.714300 0.306100
vn 0.335200 0.927900 0.163100
vn 0.068100 0.997100 0.033100
vn 0.002000 1.000000 0.000900
vn 0.632100 -0.711200 0.307500
vn 0.639600 0.702800 0.311200
vn 0.117600 0.991400 0.057200
vn 0.531200 0.806800 0.258500
vn 0.531200 0.806900 0.258400
vn 0.863800 0.277900 0.420200
vn 0.867200 -0.264500 0.421900
vn 0.743200 -0.562900 0.361600
vn 0.804700 -0.446300 0.391500
vn 0.891300 -0.132100 0.433600
vn 0.892800 0.119400 0.434300
vn 0.827100 0.392300 0.402400
vn 0.683200 0.650100 0.332400
vn 0.526100 0.810900 0.256000
vn 0.454600 0.862800 0.221200
vn 0.504300 0.827900 0.245300
vn 0.653800 0.686500 0.318100
vn 0.828600 0.388500 0.403100
vn 0.896600 0.076600 0.436200
vn 0.887300 -0.162100 0.431700
vn 0.809700 -0.434900 0.393900
vn 0.621700 -0.722400 0.302500
vn 0.324600 -0.932500 0.157900
vn 0.324700 -0.932500 0.157900
vn 0.066600 -0.997300 0.032400
vn 0.066600 -0.997200 0.032400
vn -0.213600 -0.971400 -0.103900
vn -0.213500 -0.971400 -0.103900
vn -0.506200 -0.826500 -0.246300
vn -0.677900 -0.657000 -0.329800
vn -0.624700 -0.719300 -0.303900
vn -0.326600 -0.931700 -0.158900
vn -0.082900 -0.995700 -0.040300
vn -0.002000 -1.000000 -0.000900
vn -0.632100 -0.711200 0.307500
vn 0.174500 -0.981000 -0.084900
vn 0.174600 -0.981000 -0.084900
vn 0.581000 -0.763200 -0.282700
vn 0.581000 -0.763200 -0.282600
vn 0.865300 -0.272100 -0.421000
vn 0.860000 0.291800 -0.418400
vn 0.735600 0.575100 -0.357900
vn 0.802400 0.451400 -0.390400
vn 0.888900 0.151200 -0.432400
vn 0.892800 -0.119300 -0.434400
vn 0.829500 -0.386100 -0.403500
vn 0.683200 -0.650200 -0.332400
vn 0.520900 -0.815100 -0.253400
vn 0.453300 -0.863600 -0.220600
vn 0.512400 -0.821700 -0.249300
vn 0.661800 -0.677000 -0.322000
vn 0.826000 -0.395100 -0.401900
vn 0.895600 -0.089200 -0.435700
vn 0.884200 0.182300 -0.430200
vn 0.794700 0.468000 -0.386600
vn 0.794600 0.468000 -0.386600
vn 0.597400 0.747400 -0.290700
vn 0.315200 0.936500 -0.153400
vn 0.315300 0.936500 -0.153400
vn 0.062500 0.997600 -0.030400
vn 0.062600 0.997600 -0.030400
vn -0.204200 0.973800 0.099400
vn -0.204200 0.973800 0.099300
vn -0.475900 0.848500 0.231500
vn -0.659300 0.680000 0.320700
vn -0.629200 0.714300 0.306100
vn -0.335200 0.927900 0.163100
vn -0.068100 0.997100 0.033100
vn -0.002000 1.000000 0.000900
vn -0.639600 0.702800 0.311200
vn -0.117600 0.991400 0.057200
vn -0.531200 0.806800 0.258500
vn -0.863800 0.277900 0.420200
vn -0.531200 0.806900 0.258400
vn -0.867200 -0.264500 0.421900
vn -0.743200 -0.562900 0.361600
vn -0.804700 -0.446300 0.391500
vn -0.891300 -0.132100 0.433600
vn -0.892800 0.119400 0.434300
vn -0.827100 0.392300 0.402400
vn -0.683200 0.650100 0.332400
vn -0.526100 0.810900 0.256000
vn -0.454600 0.862800 0.221200
vn -0.504300 0.827900 0.245300
vn -0.653800 0.686500 0.318100
vn -0.828600 0.388500 0.403100
vn -0.896600 0.076600 0.436200
vn -0.887300 -0.162100 0.431700
vn -0.809700 -0.434900 0.393900
vn -0.621700 -0.722400 0.302500
vn -0.324600 -0.932500 0.157900
vn -0.066600 -0.997300 0.032400
vn -0.324700 -0.932500 0.157900
vn 0.213600 -0.971400 -0.103900
vn -0.066600 -0.997200 0.032400
vn 0.506200 -0.826500 -0.246300
vn 0.213500 -0.971400 -0.103900
vn 0.677900 -0.657000 -0.329800
vn 0.624700 -0.719300 -0.303900
vn 0.326600 -0.931700 -0.158900
vn 0.082900 -0.995700 -0.040300
vn 0.002000 -1.000000 -0.000900
vn -0.174200 0.825900 -0.536200
vn -0.331400 0.825900 -0.456200
vn -0.228200 0.674400 -0.702200
vn -0.434000 0.674400 -0.597300
vn -0.308900 0.025800 -0.950700
vn -0.456200 0.825900 -0.331400
vn -0.597300 0.674400 -0.434000
vn -0.587600 0.025800 -0.808700
vn -0.234000 -0.653100 -0.720200
vn 0.000000 -0.653100 -0.757300
vn -0.536200 0.825900 -0.174200
vn -0.702200 0.674400 -0.228200
vn -0.808700 0.025800 -0.587600
vn -0.445100 -0.653100 -0.612700
vn -0.176500 -0.820700 -0.543400
vn -0.563800 0.825900 0.000000
vn -0.738400 0.674400 0.000000
vn -0.950700 0.025800 -0.308900
vn -0.612700 -0.653100 -0.445100
vn -0.335800 -0.820700 -0.462200
vn -0.536200 0.825900 0.174200
vn -0.702200 0.674400 0.228200
vn -0.999700 0.025800 0.000000
vn -0.720200 -0.653100 -0.234000
vn -0.462200 -0.820700 -0.335800
vn -0.456200 0.825900 0.331400
vn -0.597300 0.674400 0.434000
vn -0.950700 0.025800 0.308900
vn -0.757300 -0.653100 0.000000
vn -0.543400 -0.820700 -0.176500
vn -0.331400 0.825900 0.456100
vn -0.434000 0.674400 0.597300
vn -0.808700 0.025800 0.587600
vn -0.720200 -0.653100 0.234000
vn -0.571400 -0.820700 0.000000
vn -0.174200 0.825900 0.536200
vn -0.228200 0.674400 0.702200
vn -0.587600 0.025800 0.808700
vn -0.612700 -0.653100 0.445100
vn -0.543400 -0.820700 0.176500
vn 0.000000 0.825900 0.563800
vn 0.000000 0.674400 0.738400
vn -0.308900 0.025800 0.950700
vn -0.445100 -0.653100 0.612700
vn -0.462200 -0.820700 0.335800
vn 0.174200 0.825900 0.536200
vn 0.228200 0.674400 0.702200
vn 0.000000 0.025800 0.999700
vn -0.234000 -0.653100 0.720200
vn -0.335800 -0.820700 0.462200
vn 0.331400 0.825900 0.456100
vn 0.434000 0.674400 0.597300
vn 0.308900 0.025800 0.950700
vn 0.000000 -0.653100 0.757300
vn -0.176500 -0.820700 0.543400
vn 0.456200 0.825900 0.331400
vn 0.597300 0.674400 0.434000
vn 0.587600 0.025800 0.808700
vn 0.234000 -0.653100 0.720200
vn 0.000000 -0.820700 0.571400
vn 0.536200 0.825900 0.174200
vn 0.702200 0.674400 0.228200
vn 0.808700 0.025800 0.587600
vn 0.445100 -0.653100 0.612700
vn 0.176500 -0.820700 0.543400
vn 0.563800 0.825900 0.000000
vn 0.738400 0.674400 0.000000
vn 0.950700 0.025800 0.308900
vn 0.612700 -0.653100 0.445100
vn 0.335800 -0.820700 0.462200
vn 0.536200 0.825900 -0.174200
vn 0.702200 0.674400 -0.228200
vn 0.999700 0.025800 0.000000
vn 0.720200 -0.653100 0.234000
vn 0.462200 -0.820700 0.335800
vn 0.456100 0.825900 -0.331400
vn 0.597300 0.674400 -0.434000
vn 0.950700 0.025800 -0.308900
vn 0.757300 -0.653100 0.000000
vn 0.543400 -0.820700 0.176500
vn 0.331400 0.825900 -0.456200
vn 0.434000 0.674400 -0.597300
vn 0.808700 0.025800 -0.587600
vn 0.720200 -0.653100 -0.234000
vn 0.571400 -0.820700 0.000000
vn 0.174200 0.825900 -0.536200
vn 0.587600 0.025800 -0.808700
vn 0.228200 0.674400 -0.702200
vn 0.612700 -0.653100 -0.445100
vn 0.543400 -0.820700 -0.176500
vn 0.445100 -0.653100 -0.612700
vn 0.308900 0.025800 -0.950700
vn 0.000000 0.674400 -0.738400
vn 0.462200 -0.820700 -0.335800
vn 0.335800 -0.820700 -0.462200
vn 0.234000 -0.653100 -0.720200
vn 0.000000 0.025800 -0.999700
vn 0.176500 -0.820700 -0.543400
vn -0.690100 0.462100 0.557000
vn -0.308100 0.453400 0.836400
vn -0.312100 0.559700 0.767600
vn -0.675900 0.573100 0.463300
vn -0.678000 0.206700 0.705400
vn -0.294500 0.370400 0.880900
vn 0.003200 0.471300 0.881900
vn 0.035900 0.477000 0.878200
vn 0.002900 0.481800 0.876300
vn -0.307100 0.643900 0.700700
vn -0.645300 0.665200 0.375500
vn -0.466000 0.130200 0.875100
vn -0.227600 0.278300 0.933100
vn 0.006400 0.477300 0.878700
vn 0.009300 0.476300 0.879200
vn -0.003300 0.475100 0.879900
vn -0.427700 0.827400 0.363800
vn -0.595900 0.764500 0.245600
vn -0.208000 0.703500 0.679500
vn 0.003500 0.475700 0.879600
vn 0.003800 0.475800 0.879500
vn -0.117700 0.766000 0.632000
vn -0.351800 0.913900 0.202300
vn 0.000000 0.476900 0.878900
vn 0.000000 0.781000 0.624400
vn -0.003800 0.475800 0.879500
vn 0.117700 0.766000 0.632000
vn -0.002300 0.477100 0.878800
vn -0.003400 0.476100 0.879400
vn 0.003400 0.474700 0.880100
vn 0.208000 0.703500 0.679500
vn 0.427700 0.827400 0.363800
vn 0.351800 0.913900 0.202300
vn 0.227600 0.278200 0.933100
vn -0.011600 0.477100 0.878700
vn -0.005200 0.480900 0.876700
vn 0.307100 0.643900 0.700700
vn 0.466000 0.130200 0.875100
vn 0.294600 0.370400 0.880900
vn 0.003500 0.473900 0.880600
vn -0.025400 0.480700 0.876500
vn 0.312100 0.559700 0.767600
vn 0.645200 0.665400 0.375500
vn 0.308100 0.453400 0.836400
vn -0.003200 0.471300 0.881900
vn 0.675800 0.573100 0.463500
vn -0.064300 -0.913800 0.401100
vn -0.308400 -0.875000 0.373200
vn -0.059500 -0.932200 0.356800
vn -0.045800 -0.899200 0.435100
vn 0.000000 -0.911800 0.410700
vn -0.424900 -0.873600 0.237200
vn -0.295100 -0.913300 0.280700
vn -0.454600 -0.820000 0.347800
vn -0.278100 -0.840500 0.465000
vn -0.051900 -0.944800 0.323600
vn -0.056800 -0.870800 0.488200
vn -0.646400 -0.699300 0.305200
vn -0.601200 -0.786200 0.143100
vn -0.385800 -0.917800 0.093000
vn -0.263500 -0.947100 0.183100
vn -0.445000 -0.754100 0.483000
vn -0.285300 -0.763900 0.578800
vn -0.236100 -0.969400 0.067000
vn -0.050400 -0.960100 0.275100
vn -0.041900 -0.844900 0.533200
vn -0.541500 -0.838300 -0.063000
vn -0.330000 -0.941100 -0.073100
vn -0.412000 -0.669200 0.618400
vn -0.639500 -0.602900 0.477000
vn -0.240900 -0.716000 0.655200
vn -0.018300 -0.967800 0.251000
vn -0.154500 -0.987900 -0.016400
vn -0.219700 -0.957500 -0.186900
vn -0.004500 -0.857400 0.514600
vn -0.446400 -0.858700 -0.251600
vn -0.538100 -0.733300 -0.415500
vn -0.157100 -0.739400 0.654700
vn -0.373100 -0.578800 0.725100
vn -0.028300 -0.979600 0.198600
vn -0.138400 -0.962000 -0.235200
vn -0.322500 -0.871000 -0.370500
vn -0.396600 -0.748300 -0.531700
vn -0.804700 -0.593600 -0.010700
vn -0.114200 -0.986100 -0.120700
vn 0.000000 -0.980400 0.197100
vn -0.178300 -0.902500 -0.392000
vn 0.000700 -0.967900 -0.251300
vn -0.223900 -0.765400 -0.603300
vn -0.831700 -0.507200 0.225700
vn 0.001200 -0.992300 -0.123500
vn 0.102800 -0.987600 -0.118100
vn 0.028300 -0.979600 0.198600
vn 0.000000 -0.906300 -0.422600
vn 0.182000 -0.901200 -0.393100
vn 0.133200 -0.961300 -0.241000
vn -0.570800 -0.504000 0.648200
vn 0.157800 -0.987400 -0.008100
vn 0.227700 -0.955100 -0.189400
vn 0.018300 -0.967800 0.251000
vn 0.225700 -0.766500 -0.601300
vn 0.317000 -0.871900 -0.373200
vn -0.502100 -0.364800 0.784100
vn -0.701700 -0.304600 0.644100
vn 0.329900 -0.940800 -0.078100
vn 0.229400 -0.971000 0.066800
vn 0.441400 -0.862100 -0.248900
vn 0.050400 -0.960100 0.275100
vn -0.343000 -0.488800 0.802100
vn -0.443600 -0.185600 0.876800
vn -0.451800 -0.025800 0.891800
vn 0.536800 -0.841600 -0.059200
vn 0.051900 -0.944800 0.323600
vn -0.229100 -0.433200 0.871700
vn -0.296600 -0.067800 0.952600
vn -0.185400 0.245900 0.951400
vn -0.075600 -0.773500 0.629200
vn 0.601700 -0.784600 0.149100
vn 0.389800 -0.916100 0.094100
vn 0.807300 -0.590100 -0.007500
vn -0.089600 0.171600 0.981000
vn -0.046900 -0.774200 0.631200
vn -0.114800 -0.417500 0.901400
vn 0.024900 -0.882300 0.469900
vn 0.424500 -0.873600 0.237900
vn 0.263000 -0.945900 0.190000
vn 0.000000 0.118400 0.993000
vn 0.000000 -0.765600 0.643300
vn 0.000000 -0.886200 0.463200
vn 0.000000 -0.448800 0.893600
vn 0.647600 -0.698600 0.304200
vn 0.454900 -0.820400 0.346300
vn 0.295700 -0.912900 0.281200
vn 0.114800 -0.417500 0.901400
vn 0.046900 -0.774200 0.631200
vn -0.016900 -0.881600 0.471500
vn 0.640500 -0.601400 0.477500
vn 0.441400 -0.753400 0.487400
vn 0.308100 -0.875900 0.371300
vn 0.059500 -0.932200 0.356800
vn 0.232700 -0.440300 0.867100
vn 0.087000 -0.781600 0.617600
vn 0.572200 -0.498000 0.651500
vn 0.409400 -0.672900 0.616000
vn 0.278800 -0.837000 0.470900
vn 0.045800 -0.899200 0.435100
vn 0.064300 -0.913800 0.401100
vn 0.333700 -0.489200 0.805800
vn 0.296600 -0.067800 0.952600
vn 0.443600 -0.185600 0.876800
vn 0.185400 0.245900 0.951400
vn 0.135200 -0.738300 0.660800
vn 0.291800 -0.762800 0.576900
vn 0.056800 -0.870800 0.488200
vn -0.001700 -0.850300 0.526200
vn 0.041900 -0.844900 0.533200
vn 0.379200 -0.578800 0.721900
vn 0.509100 -0.363200 0.780300
vn 0.244700 -0.719800 0.649600
vn -0.674700 -0.187100 -0.713900
vn -0.466800 0.481100 -0.742100
vn 0.000000 0.434500 -0.900600
vn -0.587400 0.523000 -0.617500
vn -0.497000 0.862100 0.098400
vn 0.392100 -0.748900 -0.534200
vn 0.497000 0.862100 0.098400
vn 0.595900 0.764500 0.245600
vn 0.691700 0.351500 0.630800
vn 0.632200 -0.711100 0.307600
vn -0.632200 -0.711100 0.307600
vn 0.000000 0.825900 -0.563800
vn 0.000000 -0.820700 -0.571400
vn 0.089600 0.171600 0.981000
vn 0.451800 -0.025800 0.891800
usemtl m_Color
s off
f 4124/3832/2765 4128/3833/2765 4125/3834/2765
f 4125/3834/2766 4129/3835/2766 4130/3836/2766
f 4125/3834/2767 4128/3833/2767 4129/3835/2767
f 4129/3835/2768 4132/3837/2768 4133/3838/2768
f 4129/3835/2769 4134/3839/2769 4132/3837/2769
f 4129/3835/2770 4133/3838/2770 4130/3836/2770
f 4124/3832/2771 4230/3840/2771 4128/3833/2771
f 4230/3840/2772 4236/3841/2772 4128/3833/2772
f 4128/3833/2773 4236/3841/2773 4129/3835/2773
f 4129/3835/2774 4236/3841/2774 4134/3839/2774
s 1
f 3566/3842/2775 3568/3843/2776 3567/3844/2777
f 3567/3844/2777 3568/3843/2776 3570/3845/2778
f 3567/3844/2777 3570/3845/2778 3569/3846/2779
f 3569/3846/2779 3570/3845/2778 3571/3847/2780
f 3570/3845/2778 3572/3848/2781 3571/3847/2780
f 3571/3847/2780 3572/3848/2781 3575/3849/2782
f 3572/3848/2781 3576/3850/2783 3575/3849/2782
f 3572/3848/2781 3573/3851/2784 3576/3850/2783
f 3573/3851/2784 3577/3852/2785 3578/3853/2786
f 3573/3851/2784 3578/3853/2786 3576/3850/2783
f 3573/3851/2784 3574/3854/2787 3577/3852/2785
f 3575/3849/2782 3579/3855/2788 3580/3856/2789
f 3575/3849/2782 3576/3850/2783 3579/3855/2788
f 3576/3850/2783 3578/3853/2786 3581/3857/2790
f 3576/3850/2783 3581/3857/2790 3579/3855/2788
f 3577/3852/2785 3582/3858/2791 3578/3853/2786
f 3578/3853/2786 3583/3859/2792 3581/3857/2790
f 3578/3853/2786 3582/3858/2791 3583/3859/2792
f 3579/3855/2788 3581/3857/2790 3584/3860/2793
f 3582/3858/2791 3585/3861/2794 3583/3859/2792
f 3582/3858/2791 3586/3862/2795 3585/3861/2794
f 3583/3859/2792 3585/3861/2794 3587/3863/2796
f 3585/3861/2794 3589/3864/2797 3587/3863/2796
f 3587/3863/2796 3590/3865/2798 3588/3866/2799
f 3587/3863/2796 3589/3864/2797 3590/3865/2798
f 3591/3867/2800 3593/3868/2801 3592/3869/2802
f 3592/3869/2802 3594/3870/2803 3595/3871/2804
f 3592/3869/2802 3593/3868/2801 3594/3870/2803
f 3592/3869/2802 3595/3871/2804 3596/3872/2805
f 3593/3868/2801 3597/3873/2806 3594/3870/2803
f 3594/3870/2803 3598/3874/2807 3595/3871/2804
f 3594/3870/2803 3599/3875/2808 3598/3874/2807
f 3594/3870/2803 3597/3873/2806 3599/3875/2808
f 3595/3871/2804 3598/3874/2807 3600/3876/2809
f 3595/3871/2804 3600/3876/2809 3601/3877/2810
f 3595/3871/2804 3601/3877/2810 3596/3872/2805
f 3596/3872/2805 3601/3877/2810 3602/3878/2811
f 3597/3873/2806 3604/3879/2812 3599/3875/2808
f 3597/3873/2806 3603/3880/2813 3604/3879/2812
f 3598/3874/2807 3599/3875/2808 3605/3881/2814
f 3598/3874/2807 3605/3881/2814 3606/3882/2815
f 3598/3874/2807 3606/3882/2815 3600/3876/2809
f 3599/3875/2808 3607/3883/2816 3605/3881/2814
f 3599/3875/2808 3604/3879/2812 3607/3883/2816
f 3600/3876/2809 3608/3884/2817 3601/3877/2810
f 3601/3877/2810 3608/3884/2817 3609/3885/2818
f 3601/3877/2810 3609/3885/2818 3602/3878/2811
f 3604/3879/2812 3610/3886/2819 3607/3883/2816
f 3605/3881/2814 3611/3887/2820 3612/3888/2821
f 3605/3881/2814 3612/3888/2821 3606/3882/2815
f 3605/3881/2814 3607/3883/2816 3611/3887/2820
f 3607/3883/2816 3613/3889/2822 3611/3887/2820
f 3607/3883/2816 3610/3886/2819 3613/3889/2822
f 3608/3884/2817 3614/3890/2823 3609/3885/2818
f 3611/3887/2820 3613/3889/2822 3616/3891/2824
f 3613/3889/2822 3617/3892/2825 3616/3891/2824
f 3616/3891/2824 3617/3892/2825 3618/3893/2826
f 3620/3894/2827 3622/3895/2828 3623/3896/2829
f 3620/3894/2827 3623/3896/2829 3621/3897/2830
f 3621/3897/2830 3623/3896/2829 3624/3898/2831
f 3622/3895/2828 3625/3899/2832 3626/3900/2833
f 3622/3895/2828 3626/3900/2833 3623/3896/2829
f 3623/3896/2829 3626/3900/2833 3627/3901/2834
f 3623/3896/2829 3627/3901/2834 3624/3898/2831
f 3624/3898/2831 3627/3901/2834 3628/3902/2835
f 3625/3899/2832 3629/3903/2836 3626/3900/2833
f 3625/3899/2832 3630/3904/2837 3629/3903/2836
f 3625/3899/2832 3631/3905/2838 3630/3904/2837
f 3626/3900/2833 3629/3903/2836 3632/3906/2839
f 3626/3900/2833 3632/3906/2839 3627/3901/2834
f 3627/3901/2834 3634/3907/2840 3628/3902/2835
f 3627/3901/2834 3632/3906/2839 3634/3907/2840
f 3628/3902/2835 3634/3907/2840 3635/3908/2841
f 3629/3903/2836 3637/3909/2842 3638/3910/2843
f 3629/3903/2836 3638/3910/2843 3632/3906/2839
f 3629/3903/2836 3630/3904/2837 3637/3909/2842
f 3630/3904/2837 3639/3911/2844 3637/3909/2842
f 3630/3904/2837 3640/3912/2845 3639/3911/2844
f 3630/3904/2837 3631/3905/2838 3640/3912/2845
f 3632/3906/2839 3638/3910/2843 3634/3907/2840
f 3634/3907/2840 3638/3910/2843 3642/3913/2846
f 3634/3907/2840 3642/3913/2846 3635/3908/2841
f 3635/3908/2841 3642/3913/2846 3643/3914/2847
f 3635/3908/2841 3643/3914/2847 3636/3915/2848
f 3637/3909/2842 3644/3916/2849 3638/3910/2843
f 3637/3909/2842 3645/3917/2850 3644/3916/2849
f 3637/3909/2842 3639/3911/2844 3645/3917/2850
f 3638/3910/2843 3644/3916/2849 3646/3918/2851
f 3638/3910/2843 3646/3918/2851 3642/3913/2846
f 3642/3913/2846 3647/3919/2852 3643/3914/2847
f 3642/3913/2846 3646/3918/2851 3647/3919/2852
f 3643/3914/2847 3647/3919/2852 3648/3920/2853
f 3644/3916/2849 3650/3921/2854 3651/3922/2855
f 3644/3916/2849 3651/3922/2855 3646/3918/2851
f 3644/3916/2849 3645/3917/2850 3650/3921/2854
f 3645/3917/2850 3652/3923/2856 3650/3921/2854
f 3646/3918/2851 3651/3922/2855 3647/3919/2852
f 3647/3919/2852 3651/3922/2855 3654/3924/2857
f 3647/3919/2852 3654/3924/2857 3648/3920/2853
f 3648/3920/2853 3654/3924/2857 3655/3925/2858
f 3648/3920/2853 3655/3925/2858 3649/3926/2859
f 3649/3926/2859 3655/3925/2858 3656/3927/2860
f 3650/3921/2854 3657/3928/2861 3651/3922/2855
f 3650/3921/2854 3658/3929/2862 3657/3928/2861
f 3650/3921/2854 3652/3923/2856 3658/3929/2862
f 3651/3922/2855 3657/3928/2861 3659/3930/2863
f 3651/3922/2855 3659/3930/2863 3654/3924/2857
f 3654/3924/2857 3659/3930/2863 3660/3931/2864
f 3654/3924/2857 3660/3931/2864 3655/3925/2858
f 3655/3925/2858 3660/3931/2864 3661/3932/2865
f 3657/3928/2861 3662/3933/2866 3659/3930/2863
f 3657/3928/2861 3663/3934/2867 3662/3933/2866
f 3657/3928/2861 3658/3929/2862 3663/3934/2867
f 3659/3930/2863 3662/3933/2866 3664/3935/2868
f 3659/3930/2863 3664/3935/2868 3660/3931/2864
f 3660/3931/2864 3664/3935/2868 3661/3932/2865
f 3662/3933/2866 3663/3934/2867 3665/3936/2869
f 3667/3937/2870 3669/3938/2871 3668/3939/2872
f 3668/3939/2872 3672/3940/2873 3671/3941/2874
f 3668/3939/2872 3669/3938/2871 3672/3940/2873
f 3669/3938/2871 3673/3942/2875 3672/3940/2873
f 3669/3938/2871 3670/3943/2876 3673/3942/2875
f 3671/3941/2874 3674/3944/2877 3675/3945/2878
f 3671/3941/2874 3672/3940/2873 3674/3944/2877
f 3672/3940/2873 3676/3946/2879 3674/3944/2877
f 3672/3940/2873 3673/3942/2875 3676/3946/2879
f 3674/3944/2877 3678/3947/2880 3675/3945/2878
f 3675/3945/2878 3679/3948/2881 3677/3949/2882
f 3675/3945/2878 3678/3947/2880 3679/3948/2881
f 3677/3949/2882 3679/3948/2881 3680/3950/2883
f 3678/3947/2880 3681/3951/2884 3679/3948/2881
f 3679/3948/2881 3681/3951/2884 3682/3952/2885
f 3679/3948/2881 3682/3952/2885 3680/3950/2883
f 3680/3950/2883 3682/3952/2885 3683/3953/2886
f 3681/3951/2884 3684/3954/2887 3682/3952/2885
f 3682/3952/2885 3685/3955/2888 3683/3953/2886
f 3682/3952/2885 3684/3954/2887 3685/3955/2888
f 3684/3954/2887 3687/3956/2889 3685/3955/2888
f 3684/3954/2887 3686/3957/2890 3687/3956/2889
f 3685/3955/2888 3687/3956/2889 3688/3958/2891
f 3689/3959/2892 3692/3960/2893 3693/3961/2894
f 3689/3959/2892 3694/3962/2895 3692/3960/2893
f 3689/3959/2892 3691/3963/2896 3694/3962/2895
f 3689/3959/2892 3693/3961/2894 3690/3964/2897
f 3692/3960/2893 3695/3965/2898 3696/3966/2899
f 3692/3960/2893 3697/3967/2900 3695/3965/2898
f 3692/3960/2893 3694/3962/2895 3697/3967/2900
f 3692/3960/2893 3696/3966/2899 3693/3961/2894
f 3693/3961/2894 3696/3966/2899 3698/3968/2901
f 3695/3965/2898 3700/3969/2902 3701/3970/2903
f 3695/3965/2898 3701/3970/2903 3696/3966/2899
f 3696/3966/2899 3701/3970/2903 3702/3971/2904
f 3696/3966/2899 3702/3971/2904 3698/3968/2901
f 3698/3968/2901 3702/3971/2904 3699/3972/2905
f 3700/3969/2902 3703/3973/2906 3704/3974/2907
f 3700/3969/2902 3704/3974/2907 3705/3975/2908
f 3700/3969/2902 3705/3975/2908 3701/3970/2903
f 3701/3970/2903 3705/3975/2908 3706/3976/2909
f 3701/3970/2903 3706/3976/2909 3702/3971/2904
f 3703/3973/2906 3707/3977/2910 3709/3978/2911
f 3703/3973/2906 3709/3978/2911 3704/3974/2907
f 3704/3974/2907 3709/3978/2911 3710/3979/2912
f 3704/3974/2907 3711/3980/2913 3705/3975/2908
f 3704/3974/2907 3710/3979/2912 3711/3980/2913
f 3705/3975/2908 3711/3980/2913 3712/3981/2914
f 3705/3975/2908 3712/3981/2914 3706/3976/2909
f 3707/3977/2910 3713/3982/2915 3709/3978/2911
f 3707/3977/2910 3714/3983/2916 3713/3982/2915
f 3707/3977/2910 3708/3984/2917 3714/3983/2916
f 3708/3984/2917 3715/3985/2918 3714/3983/2916
f 3709/3978/2911 3713/3982/2915 3716/3986/2919
f 3709/3978/2911 3716/3986/2919 3710/3979/2912
f 3710/3979/2912 3717/3987/2920 3711/3980/2913
f 3713/3982/2915 3714/3983/2916 3718/3988/2921
f 3719/3989/2922 3720/3990/2923 3721/3991/2924
f 3720/3990/2923 3722/3992/2925 3723/3993/2926
f 3720/3990/2923 3723/3993/2926 3721/3991/2924
f 3721/3991/2924 3723/3993/2926 3724/3994/2927
f 3722/3992/2925 3725/3995/2928 3723/3993/2926
f 3722/3992/2925 3726/3996/2929 3725/3995/2928
f 3722/3992/2925 3727/3997/2930 3726/3996/2929
f 3723/3993/2926 3725/3995/2928 3728/3998/2931
f 3723/3993/2926 3728/3998/2931 3724/3994/2927
f 3724/3994/2927 3728/3998/2931 3729/3999/2932
f 3725/3995/2928 3731/4000/2933 3728/3998/2931
f 3725/3995/2928 3732/4001/2934 3731/4000/2933
f 3725/3995/2928 3726/3996/2929 3732/4001/2934
f 3726/3996/2929 3733/4002/2935 3732/4001/2934
f 3726/3996/2929 3734/4003/2936 3733/4002/2935
f 3726/3996/2929 3727/3997/2930 3734/4003/2936
f 3728/3998/2931 3735/4004/2937 3729/3999/2932
f 3728/3998/2931 3731/4000/2933 3735/4004/2937
f 3729/3999/2932 3735/4004/2937 3736/4005/2938
f 3729/3999/2932 3736/4005/2938 3730/4006/2939
f 3730/4006/2939 3736/4005/2938 3737/4007/2940
f 3731/4000/2933 3738/4008/2941 3735/4004/2937
f 3731/4000/2933 3732/4001/2934 3738/4008/2941
f 3732/4001/2934 3739/4009/2942 3738/4008/2941
f 3732/4001/2934 3733/4002/2935 3739/4009/2942
f 3733/4002/2935 3740/4010/2943 3739/4009/2942
f 3735/4004/2937 3738/4008/2941 3743/4011/2944
f 3735/4004/2937 3743/4011/2944 3736/4005/2938
f 3736/4005/2938 3744/4012/2945 3737/4007/2940
f 3736/4005/2938 3743/4011/2944 3744/4012/2945
f 3737/4007/2940 3744/4012/2945 3745/4013/2946
f 3738/4008/2941 3746/4014/2947 3743/4011/2944
f 3738/4008/2941 3747/4015/2948 3746/4014/2947
f 3738/4008/2941 3739/4009/2942 3747/4015/2948
f 3739/4009/2942 3748/4016/2949 3747/4015/2948
f 3739/4009/2942 3740/4010/2943 3748/4016/2949
f 3740/4010/2943 3749/4017/2950 3748/4016/2949
f 3743/4011/2944 3750/4018/2951 3744/4012/2945
f 3743/4011/2944 3746/4014/2947 3750/4018/2951
f 3744/4012/2945 3750/4018/2951 3751/4019/2952
f 3744/4012/2945 3751/4019/2952 3745/4013/2946
f 3745/4013/2946 3751/4019/2952 3752/4020/2953
f 3746/4014/2947 3753/4021/2954 3750/4018/2951
f 3746/4014/2947 3747/4015/2948 3753/4021/2954
f 3747/4015/2948 3754/4022/2955 3753/4021/2954
f 3747/4015/2948 3748/4016/2949 3754/4022/2955
f 3748/4016/2949 3755/4023/2956 3754/4022/2955
f 3748/4016/2949 3749/4017/2950 3755/4023/2956
f 3750/4018/2951 3753/4021/2954 3756/4024/2957
f 3750/4018/2951 3756/4024/2957 3751/4019/2952
f 3751/4019/2952 3756/4024/2957 3757/4025/2958
f 3751/4019/2952 3757/4025/2958 3752/4020/2953
f 3752/4020/2953 3757/4025/2958 3758/4026/2959
f 3753/4021/2954 3759/4027/2960 3756/4024/2957
f 3753/4021/2954 3760/4028/2961 3759/4027/2960
f 3753/4021/2954 3754/4022/2955 3760/4028/2961
f 3754/4022/2955 3761/4029/2962 3760/4028/2961
f 3754/4022/2955 3755/4023/2956 3761/4029/2962
f 3755/4023/2956 3762/4030/2963 3761/4029/2962
f 3756/4024/2957 3759/4027/2960 3763/4031/2964
f 3756/4024/2957 3763/4031/2964 3757/4025/2958
f 3757/4025/2958 3763/4031/2964 3764/4032/2965
f 3757/4025/2958 3764/4032/2965 3758/4026/2959
f 3759/4027/2960 3765/4033/2966 3763/4031/2964
f 3759/4027/2960 3766/4034/2967 3765/4033/2966
f 3759/4027/2960 3760/4028/2961 3766/4034/2967
f 3760/4028/2961 3767/4035/2968 3766/4034/2967
f 3760/4028/2961 3761/4029/2962 3767/4035/2968
f 3761/4029/2962 3768/4036/2969 3767/4035/2968
f 3761/4029/2962 3762/4030/2963 3768/4036/2969
f 3765/4033/2966 3769/4037/2970 3770/4038/2971
f 3765/4033/2966 3766/4034/2967 3769/4037/2970
f 3766/4034/2967 3767/4035/2968 3769/4037/2970
f 3767/4035/2968 3771/4039/2972 3769/4037/2970
f 3767/4035/2968 3772/4040/2973 3771/4039/2972
f 3767/4035/2968 3768/4036/2969 3772/4040/2973
f 3774/4041/2974 3775/4042/2975 3776/4043/2976
f 3775/4042/2975 3777/4044/2977 3778/4045/2978
f 3775/4042/2975 3778/4045/2978 3776/4043/2976
f 3777/4044/2977 3779/4046/2979 3780/4047/2977
f 3777/4044/2977 3780/4047/2977 3778/4045/2978
f 3779/4046/2979 3781/4048/2980 3782/4049/2979
f 3779/4046/2979 3782/4049/2979 3780/4047/2977
f 3781/4048/2980 3783/4050/2981 3784/4051/2980
f 3781/4048/2980 3784/4051/2980 3782/4049/2979
f 3783/4050/2981 3785/4052/2982 3786/4053/2981
f 3783/4050/2981 3786/4053/2981 3784/4051/2980
f 3785/4052/2982 3787/4054/2983 3788/4055/2982
f 3785/4052/2982 3788/4055/2982 3786/4053/2981
f 3787/4054/2983 3789/4056/2984 3790/4057/2983
f 3787/4054/2983 3790/4057/2983 3788/4055/2982
f 3789/4056/2984 3791/4058/2985 3792/4059/2984
f 3789/4056/2984 3792/4059/2984 3790/4057/2983
f 3791/4058/2985 3793/4060/2986 3794/4061/2985
f 3791/4058/2985 3794/4061/2985 3792/4059/2984
f 3793/4060/2986 3795/4062/2987 3796/4063/2986
f 3793/4060/2986 3796/4063/2986 3794/4061/2985
f 3795/4062/2987 3797/4064/2988 3798/4065/2987
f 3795/4062/2987 3798/4065/2987 3796/4063/2986
f 3797/4064/2988 3799/4066/2989 3800/4067/2988
f 3797/4064/2988 3800/4067/2988 3798/4065/2987
f 3799/4066/2989 3801/4068/2990 3802/4069/2989
f 3799/4066/2989 3802/4069/2989 3800/4067/2988
f 3801/4068/2990 3803/4070/2991 3804/4071/2990
f 3801/4068/2990 3804/4071/2990 3802/4069/2989
f 3803/4070/2991 3805/4072/2992 3806/4073/2991
f 3803/4070/2991 3806/4073/2991 3804/4071/2990
f 3805/4072/2992 3807/4074/2993 3808/4075/2992
f 3805/4072/2992 3808/4075/2992 3806/4073/2991
f 3807/4074/2993 3809/4076/2994 3810/4077/2995
f 3807/4074/2993 3810/4077/2995 3808/4075/2992
f 3809/4076/2994 3811/4078/2996 3812/4079/2994
f 3809/4076/2994 3812/4079/2994 3810/4077/2995
f 3811/4078/2996 3813/4080/2997 3814/4081/2998
f 3811/4078/2996 3814/4081/2998 3812/4079/2994
f 3813/4080/2997 3815/4082/2999 3816/4083/3000
f 3813/4080/2997 3816/4083/3000 3814/4081/2998
f 3815/4082/2999 3817/4084/3001 3818/4085/3002
f 3815/4082/2999 3818/4085/3002 3816/4083/3000
f 3817/4084/3001 3819/4086/3003 3820/4087/3003
f 3817/4084/3001 3820/4087/3003 3821/4088/3001
f 3817/4084/3001 3821/4088/3001 3818/4085/3002
f 3819/4086/3003 3822/4089/3004 3820/4087/3003
f 3820/4087/3003 3822/4089/3004 3823/4090/3004
f 3822/4089/3004 3824/4091/3005 3823/4090/3004
f 3823/4090/3004 3824/4091/3005 3825/4092/3005
f 3824/4091/3005 3826/4093/3006 3825/4092/3005
f 3825/4092/3005 3826/4093/3006 3827/4094/3006
f 3826/4093/3006 3828/4095/3007 3827/4094/3006
f 3827/4094/3006 3828/4095/3007 3829/4096/3007
f 3830/4097/3008 3832/4098/3009 3831/4099/3009
f 3831/4099/3009 3832/4098/3009 3833/4100/3010
f 3832/4098/3009 3834/4101/3010 3833/4100/3010
f 3833/4100/3010 3834/4101/3010 3835/4102/3011
f 3834/4101/3010 3836/4103/3012 3835/4102/3011
f 3835/4102/3011 3836/4103/3012 3837/4104/3013
f 3836/4103/3012 3838/4105/3013 3837/4104/3013
f 3837/4104/3013 3838/4105/3013 3839/4106/3014
f 3838/4105/3013 3840/4107/3014 3839/4106/3014
f 3839/4106/3014 3840/4107/3014 3841/4108/3015
f 3840/4107/3014 3842/4109/3015 3841/4108/3015
f 3841/4108/3015 3842/4109/3015 3843/4110/3016
f 3842/4109/3015 3844/4111/3016 3843/4110/3016
f 3843/4110/3016 3844/4111/3016 3845/4112/3017
f 3844/4111/3016 3846/4113/3017 3845/4112/3017
f 3845/4112/3017 3846/4113/3017 3847/4114/3018
f 3846/4113/3017 3848/4115/3018 3847/4114/3018
f 3847/4114/3018 3848/4115/3018 3849/4116/3019
f 3848/4115/3018 3850/4117/3019 3849/4116/3019
f 3849/4116/3019 3850/4117/3019 3851/4118/3020
f 3850/4117/3019 3852/4119/3020 3851/4118/3020
f 3851/4118/3020 3852/4119/3020 3853/4120/3021
f 3852/4119/3020 3854/4121/3021 3853/4120/3021
f 3853/4120/3021 3854/4121/3021 3855/4122/3022
f 3854/4121/3021 3856/4123/3022 3855/4122/3022
f 3855/4122/3022 3856/4123/3022 3857/4124/3023
f 3856/4123/3022 3858/4125/3023 3857/4124/3023
f 3857/4124/3023 3858/4125/3023 3859/4126/3024
f 3858/4125/3023 3860/4127/3024 3859/4126/3024
f 3859/4126/3024 3860/4127/3024 3861/4128/3025
f 3860/4127/3024 3862/4129/3025 3861/4128/3025
f 3861/4128/3025 3862/4129/3025 3863/4130/3026
f 3862/4129/3025 3864/4131/3026 3863/4130/3026
f 3863/4130/3026 3864/4131/3026 3865/4132/3027
f 3864/4131/3026 3866/4133/3027 3865/4132/3027
f 3865/4132/3027 3866/4133/3027 3867/4134/3028
f 3866/4133/3027 3868/4135/3028 3867/4134/3028
f 3867/4134/3028 3868/4135/3028 3869/4136/3029
f 3868/4135/3028 3870/4137/3029 3869/4136/3029
f 3869/4136/3029 3870/4137/3029 3871/4138/3030
f 3870/4137/3029 3872/4139/3031 3871/4138/3030
f 3871/4138/3030 3872/4139/3031 3873/4140/3032
f 3872/4139/3031 3874/4141/3033 3873/4140/3032
f 3873/4140/3032 3874/4141/3033 3875/4142/3034
f 3874/4141/3033 3876/4143/3035 3875/4142/3034
f 3875/4142/3034 3876/4143/3035 3877/4144/3036
f 3876/4143/3035 3878/4145/3036 3877/4144/3036
f 3877/4144/3036 3878/4145/3036 3879/4146/3037
f 3878/4145/3036 3880/4147/3037 3879/4146/3037
f 3879/4146/3037 3880/4147/3037 3881/4148/3038
f 3880/4147/3037 3882/4149/3038 3881/4148/3038
f 3881/4148/3038 3882/4149/3038 3883/4150/3039
f 3882/4149/3038 3884/4151/3039 3883/4150/3039
f 3883/4150/3039 3884/4151/3039 3885/4152/3040
f 3884/4151/3039 3886/4153/3040 3885/4152/3040
f 3885/4152/3040 3887/4154/3041 3888/4155/3041
f 3885/4152/3040 3886/4153/3040 3887/4154/3041
f 3889/4156/3042 3891/4043/3043 3890/4041/3044
f 3890/4041/3044 3891/4043/3043 3892/4042/3045
f 3891/4043/3043 3893/4045/3046 3892/4042/3045
f 3892/4042/3045 3893/4045/3046 3894/4044/3047
f 3893/4045/3046 3895/4047/3047 3894/4044/3047
f 3894/4044/3047 3895/4047/3047 3896/4046/3048
f 3895/4047/3047 3897/4049/3048 3896/4046/3048
f 3896/4046/3048 3897/4049/3048 3898/4048/3049
f 3897/4049/3048 3899/4051/3049 3898/4048/3049
f 3898/4048/3049 3899/4051/3049 3900/4050/3050
f 3899/4051/3049 3901/4053/3050 3900/4050/3050
f 3900/4050/3050 3901/4053/3050 3902/4052/3051
f 3901/4053/3050 3903/4055/3051 3902/4052/3051
f 3902/4052/3051 3903/4055/3051 3904/4054/3052
f 3903/4055/3051 3905/4057/3052 3904/4054/3052
f 3904/4054/3052 3905/4057/3052 3906/4056/3053
f 3905/4057/3052 3907/4059/3053 3906/4056/3053
f 3906/4056/3053 3907/4059/3053 3908/4058/3054
f 3907/4059/3053 3909/4061/3054 3908/4058/3054
f 3908/4058/3054 3909/4061/3054 3910/4060/3055
f 3909/4061/3054 3911/4063/3055 3910/4060/3055
f 3910/4060/3055 3911/4063/3055 3912/4062/3056
f 3911/4063/3055 3913/4065/3056 3912/4062/3056
f 3912/4062/3056 3913/4065/3056 3914/4064/3057
f 3913/4065/3056 3915/4067/3057 3914/4064/3057
f 3914/4064/3057 3915/4067/3057 3916/4066/3058
f 3915/4067/3057 3917/4069/3058 3916/4066/3058
f 3916/4066/3058 3917/4069/3058 3918/4068/3059
f 3917/4069/3058 3919/4071/3059 3918/4068/3059
f 3918/4068/3059 3919/4071/3059 3920/4070/3060
f 3919/4071/3059 3921/4073/3060 3920/4070/3060
f 3920/4070/3060 3921/4073/3060 3922/4072/3061
f 3921/4073/3060 3923/4075/3061 3922/4072/3061
f 3922/4072/3061 3923/4075/3061 3924/4074/3062
f 3923/4075/3061 3925/4077/3063 3924/4074/3062
f 3924/4074/3062 3925/4077/3063 3926/4076/3064
f 3925/4077/3063 3927/4079/3064 3926/4076/3064
f 3926/4076/3064 3927/4079/3064 3928/4078/3065
f 3927/4079/3064 3929/4081/3066 3928/4078/3065
f 3928/4078/3065 3929/4081/3066 3930/4080/3067
f 3929/4081/3066 3931/4083/3068 3930/4080/3067
f 3930/4080/3067 3931/4083/3068 3932/4082/3069
f 3931/4083/3068 3933/4085/3070 3932/4082/3069
f 3932/4082/3069 3933/4085/3070 3934/4084/3071
f 3933/4085/3070 3935/4088/3071 3934/4084/3071
f 3934/4084/3071 3936/4087/3072 3937/4086/3072
f 3934/4084/3071 3935/4088/3071 3936/4087/3072
f 3936/4087/3072 3938/4090/3073 3939/4089/3073
f 3936/4087/3072 3939/4089/3073 3937/4086/3072
f 3938/4090/3073 3940/4092/3074 3941/4091/3074
f 3938/4090/3073 3941/4091/3074 3939/4089/3073
f 3940/4092/3074 3942/4094/3075 3943/4093/3075
f 3940/4092/3074 3943/4093/3075 3941/4091/3074
f 3942/4094/3075 3944/4096/3076 3945/4095/3076
f 3942/4094/3075 3945/4095/3076 3943/4093/3075
f 3947/4099/3077 3948/4100/3078 3949/4098/3077
f 3948/4100/3078 3950/4102/3079 3951/4101/3078
f 3948/4100/3078 3951/4101/3078 3949/4098/3077
f 3950/4102/3079 3952/4104/3080 3953/4103/3081
f 3950/4102/3079 3953/4103/3081 3951/4101/3078
f 3952/4104/3080 3954/4106/3082 3955/4105/3080
f 3952/4104/3080 3955/4105/3080 3953/4103/3081
f 3954/4106/3082 3956/4108/3083 3957/4107/3082
f 3954/4106/3082 3957/4107/3082 3955/4105/3080
f 3956/4108/3083 3958/4110/3084 3959/4109/3083
f 3956/4108/3083 3959/4109/3083 3957/4107/3082
f 3958/4110/3084 3960/4112/3085 3961/4111/3084
f 3958/4110/3084 3961/4111/3084 3959/4109/3083
f 3960/4112/3085 3962/4114/3086 3963/4113/3085
f 3960/4112/3085 3963/4113/3085 3961/4111/3084
f 3962/4114/3086 3964/4116/3087 3965/4115/3086
f 3962/4114/3086 3965/4115/3086 3963/4113/3085
f 3964/4116/3087 3966/4118/3088 3967/4117/3087
f 3964/4116/3087 3967/4117/3087 3965/4115/3086
f 3966/4118/3088 3968/4120/3089 3969/4119/3088
f 3966/4118/3088 3969/4119/3088 3967/4117/3087
f 3968/4120/3089 3970/4122/3090 3971/4121/3089
f 3968/4120/3089 3971/4121/3089 3969/4119/3088
f 3970/4122/3090 3972/4124/3091 3973/4123/3090
f 3970/4122/3090 3973/4123/3090 3971/4121/3089
f 3972/4124/3091 3974/4126/3092 3975/4125/3091
f 3972/4124/3091 3975/4125/3091 3973/4123/3090
f 3974/4126/3092 3976/4128/3093 3977/4127/3092
f 3974/4126/3092 3977/4127/3092 3975/4125/3091
f 3976/4128/3093 3978/4130/3094 3979/4129/3093
f 3976/4128/3093 3979/4129/3093 3977/4127/3092
f 3978/4130/3094 3980/4132/3095 3981/4131/3094
f 3978/4130/3094 3981/4131/3094 3979/4129/3093
f 3980/4132/3095 3982/4134/3096 3983/4133/3095
f 3980/4132/3095 3983/4133/3095 3981/4131/3094
f 3982/4134/3096 3984/4136/3097 3985/4135/3096
f 3982/4134/3096 3985/4135/3096 3983/4133/3095
f 3984/4136/3097 3986/4138/3098 3987/4137/3097
f 3984/4136/3097 3987/4137/3097 3985/4135/3096
f 3986/4138/3098 3988/4140/3099 3989/4139/3100
f 3986/4138/3098 3989/4139/3100 3987/4137/3097
f 3988/4140/3099 3990/4142/3101 3991/4141/3102
f 3988/4140/3099 3991/4141/3102 3989/4139/3100
f 3990/4142/3101 3992/4144/3103 3993/4143/3104
f 3990/4142/3101 3993/4143/3104 3991/4141/3102
f 3992/4144/3103 3994/4146/3105 3995/4145/3103
f 3992/4144/3103 3995/4145/3103 3993/4143/3104
f 3994/4146/3105 3996/4148/3106 3997/4147/3105
f 3994/4146/3105 3997/4147/3105 3995/4145/3103
f 3996/4148/3106 3998/4150/3107 3999/4149/3106
f 3996/4148/3106 3999/4149/3106 3997/4147/3105
f 3998/4150/3107 4000/4152/3108 4001/4151/3107
f 3998/4150/3107 4001/4151/3107 3999/4149/3106
f 4000/4152/3108 4002/4155/3109 4003/4154/3109
f 4000/4152/3108 4003/4154/3109 4004/4153/3108
f 4000/4152/3108 4004/4153/3108 4001/4151/3107
f 4006/4157/3110 4008/4158/3111 4007/4159/3112
f 4007/4159/3112 4009/4160/3113 4010/4161/3114
f 4007/4159/3112 4008/4158/3111 4009/4160/3113
f 4008/4158/3111 4011/4162/3115 4009/4160/3113
f 4009/4160/3113 4013/4163/3116 4014/4164/3117
f 4009/4160/3113 4014/4164/3117 4010/4161/3114
f 4009/4160/3113 4011/4162/3115 4013/4163/3116
f 4010/4161/3114 4014/4164/3117 4015/4165/3118
f 4010/4161/3114 4015/4165/3118 4012/4166/3119
f 4011/4162/3115 4016/4167/3120 4013/4163/3116
f 4013/4163/3116 4017/4168/3121 4018/4169/3122
f 4013/4163/3116 4018/4169/3122 4014/4164/3117
f 4013/4163/3116 4016/4167/3120 4017/4168/3121
f 4014/4164/3117 4018/4169/3122 4019/4170/3123
f 4014/4164/3117 4019/4170/3123 4015/4165/3118
f 4015/4165/3118 4019/4170/3123 4020/4171/3124
f 4016/4167/3120 4021/4172/3125 4017/4168/3121
f 4017/4168/3121 4022/4173/3126 4023/4174/3127
f 4017/4168/3121 4023/4174/3127 4018/4169/3122
f 4017/4168/3121 4021/4172/3125 4022/4173/3126
f 4018/4169/3122 4023/4174/3127 4024/4175/3128
f 4018/4169/3122 4024/4175/3128 4019/4170/3123
f 4019/4170/3123 4024/4175/3128 4025/4176/3129
f 4019/4170/3123 4025/4176/3129 4020/4171/3124
f 4021/4172/3125 4026/4177/3130 4022/4173/3126
f 4022/4173/3126 4027/4178/3131 4028/4179/3132
f 4022/4173/3126 4028/4179/3132 4023/4174/3127
f 4022/4173/3126 4026/4177/3130 4027/4178/3131
f 4023/4174/3127 4028/4179/3132 4029/4180/3133
f 4023/4174/3127 4029/4180/3133 4024/4175/3128
f 4024/4175/3128 4029/4180/3133 4030/4181/3134
f 4024/4175/3128 4030/4181/3134 4025/4176/3129
f 4026/4177/3130 4031/4182/3135 4027/4178/3131
f 4027/4178/3131 4032/4183/3136 4033/4184/3137
f 4027/4178/3131 4033/4184/3137 4028/4179/3132
f 4027/4178/3131 4031/4182/3135 4032/4183/3136
f 4028/4179/3132 4033/4184/3137 4034/4185/3138
f 4028/4179/3132 4034/4185/3138 4029/4180/3133
f 4029/4180/3133 4034/4185/3138 4035/4186/3139
f 4029/4180/3133 4035/4186/3139 4030/4181/3134
f 4031/4182/3135 4036/4187/3140 4032/4183/3136
f 4032/4183/3136 4037/4188/3141 4038/4189/3142
f 4032/4183/3136 4038/4189/3142 4033/4184/3137
f 4032/4183/3136 4036/4187/3140 4037/4188/3141
f 4033/4184/3137 4038/4189/3142 4039/4190/3143
f 4033/4184/3137 4039/4190/3143 4034/4185/3138
f 4034/4185/3138 4039/4190/3143 4040/4191/3144
f 4034/4185/3138 4040/4191/3144 4035/4186/3139
f 4036/4187/3140 4041/4192/3145 4037/4188/3141
f 4037/4188/3141 4042/4193/3146 4043/4194/3147
f 4037/4188/3141 4043/4194/3147 4038/4189/3142
f 4037/4188/3141 4041/4192/3145 4042/4193/3146
f 4038/4189/3142 4043/4194/3147 4044/4195/3148
f 4038/4189/3142 4044/4195/3148 4039/4190/3143
f 4039/4190/3143 4044/4195/3148 4045/4196/3149
f 4039/4190/3143 4045/4196/3149 4040/4191/3144
f 4041/4192/3145 4046/4197/3150 4042/4193/3146
f 4042/4193/3146 4047/4198/3151 4048/4199/3152
f 4042/4193/3146 4048/4199/3152 4043/4194/3147
f 4042/4193/3146 4046/4197/3150 4047/4198/3151
f 4043/4194/3147 4048/4199/3152 4049/4200/3153
f 4043/4194/3147 4049/4200/3153 4044/4195/3148
f 4044/4195/3148 4049/4200/3153 4050/4201/3154
f 4044/4195/3148 4050/4201/3154 4045/4196/3149
f 4046/4197/3150 4051/4202/3155 4047/4198/3151
f 4047/4198/3151 4052/4203/3156 4053/4204/3157
f 4047/4198/3151 4053/4204/3157 4048/4199/3152
f 4047/4198/3151 4051/4202/3155 4052/4203/3156
f 4048/4199/3152 4053/4204/3157 4054/4205/3158
f 4048/4199/3152 4054/4205/3158 4049/4200/3153
f 4049/4200/3153 4054/4205/3158 4055/4206/3159
f 4049/4200/3153 4055/4206/3159 4050/4201/3154
f 4051/4202/3155 4056/4207/3160 4052/4203/3156
f 4052/4203/3156 4057/4208/3161 4058/4209/3162
f 4052/4203/3156 4058/4209/3162 4053/4204/3157
f 4052/4203/3156 4056/4207/3160 4057/4208/3161
f 4053/4204/3157 4058/4209/3162 4059/4210/3163
f 4053/4204/3157 4059/4210/3163 4054/4205/3158
f 4054/4205/3158 4059/4210/3163 4060/4211/3164
f 4054/4205/3158 4060/4211/3164 4055/4206/3159
f 4056/4207/3160 4061/4212/3165 4057/4208/3161
f 4057/4208/3161 4062/4213/3166 4063/4214/3167
f 4057/4208/3161 4063/4214/3167 4058/4209/3162
f 4057/4208/3161 4061/4212/3165 4062/4213/3166
f 4058/4209/3162 4063/4214/3167 4064/4215/3168
f 4058/4209/3162 4064/4215/3168 4059/4210/3163
f 4059/4210/3163 4064/4215/3168 4065/4216/3169
f 4059/4210/3163 4065/4216/3169 4060/4211/3164
f 4061/4212/3165 4066/4217/3170 4062/4213/3166
f 4062/4213/3166 4067/4218/3171 4068/4219/3172
f 4062/4213/3166 4068/4219/3172 4063/4214/3167
f 4062/4213/3166 4066/4217/3170 4067/4218/3171
f 4063/4214/3167 4068/4219/3172 4069/4220/3173
f 4063/4214/3167 4069/4220/3173 4064/4215/3168
f 4064/4215/3168 4069/4220/3173 4070/4221/3174
f 4064/4215/3168 4070/4221/3174 4065/4216/3169
f 4066/4217/3170 4071/4222/3175 4067/4218/3171
f 4067/4218/3171 4072/4223/3176 4073/4224/3177
f 4067/4218/3171 4073/4224/3177 4068/4219/3172
f 4067/4218/3171 4071/4222/3175 4072/4223/3176
f 4068/4219/3172 4073/4224/3177 4074/4225/3178
f 4068/4219/3172 4074/4225/3178 4069/4220/3173
f 4069/4220/3173 4074/4225/3178 4075/4226/3179
f 4069/4220/3173 4075/4226/3179 4070/4221/3174
f 4071/4222/3175 4076/4227/3180 4072/4223/3176
f 4072/4223/3176 4077/4228/3181 4078/4229/3182
f 4072/4223/3176 4078/4229/3182 4073/4224/3177
f 4072/4223/3176 4076/4227/3180 4077/4228/3181
f 4073/4224/3177 4078/4229/3182 4079/4230/3183
f 4073/4224/3177 4079/4230/3183 4074/4225/3178
f 4074/4225/3178 4079/4230/3183 4080/4231/3184
f 4074/4225/3178 4080/4231/3184 4075/4226/3179
f 4076/4227/3180 4081/4232/3185 4077/4228/3181
f 4077/4228/3181 4082/4233/3186 4083/4234/3187
f 4077/4228/3181 4083/4234/3187 4078/4229/3182
f 4077/4228/3181 4081/4232/3185 4082/4233/3186
f 4078/4229/3182 4083/4234/3187 4084/4235/3188
f 4078/4229/3182 4084/4235/3188 4079/4230/3183
f 4079/4230/3183 4084/4235/3188 4085/4236/3189
f 4079/4230/3183 4085/4236/3189 4080/4231/3184
f 4081/4232/3185 4086/4237/3190 4082/4233/3186
f 4082/4233/3186 4087/4238/3191 4088/4239/3192
f 4082/4233/3186 4088/4239/3192 4083/4234/3187
f 4082/4233/3186 4086/4237/3190 4087/4238/3191
f 4083/4234/3187 4088/4239/3192 4089/4240/3193
f 4083/4234/3187 4089/4240/3193 4084/4235/3188
f 4084/4235/3188 4089/4240/3193 4090/4241/3194
f 4084/4235/3188 4090/4241/3194 4085/4236/3189
f 4086/4237/3190 4091/4242/3195 4087/4238/3191
f 4087/4238/3191 4092/4243/3196 4088/4239/3192
f 4087/4238/3191 4093/4244/3197 4092/4243/3196
f 4087/4238/3191 4091/4242/3195 4093/4244/3197
f 4088/4239/3192 4094/4245/3198 4089/4240/3193
f 4088/4239/3192 4092/4243/3196 4094/4245/3198
f 4089/4240/3193 4094/4245/3198 4095/4246/3199
f 4089/4240/3193 4095/4246/3199 4090/4241/3194
f 4092/4243/3196 4096/4247/3200 4094/4245/3198
f 4092/4243/3196 4097/4248/3201 4096/4247/3200
f 4092/4243/3196 4093/4244/3197 4097/4248/3201
f 4093/4244/3197 4098/4249/3202 4097/4248/3201
f 4094/4245/3198 4096/4247/3200 4099/4250/3203
f 4094/4245/3198 4099/4250/3203 4095/4246/3199
f 4096/4247/3200 4100/4251/3204 4099/4250/3203
f 4096/4247/3200 4097/4248/3201 4101/4252/3205
f 4096/4247/3200 4101/4252/3205 4100/4251/3204
f 4097/4248/3201 4102/4253/3206 4101/4252/3205
f 4097/4248/3201 4098/4249/3202 4102/4253/3206
f 4100/4251/3204 4101/4252/3205 4103/4254/3207
f 4105/4255/3208 4106/4256/3209 4107/4257/3210
f 4105/4255/3208 4107/4257/3210 4108/4258/3211
f 4106/4256/3209 4109/4259/3212 4110/4260/3213
f 4106/4256/3209 4110/4260/3213 4111/4261/3214
f 4106/4256/3209 4112/4262/3215 4107/4257/3210
f 4106/4256/3209 4111/4261/3214 4112/4262/3215
f 4107/4257/3210 4113/4263/3216 4114/4264/3217
f 4107/4257/3210 4114/4264/3217 4115/4265/3218
f 4107/4257/3210 4112/4262/3215 4113/4263/3216
f 4107/4257/3210 4115/4265/3218 4108/4258/3211
f 4109/4259/3212 4116/4266/3219 4110/4260/3213
f 4110/4260/3213 4116/4266/3219 4117/4267/3220
f 4110/4260/3213 4117/4267/3220 4118/4268/3221
f 4110/4260/3213 4118/4268/3221 4111/4261/3214
f 4111/4261/3214 4118/4268/3221 4112/4262/3215
f 4112/4262/3215 4118/4268/3221 4113/4263/3216
f 4113/4263/3216 4119/4269/3222 4120/4270/3223
f 4113/4263/3216 4120/4270/3223 4114/4264/3217
f 4113/4263/3216 4118/4268/3221 4119/4269/3222
f 4114/4264/3217 4121/4271/3224 4122/4272/3225
f 4114/4264/3217 4123/4273/3226 4121/4271/3224
f 4114/4264/3217 4120/4270/3223 4123/4273/3226
f 4114/4264/3217 4122/4272/3225 4115/4265/3218
f 4117/4267/3220 4119/4269/3222 4118/4268/3221
f 4119/4269/3222 4124/3832/3227 4120/4270/3223
f 4120/4270/3223 4124/3832/3227 4125/3834/3228
f 4120/4270/3223 4125/3834/3228 4123/4273/3226
f 4121/4271/3224 4126/4274/3229 4127/4275/3230
f 4121/4271/3224 4123/4273/3226 4126/4274/3229
f 4123/4273/3226 4125/3834/3228 4126/4274/3229
f 4125/3834/3228 4130/3836/3231 4126/4274/3229
f 4126/4274/3229 4130/3836/3231 4131/4276/3232
f 4130/3836/3231 4133/3838/3233 4131/4276/3232
f 4131/4276/3232 4133/3838/3233 4135/4277/3234
f 4132/3837/3235 4136/4278/3236 4137/4279/3237
f 4132/3837/3235 4137/4279/3237 4133/3838/3233
f 4133/3838/3233 4137/4279/3237 4135/4277/3234
f 4135/4277/3234 4137/4279/3237 4138/4280/3238
f 4135/4277/3234 4138/4280/3238 4139/4281/3239
f 4135/4277/3234 4139/4281/3239 4140/4282/3240
f 4136/4278/3236 4143/4283/3241 4144/4284/3242
f 4136/4278/3236 4145/4285/3243 4137/4279/3237
f 4136/4278/3236 4144/4284/3242 4145/4285/3243
f 4137/4279/3237 4145/4285/3243 4138/4280/3238
f 4138/4280/3238 4145/4285/3243 4146/4286/3244
f 4138/4280/3238 4146/4286/3244 4139/4281/3239
f 4142/4287/3245 4147/4288/3246 4143/4283/3241
f 4143/4283/3241 4147/4288/3246 4144/4284/3242
f 4144/4284/3242 4147/4288/3246 4148/4289/3247
f 4144/4284/3242 4149/4290/3248 4145/4285/3243
f 4144/4284/3242 4148/4289/3247 4149/4290/3248
f 4145/4285/3243 4149/4290/3248 4146/4286/3244
f 4146/4286/3244 4150/4291/3249 4151/4292/3250
f 4146/4286/3244 4149/4290/3248 4150/4291/3249
f 4147/4288/3246 4152/4293/3251 4148/4289/3247
f 4148/4289/3247 4152/4293/3251 4154/4294/3252
f 4148/4289/3247 4154/4294/3252 4149/4290/3248
f 4149/4290/3248 4154/4294/3252 4150/4291/3249
f 4150/4291/3249 4154/4294/3252 4152/4293/3251
f 4150/4291/3249 4155/4295/3253 4151/4292/3250
f 4156/4296/3254 4157/4297/3255 4158/4298/3256
f 4156/4296/3254 4159/4299/3257 4157/4297/3255
f 4156/4296/3254 4158/4298/3256 4160/4300/3258
f 4156/4296/3254 4160/4300/3258 4159/4299/3257
f 4157/4297/3255 4161/4301/3259 4162/4302/3260
f 4157/4297/3255 4163/4303/3261 4161/4301/3259
f 4157/4297/3255 4164/4304/3262 4163/4303/3261
f 4157/4297/3255 4162/4302/3260 4158/4298/3256
f 4157/4297/3255 4159/4299/3257 4164/4304/3262
f 4158/4298/3256 4165/4305/3263 4160/4300/3258
f 4158/4298/3256 4162/4302/3260 4165/4305/3263
f 4159/4299/3257 4160/4300/3258 4166/4306/3264
f 4159/4299/3257 4166/4306/3264 4164/4304/3262
f 4161/4301/3259 4167/4307/3265 4168/4308/3266
f 4161/4301/3259 4168/4308/3266 4169/4309/3267
f 4161/4301/3259 4163/4303/3261 4167/4307/3265
f 4161/4301/3259 4169/4309/3267 4162/4302/3260
f 4162/4302/3260 4169/4309/3267 4170/4310/3268
f 4162/4302/3260 4170/4310/3268 4165/4305/3263
f 4163/4303/3261 4171/4311/3269 4167/4307/3265
f 4163/4303/3261 4164/4304/3262 4171/4311/3269
f 4164/4304/3262 4166/4306/3264 4172/4312/3270
f 4164/4304/3262 4172/4312/3270 4171/4311/3269
f 4165/4305/3263 4173/4313/3271 4174/4314/3272
f 4165/4305/3263 4170/4310/3268 4173/4313/3271
f 4165/4305/3263 4174/4314/3272 4160/4300/3258
f 4166/4306/3264 4160/4300/3258 4175/4315/3273
f 4166/4306/3264 4175/4315/3273 4172/4312/3270
f 4169/4309/3267 4168/4308/3266 4176/4316/3274
f 4169/4309/3267 4176/4316/3274 4177/4317/3275
f 4169/4309/3267 4177/4317/3275 4170/4310/3268
f 4170/4310/3268 4177/4317/3275 4173/4313/3271
f 4171/4311/3269 4172/4312/3270 4178/4318/3276
f 4171/4311/3269 4178/4318/3276 4179/4319/3277
f 4171/4311/3269 4179/4319/3277 4167/4307/3265
f 4172/4312/3270 4175/4315/3273 4180/4320/3278
f 4172/4312/3270 4180/4320/3278 4178/4318/3276
f 4174/4314/3272 4181/4321/3279 4160/4300/3258
f 4174/4314/3272 4173/4313/3271 4181/4321/3279
f 4173/4313/3271 4182/4322/3280 4181/4321/3279
f 4173/4313/3271 4183/4323/3281 4182/4322/3280
f 4173/4313/3271 4177/4317/3275 4183/4323/3281
f 4175/4315/3273 4160/4300/3258 4184/4324/3282
f 4175/4315/3273 4184/4324/3282 4180/4320/3278
f 4177/4317/3275 4176/4316/3274 4185/4325/3283
f 4177/4317/3275 4185/4325/3283 4183/4323/3281
f 4176/4316/3274 4186/4326/3284 4185/4325/3283
f 4180/4320/3278 4184/4324/3282 4187/4327/3285
f 4180/4320/3278 4187/4327/3285 4188/4328/3286
f 4180/4320/3278 4188/4328/3286 4178/4318/3276
f 4181/4321/3279 4189/4329/3287 4160/4300/3258
f 4181/4321/3279 4182/4322/3280 4189/4329/3287
f 4183/4323/3281 4190/4330/3288 4182/4322/3280
f 4183/4323/3281 4191/4331/3289 4190/4330/3288
f 4183/4323/3281 4185/4325/3283 4191/4331/3289
f 4185/4325/3283 4192/4332/3290 4191/4331/3289
f 4185/4325/3283 4186/4326/3284 4192/4332/3290
f 4168/4308/3266 4167/4307/3265 4193/4333/3291
f 4189/4329/3287 4182/4322/3280 4194/4334/3292
f 4189/4329/3287 4194/4334/3292 4195/4335/3293
f 4189/4329/3287 4195/4335/3293 4160/4300/3258
f 4190/4330/3288 4191/4331/3289 4196/4336/3294
f 4190/4330/3288 4196/4336/3294 4197/4337/3295
f 4190/4330/3288 4197/4337/3295 4194/4334/3292
f 4190/4330/3288 4194/4334/3292 4182/4322/3280
f 4191/4331/3289 4198/4338/3296 4196/4336/3294
f 4191/4331/3289 4192/4332/3290 4198/4338/3296
f 4193/4333/3291 4167/4307/3265 4199/4339/3297
f 4167/4307/3265 4179/4319/3277 4199/4339/3297
f 4194/4334/3292 4197/4337/3295 4200/4340/3298
f 4194/4334/3292 4200/4340/3298 4195/4335/3293
f 4195/4335/3293 4200/4340/3298 4201/4341/3299
f 4195/4335/3293 4202/4342/3300 4160/4300/3258
f 4195/4335/3293 4201/4341/3299 4202/4342/3300
f 4196/4336/3294 4203/4343/3301 4197/4337/3295
f 4196/4336/3294 4198/4338/3296 4203/4343/3301
f 4197/4337/3295 4203/4343/3301 4204/4344/3302
f 4197/4337/3295 4204/4344/3302 4205/4345/3303
f 4197/4337/3295 4205/4345/3303 4200/4340/3298
f 4179/4319/3277 4178/4318/3276 4206/4346/3304
f 4200/4340/3298 4205/4345/3303 4201/4341/3299
f 4201/4341/3299 4207/4347/3305 4202/4342/3300
f 4201/4341/3299 4208/4348/3306 4207/4347/3305
f 4201/4341/3299 4205/4345/3303 4208/4348/3306
f 4202/4342/3300 4209/4349/3307 4160/4300/3258
f 4202/4342/3300 4207/4347/3305 4209/4349/3307
f 4203/4343/3301 4210/4350/3308 4204/4344/3302
f 4204/4344/3302 4211/4351/3309 4205/4345/3303
f 4205/4345/3303 4211/4351/3309 4208/4348/3306
f 4178/4318/3276 4188/4328/3286 4206/4346/3304
f 4206/4346/3304 4188/4328/3286 4213/4352/3310
f 4206/4346/3304 4213/4352/3310 4212/4353/3311
f 4207/4347/3305 4214/4354/3312 4215/4355/3313
f 4207/4347/3305 4208/4348/3306 4214/4354/3312
f 4207/4347/3305 4215/4355/3313 4209/4349/3307
f 4208/4348/3306 4216/4356/3314 4214/4354/3312
f 4208/4348/3306 4211/4351/3309 4216/4356/3314
f 4209/4349/3307 4217/4357/3315 4160/4300/3258
f 4209/4349/3307 4215/4355/3313 4217/4357/3315
f 4188/4328/3286 4218/4358/3316 4219/4359/3317
f 4188/4328/3286 4187/4327/3285 4218/4358/3316
f 4188/4328/3286 4219/4359/3317 4213/4352/3310
f 4213/4352/3310 4219/4359/3317 4220/4360/3318
f 4216/4356/3314 4221/4361/3319 4214/4354/3312
f 4217/4357/3315 4222/4362/3320 4160/4300/3258
f 4217/4357/3315 4215/4355/3313 4222/4362/3320
f 4218/4358/3316 4223/4363/3321 4224/4364/3322
f 4218/4358/3316 4187/4327/3285 4223/4363/3321
f 4218/4358/3316 4224/4364/3322 4219/4359/3317
f 4219/4359/3317 4224/4364/3322 4225/4365/3323
f 4219/4359/3317 4225/4365/3323 4220/4360/3318
f 4187/4327/3285 4184/4324/3282 4226/4366/3324
f 4187/4327/3285 4226/4366/3324 4223/4363/3321
f 4221/4361/3319 4227/4367/3325 4228/4368/3326
f 4221/4361/3319 4229/4369/3327 4227/4367/3325
f 4221/4361/3319 4228/4368/3326 4214/4354/3312
f 4224/4364/3322 4223/4363/3321 4230/4370/3328
f 4224/4364/3322 4230/4370/3328 4225/4365/3323
f 4223/4363/3321 4231/4371/3329 4232/4372/3330
f 4223/4363/3321 4232/4372/3330 4230/4370/3328
f 4223/4363/3321 4226/4366/3324 4231/4371/3329
f 4184/4324/3282 4233/4373/3331 4226/4366/3324
f 4184/4324/3282 4160/4300/3258 4233/4373/3331
f 4226/4366/3324 4233/4373/3331 4231/4371/3329
f 4228/4368/3326 4227/4367/3325 4234/4374/3332
f 4228/4368/3326 4234/4374/3332 4235/4375/3333
f 4228/4368/3326 4235/4375/3333 4215/4355/3313
f 4228/4368/3326 4215/4355/3313 4214/4354/3312
f 4230/4370/3328 4232/4372/3330 4236/4376/3334
f 4231/4371/3329 4237/4377/3335 4232/4372/3330
f 4231/4371/3329 4238/4378/3336 4237/4377/3335
f 4231/4371/3329 4233/4373/3331 4238/4378/3336
f 4232/4372/3330 4239/4379/3337 4236/4376/3334
f 4232/4372/3330 4237/4377/3335 4239/4379/3337
f 4233/4373/3331 4160/4300/3258 4238/4378/3336
f 4234/4374/3332 4227/4367/3325 4240/4380/3338
f 4234/4374/3332 4240/4380/3338 4241/4381/3339
f 4234/4374/3332 4242/4382/3340 4235/4375/3333
f 4234/4374/3332 4241/4381/3339 4242/4382/3340
f 4235/4375/3333 4242/4382/3340 4222/4362/3320
f 4235/4375/3333 4222/4362/3320 4215/4355/3313
f 4236/4376/3334 4239/4379/3337 4243/4383/3341
f 4238/4378/3336 4244/4384/3342 4237/4377/3335
f 4238/4378/3336 4245/4385/3343 4244/4384/3342
f 4238/4378/3336 4160/4300/3258 4245/4385/3343
f 4239/4379/3337 4237/4377/3335 4243/4383/3341
f 4237/4377/3335 4244/4384/3342 4243/4383/3341
f 4240/4380/3338 4246/4386/3344 4247/4387/3345
f 4240/4380/3338 4247/4387/3345 4241/4381/3339
f 4241/4381/3339 4247/4387/3345 4248/4388/3346
f 4241/4381/3339 4248/4388/3346 4242/4382/3340
f 4242/4382/3340 4248/4388/3346 4249/4389/3347
f 4242/4382/3340 4249/4389/3347 4222/4362/3320
f 4222/4362/3320 4249/4389/3347 4160/4300/3258
f 4243/4383/3341 4244/4384/3342 4250/4390/3348
f 4244/4384/3342 4253/4391/3349 4250/4390/3348
f 4244/4384/3342 4245/4385/3343 4253/4391/3349
f 4246/4386/3344 4254/4392/3350 4255/4393/3351
f 4246/4386/3344 4255/4393/3351 4247/4387/3345
f 4247/4387/3345 4256/4394/3352 4248/4388/3346
f 4247/4387/3345 4255/4393/3351 4256/4394/3352
f 4248/4388/3346 4256/4394/3352 4257/4395/3353
f 4248/4388/3346 4257/4395/3353 4258/4396/3354
f 4248/4388/3346 4258/4396/3354 4249/4389/3347
f 4249/4389/3347 4258/4396/3354 4160/4300/3258
f 4250/4390/3348 4259/4397/3355 4251/4398/3356
f 4250/4390/3348 4253/4391/3349 4259/4397/3355
f 4251/4398/3356 4260/4399/3357 4252/4400/3358
f 4251/4398/3356 4259/4397/3355 4260/4399/3357
f 4253/4391/3349 4261/4401/3359 4259/4397/3355
f 4253/4391/3349 4245/4385/3343 4261/4401/3359
f 4256/4394/3352 4262/4402/3360 4263/4403/3361
f 4256/4394/3352 4255/4393/3351 4262/4402/3360
f 4256/4394/3352 4263/4403/3361 4257/4395/3353
f 4257/4395/3353 4263/4403/3361 4160/4300/3258
f 4257/4395/3353 4160/4300/3258 4258/4396/3354
f 4160/4300/3258 4264/4404/3362 4245/4385/3343
f 4160/4300/3258 4265/4405/3363 4264/4404/3362
f 4160/4300/3258 4263/4403/3361 4265/4405/3363
f 4260/4399/3357 4267/4406/3364 4266/4407/3365
f 4260/4399/3357 4259/4397/3355 4267/4406/3364
f 4259/4397/3355 4261/4401/3359 4268/4408/3366
f 4259/4397/3355 4268/4408/3366 4267/4406/3364
f 4261/4401/3359 4264/4404/3362 4268/4408/3366
f 4261/4401/3359 4245/4385/3343 4264/4404/3362
f 4262/4402/3360 4268/4408/3366 4265/4405/3363
f 4262/4402/3360 4267/4406/3364 4268/4408/3366
f 4262/4402/3360 4265/4405/3363 4263/4403/3361
f 4262/4402/3360 4255/4393/3351 4267/4406/3364
f 4264/4404/3362 4265/4405/3363 4268/4408/3366
f 4266/4407/3365 4267/4406/3364 4254/4392/3350
f 4254/4392/3350 4267/4406/3364 4255/4393/3351
f 4186/4409/3284 3566/3842/2775 4192/4410/3290
f 4192/4410/3290 3566/3842/2775 3567/3844/2777
f 4192/4410/3290 3567/3844/2777 4198/4411/3296
f 4198/4411/3296 3567/3844/2777 3569/3846/2779
f 4198/4411/3296 3569/3846/2779 3670/3943/2876
f 3568/3843/2776 3653/4412/3367 3570/3845/2778
f 3569/3846/2779 3571/3847/2780 3673/3942/2875
f 3569/3846/2779 3673/3942/2875 3670/3943/2876
f 3570/3845/2778 3653/4412/3367 3572/3848/2781
f 3653/4412/3367 3573/3851/2784 3572/3848/2781
f 3653/4412/3367 3574/3854/2787 3573/3851/2784
f 3571/3847/2780 3575/3849/2782 3676/3946/2879
f 3571/3847/2780 3676/3946/2879 3673/3942/2875
f 3575/3849/2782 3580/3856/2789 3676/3946/2879
f 3577/3852/2785 3640/4413/2845 3582/3858/2791
f 3581/3857/2790 3686/3957/2890 3584/3860/2793
f 3581/3857/2790 3583/3859/2792 3686/3957/2890
f 3582/3858/2791 3640/4413/2845 3586/3862/2795
f 3583/3859/2792 3587/3863/2796 3686/3957/2890
f 3686/3957/2890 3587/3863/2796 3588/3866/2799
f 3585/3861/2794 3641/4414/3368 3589/3864/2797
f 3585/3861/2794 3586/3862/2795 3641/4414/3368
f 3588/3866/2799 3590/3865/2798 3615/4415/3369
f 3591/3867/2800 3592/3869/2802 3633/4416/3370
f 3591/3867/2800 3622/4417/2828 3593/3868/2801
f 3592/3869/2802 3596/3872/2805 3633/4416/3370
f 3633/4416/3370 3596/3872/2805 3641/4418/3368
f 3622/4417/2828 3620/4419/2827 3593/3868/2801
f 3593/3868/2801 3620/4419/2827 3597/3873/2806
f 3596/3872/2805 3602/3878/2811 3641/4418/3368
f 3641/4418/3368 3602/3878/2811 3589/4420/2797
f 3620/4419/2827 3603/3880/2813 3597/3873/2806
f 3600/3876/2809 3606/3882/2815 3697/3967/2900
f 3600/3876/2809 3697/3967/2900 3608/3884/2817
f 3602/3878/2811 3609/3885/2818 3589/4420/2797
f 3589/4420/2797 3609/3885/2818 3590/4421/2798
f 3603/3880/2813 3619/4422/3371 3604/3879/2812
f 3604/3879/2812 3619/4422/3371 3610/3886/2819
f 3697/3967/2900 3694/3962/2895 3608/3884/2817
f 3608/3884/2817 3694/3962/2895 3614/3890/2823
f 3609/3885/2818 3614/3890/2823 3590/4421/2798
f 3590/4421/2798 3614/3890/2823 3615/4423/3369
f 3619/4422/3371 4127/4424/3230 3610/3886/2819
f 3610/3886/2819 4127/4424/3230 3613/3889/2822
f 3611/3887/2820 3708/3984/2917 3612/3888/2821
f 3611/3887/2820 3616/3891/2824 3708/3984/2917
f 3613/3889/2822 4127/4424/3230 3617/3892/2825
f 3694/3962/2895 3691/3963/2896 3614/3890/2823
f 3614/3890/2823 3691/3963/2896 3615/4423/3369
f 3708/3984/2917 3616/3891/2824 3715/3985/2918
f 3616/3891/2824 3618/3893/2826 3715/3985/2918
f 3619/4425/3371 3603/4426/2813 4122/4427/3225
f 3603/4426/2813 3620/3894/2827 3621/3897/2830
f 3603/4426/2813 3621/3897/2830 4122/4427/3225
f 4122/4427/3225 3621/3897/2830 4115/4428/3218
f 3621/3897/2830 3624/3898/2831 4115/4428/3218
f 4115/4428/3218 3624/3898/2831 4108/4429/3211
f 3622/3895/2828 3591/4430/2800 3625/3899/2832
f 3624/3898/2831 3628/3902/2835 4108/4429/3211
f 4108/4429/3211 3628/3902/2835 4105/4431/3208
f 3625/3899/2832 3591/4430/2800 3631/3905/2838
f 3591/4430/2800 3633/4432/3370 3631/3905/2838
f 3628/3902/2835 3635/3908/2841 4105/4431/3208
f 4105/4431/3208 3635/3908/2841 3636/3915/2848
f 3631/3905/2838 3586/4433/2795 3640/3912/2845
f 3631/3905/2838 3633/4432/3370 3586/4433/2795
f 3633/4432/3370 3641/4434/3368 3586/4433/2795
f 3636/3915/2848 3643/3914/2847 4109/4435/3212
f 3639/3911/2844 3574/4436/2787 3645/3917/2850
f 3639/3911/2844 3577/4437/2785 3574/4436/2787
f 3639/3911/2844 3640/3912/2845 3577/4437/2785
f 3643/3914/2847 3648/3920/2853 4109/4435/3212
f 4109/4435/3212 3648/3920/2853 3649/3926/2859
f 3645/3917/2850 3574/4436/2787 3652/3923/2856
f 3574/4436/2787 3653/4438/3367 3652/3923/2856
f 3652/3923/2856 3568/4439/2776 3658/3929/2862
f 3652/3923/2856 3653/4438/3367 3568/4439/2776
f 3655/3925/2858 3661/3932/2865 4212/4440/3311
f 3655/3925/2858 4212/4440/3311 3656/3927/2860
f 3658/3929/2862 3566/4441/2775 3663/3934/2867
f 3658/3929/2862 3568/4439/2776 3566/4441/2775
f 3661/3932/2865 3664/3935/2868 4199/4442/3297
f 3662/3933/2866 4193/4443/3291 3664/3935/2868
f 3662/3933/2866 3665/3936/2869 4193/4443/3291
f 3663/3934/2867 4186/4444/3284 3665/3936/2869
f 3663/3934/2867 3566/4441/2775 4186/4444/3284
f 3664/3935/2868 4193/4443/3291 4199/4442/3297
f 3758/4445/2959 3666/4446/3372 3752/4447/2953
f 3666/4446/3372 3667/3937/2870 3752/4447/2953
f 3666/4446/3372 4210/4448/3308 3667/3937/2870
f 3752/4447/2953 3667/3937/2870 3745/4449/2946
f 3667/3937/2870 3668/3939/2872 3745/4449/2946
f 3667/3937/2870 4210/4448/3308 3669/3938/2871
f 4210/4448/3308 3670/3943/2876 3669/3938/2871
f 3745/4449/2946 3668/3939/2872 3737/4450/2940
f 3668/3939/2872 3671/3941/2874 3737/4450/2940
f 3737/4450/2940 3671/3941/2874 3730/4451/2939
f 3671/3941/2874 3675/3945/2878 3730/4451/2939
f 3730/4451/2939 3675/3945/2878 3677/3949/2882
f 3674/3944/2877 3580/3856/2789 3678/3947/2880
f 3674/3944/2877 3676/3946/2879 3580/3856/2789
f 3580/3856/2789 3579/3855/2788 3678/3947/2880
f 3678/3947/2880 3579/3855/2788 3681/3951/2884
f 3579/3855/2788 3584/3860/2793 3681/3951/2884
f 3681/3951/2884 3584/3860/2793 3684/3954/2887
f 3683/3953/2886 3685/3955/2888 3699/4452/2905
f 3584/3860/2793 3686/3957/2890 3684/3954/2887
f 3685/3955/2888 3688/3958/2891 3699/4452/2905
f 3686/3957/2890 3588/3866/2799 3687/3956/2889
f 3687/3956/2889 3690/4453/2897 3688/3958/2891
f 3687/3956/2889 3588/3866/2799 3690/4453/2897
f 3588/3866/2799 3615/4415/3369 3690/4453/2897
f 3615/4423/3369 3689/3959/2892 3690/3964/2897
f 3615/4423/3369 3691/3963/2896 3689/3959/2892
f 3690/3964/2897 3693/3961/2894 3688/4454/2891
f 3693/3961/2894 3698/3968/2901 3688/4454/2891
f 3688/4454/2891 3698/3968/2901 3699/3972/2905
f 3695/3965/2898 3606/3882/2815 3700/3969/2902
f 3695/3965/2898 3697/3967/2900 3606/3882/2815
f 3699/3972/2905 3702/3971/2904 3719/4455/2922
f 3606/3882/2815 3612/3888/2821 3703/3973/2906
f 3606/3882/2815 3703/3973/2906 3700/3969/2902
f 3702/3971/2904 3706/3976/2909 3719/4455/2922
f 3719/4455/2922 3706/3976/2909 3720/4456/2923
f 3612/3888/2821 3707/3977/2910 3703/3973/2906
f 3612/3888/2821 3708/3984/2917 3707/3977/2910
f 3706/3976/2909 3712/3981/2914 3720/4456/2923
f 3720/4456/2923 3712/3981/2914 3722/4457/2925
f 3710/3979/2912 3716/3986/2919 3742/4458/3373
f 3710/3979/2912 3742/4458/3373 3717/3987/2920
f 3711/3980/2913 3727/4459/2930 3712/3981/2914
f 3711/3980/2913 3717/3987/2920 3727/4459/2930
f 3712/3981/2914 3727/4459/2930 3722/4457/2925
f 3713/3982/2915 4140/4460/3240 3716/3986/2919
f 3713/3982/2915 3718/3988/2921 4140/4460/3240
f 3714/3983/2916 3618/3893/2826 3718/3988/2921
f 3714/3983/2916 3715/3985/2918 3618/3893/2826
f 3716/3986/2919 4140/4460/3240 3742/4458/3373
f 3699/4461/2905 3719/3989/2922 3683/4462/2886
f 3719/3989/2922 3721/3991/2924 3683/4462/2886
f 3683/4462/2886 3721/3991/2924 3680/4463/2883
f 3721/3991/2924 3724/3994/2927 3680/4463/2883
f 3680/4463/2883 3724/3994/2927 3677/4464/2882
f 3724/3994/2927 3729/3999/2932 3677/4464/2882
f 3677/4464/2882 3729/3999/2932 3730/4006/2939
f 3727/3997/2930 3717/4465/2920 3734/4003/2936
f 3733/4002/2935 4151/4466/3250 3740/4010/2943
f 3733/4002/2935 3734/4003/2936 4151/4466/3250
f 3734/4003/2936 3741/4467/3374 4151/4466/3250
f 3734/4003/2936 3717/4465/2920 3741/4467/3374
f 3717/4465/2920 3742/4468/3373 3741/4467/3374
f 3740/4010/2943 4155/4469/3253 3749/4017/2950
f 3740/4010/2943 4151/4466/3250 4155/4469/3253
f 3749/4017/2950 4153/4470/3375 3755/4023/2956
f 3755/4023/2956 4153/4470/3375 3762/4030/2963
f 3763/4031/2964 3765/4033/2966 4229/4471/3327
f 3763/4031/2964 4229/4471/3327 3764/4032/2965
f 3765/4033/2966 3770/4038/2971 4229/4471/3327
f 3773/4472/3376 3774/4041/2974 3830/4156/3008
f 3774/4041/2974 3776/4043/2976 3830/4156/3008
f 3773/4473/3376 3830/4097/3008 3831/4099/3009
f 3889/4156/3042 3890/4041/3044 3946/4472/3377
f 3946/4473/3377 3947/4099/3077 3889/4097/3042
f 3947/4099/3077 3949/4098/3077 3889/4097/3042
f 4005/4474/3378 4006/4157/3110 4098/4475/3202
f 4006/4157/3110 4007/4159/3112 4098/4475/3202
f 4098/4475/3202 4007/4159/3112 4102/4476/3206
f 4007/4159/3112 4010/4161/3114 4102/4476/3206
f 4102/4476/3206 4010/4161/3114 4012/4166/3119
f 4012/4166/3119 4015/4165/3118 4104/4477/3379
f 4015/4165/3118 4020/4171/3124 4104/4477/3379
f 4091/4242/3195 4005/4478/3378 4093/4244/3197
f 4093/4244/3197 4005/4478/3378 4098/4249/3202
f 4101/4252/3205 4102/4253/3206 4012/4479/3119
f 4101/4252/3205 4012/4479/3119 4103/4254/3207
f 4103/4254/3207 4012/4479/3119 4104/4480/3379
f 4105/4255/3208 3636/4481/2848 4106/4256/3209
f 4106/4256/3209 3636/4481/2848 4109/4259/3212
f 4109/4259/3212 3649/4482/2859 4116/4266/3219
f 3649/4482/2859 4220/4483/3318 4116/4266/3219
f 3649/4482/2859 3656/4484/2860 4220/4483/3318
f 4116/4266/3219 4220/4483/3318 4225/4485/3323
f 4116/4266/3219 4225/4485/3323 4117/4267/3220
f 4117/4267/3220 4225/4485/3323 4119/4269/3222
f 4119/4269/3222 4225/4485/3323 4124/3832/3227
f 4121/4271/3224 4127/4275/3230 3619/4486/3371
f 4121/4271/3224 3619/4486/3371 4122/4272/3225
f 4225/4485/3323 4230/3840/3328 4124/3832/3227
f 4126/4274/3229 4131/4276/3232 3617/4487/2825
f 4126/4274/3229 3617/4487/2825 4127/4275/3230
f 4131/4276/3232 4135/4277/3234 3718/4488/2921
f 4131/4276/3232 3618/4489/2826 3617/4487/2825
f 4131/4276/3232 3718/4488/2921 3618/4489/2826
f 4132/3837/3235 4134/3839/3380 4252/4490/3358
f 4132/3837/3235 4252/4490/3358 4136/4278/3236
f 4135/4277/3234 4140/4282/3240 3718/4488/2921
f 4252/4490/3358 4141/4491/3381 4142/4287/3245
f 4252/4490/3358 4142/4287/3245 4143/4283/3241
f 4252/4490/3358 4143/4283/3241 4136/4278/3236
f 4139/4281/3239 4146/4286/3244 3741/4492/3374
f 4139/4281/3239 3741/4492/3374 3742/4493/3373
f 4139/4281/3239 3742/4493/3373 4140/4282/3240
f 4141/4491/3381 3772/4494/2973 3768/4495/2969
f 4141/4491/3381 3768/4495/2969 4142/4287/3245
f 4142/4287/3245 3768/4495/2969 3762/4496/2963
f 4142/4287/3245 3762/4496/2963 4147/4288/3246
f 4146/4286/3244 4151/4292/3250 3741/4492/3374
f 3762/4496/2963 4152/4293/3251 4147/4288/3246
f 3762/4496/2963 4153/4497/3375 4152/4293/3251
f 4150/4291/3249 4152/4293/3251 3749/4498/2950
f 4150/4291/3249 3749/4498/2950 4155/4295/3253
f 4152/4293/3251 4153/4497/3375 3749/4498/2950
f 4176/4316/3274 3665/4499/2869 4186/4326/3284
f 4176/4316/3274 4168/4308/3266 3665/4499/2869
f 3665/4499/2869 4168/4308/3266 4193/4333/3291
f 4198/4338/3296 3670/4500/2876 4203/4343/3301
f 4199/4339/3297 4179/4319/3277 3661/4501/2865
f 4179/4319/3277 4206/4346/3304 3661/4501/2865
f 4203/4343/3301 3670/4500/2876 4210/4350/3308
f 4204/4344/3302 3666/4502/3372 4211/4351/3309
f 4204/4344/3302 4210/4350/3308 3666/4502/3372
f 3661/4501/2865 4206/4346/3304 4212/4353/3311
f 4211/4351/3309 3758/4503/2959 4216/4356/3314
f 4211/4351/3309 3666/4502/3372 3758/4503/2959
f 4212/4353/3311 4213/4352/3310 3656/4504/2860
f 4213/4352/3310 4220/4360/3318 3656/4504/2860
f 4216/4356/3314 3764/4505/2965 4221/4361/3319
f 4216/4356/3314 3758/4503/2959 3764/4505/2965
f 4221/4361/3319 3764/4505/2965 4229/4369/3327
f 4229/4369/3327 3770/4506/2971 4227/4367/3325
f 3770/4506/2971 3769/4507/2970 4240/4380/3338
f 3770/4506/2971 4240/4380/3338 4227/4367/3325
f 4236/4376/3334 4243/4383/3341 4134/4508/3380
f 4240/4380/3338 3769/4507/2970 4246/4386/3344
f 3769/4507/2970 3771/4509/2972 4246/4386/3344
f 4243/4383/3341 4250/4390/3348 4134/4508/3380
f 4134/4508/3380 4251/4398/3356 4252/4400/3358
f 4134/4508/3380 4250/4390/3348 4251/4398/3356
f 4246/4386/3344 3771/4509/2972 4254/4392/3350
f 3771/4509/2972 3772/4510/2973 4254/4392/3350
f 4252/4400/3358 4260/4399/3357 4141/4511/3381
f 3772/4510/2973 4141/4511/3381 4266/4407/3365
f 3772/4510/2973 4266/4407/3365 4254/4392/3350
f 4260/4399/3357 4266/4407/3365 4141/4511/3381
