# File generated by ImageToStl.com - Free Image and 3D model conversion tools

mtllib peach.mtl

o obj1
v -4.084717 35.09815 0.03442373
v -4.053223 36.18116 -0.6933595
v -3.762451 33.5691 -0.4624024
v -4.039551 36.86329 0.7451171
v -3.72168 35.18848 1.977051
v -3.64624 36.99341 2.183838
v -2.935791 36.28565 3.237305
v -2.867187 38.13184 3.348877
v -2.044922 36.46167 3.954834
v -1.839355 38.25025 4.175049
v -0.7792968 36.56128 4.363037
v 1.2E-07 38.37549 4.450684
v 1E-07 36.55201 4.444824
v 0.779297 36.56128 4.363037
v 1.839356 38.25025 4.175049
v 1.2E-07 38.37549 4.450684
v 2.044922 36.46167 3.954834
v 1.078613 36.05762 3.867676
v 2.087158 36.15039 3.636475
v 0.8461915 34.97901 3.80835
v 2.021484 34.83301 3.694336
v 0.8588868 34.08619 3.740234
v 1.976318 34.07911 3.459717
v 0.6306153 33.11621 4.246582
v 1.422608 32.99732 3.838135
v -0.8588867 34.08619 3.740234
v -1.422607 32.99756 3.838135
v -0.6306152 33.11621 4.246582
v -1.976318 34.07911 3.459717
v -2.021484 34.83301 3.694336
v -3.115967 34.23511 2.594482
v -3.137939 35.68531 2.905029
v 3.115967 34.23511 2.594482
v 3.137939 35.68531 2.905029
v 3.72168 35.18848 1.977051
v 2.935791 36.28565 3.237305
v 3.64624 36.99341 2.183838
v 2.867188 38.13184 3.348877
v -0.3112792 34.18921 3.89502
v -0.8461913 34.97901 3.80835
v -0.4033202 35.20728 3.936035
v -1.078613 36.05762 3.867676
v 0.4033204 35.20728 3.936035
v 0.3112794 34.18921 3.89502
v -3.629883 34.12403 1.764404
v -3.035156 33.16382 2.415039
v -2.105225 32.93677 3.383789
v 2.105225 32.93677 3.383789
v 3.035156 33.16382 2.415039
v 3.629883 34.12403 1.764404
v -2.087158 36.15039 3.636475
v 9E-08 35.19507 4.130859
v 0.4033204 35.20728 3.936035
v 1E-07 36.55201 4.444824
v 4.053223 36.18116 -0.6933594
v 4.084717 35.09815 0.03442383
v 3.762451 33.5691 -0.4624023
v 4.039551 36.86329 0.7451172
v 9E-08 35.19507 4.130859
v -0.4033202 35.20728 3.936035
vn -0.99738 0.00446 0.07239
vn -0.99164 -0.05103 -0.11865
vn -0.16125 -0.14404 -0.97638
vn -0.98877 -0.00421 0.14948
vn -0.90771 -0.07526 0.41278
vn -0.88745 -0.00671 0.46082
vn -0.7403 -0.10547 0.664
vn -0.73578 -0.01361 0.67712
vn -0.39282 -0.30182 0.86865
vn -0.43011 -0.02533 0.9024
vn -0.27966 -0.29059 0.9151
vn -0 -0.0144 0.99988
vn -0 -0.11511 0.99335
vn 0.27966 -0.29059 0.9151
vn 0.43011 -0.02533 0.9024
vn 0.39282 -0.30182 0.86865
vn 0.30273 -0.30499 0.90295
vn 0.37604 -0.31781 0.87036
vn 0.19812 -0.09259 0.97577
vn 0.39886 -0.14581 0.90533
vn 0.27545 0.10071 0.95605
vn 0.46918 -0.03528 0.88239
vn 0.41486 -0.00171 0.90991
vn 0.47974 -0.02362 0.87708
vn -0.27545 0.10071 0.95605
vn -0.47974 -0.02356 0.87708
vn -0.41486 -0.00171 0.90991
vn -0.46918 -0.03522 0.88245
vn -0.39886 -0.14581 0.90533
vn -0.72723 -0.14166 0.67163
vn -0.69958 -0.17627 0.6925
vn 0.72723 -0.14166 0.67163
vn 0.69958 -0.17627 0.6925
vn 0.90771 -0.07526 0.41278
vn 0.7403 -0.10547 0.664
vn 0.88745 -0.00671 0.46082
vn 0.73578 -0.01361 0.67712
vn -0.47968 0.18365 0.85803
vn -0.19812 -0.09259 0.97577
vn -0.40857 -0.19763 0.89111
vn -0.30273 -0.30499 0.90295
vn 0.40857 -0.19763 0.89111
vn 0.47968 0.18365 0.85803
vn -0.93097 -0.20898 0.29944
vn -0.81061 -0.26978 0.51971
vn -0.63263 -0.16919 0.7558
vn 0.63263 -0.16919 0.75574
vn 0.81061 -0.26978 0.51971
vn 0.93097 -0.20898 0.29944
vn -0.37604 -0.31781 0.87036
vn -0 -0.23267 0.97253
vn 0.99164 -0.05103 -0.11865
vn 0.99738 0.00446 0.07239
vn 0.16125 -0.14404 -0.97638
vn 0.98877 -0.00421 0.14948
vt 0.03543 0.35004
vt 0.01309 0.5914
vt 0.01337 0.28671
vt 0.0466 0.64941
vt 0.06918 0.36417
vt 0.08032 0.74319
vt 0.1532 0.56168
vt 0.16196 0.97928
vt 0.23654 0.6037
vt 0.2659 0.99139
vt 0.35446 0.62503
vt 0.44687 0.99161
vt 0.44992 0.6825
vt 0.64566 0.62503
vt 0.73422 0.99139
vt 0.55325 0.99161
vt 0.76355 0.6037
vt 0.67148 0.53342
vt 0.76828 0.54324
vt 0.65573 0.30859
vt 0.76547 0.28616
vt 0.65802 0.12515
vt 0.75739 0.13483
vt 0.62225 0.02005
vt 0.66748 0.00879
vt 0.3421 0.12515
vt 0.33261 0.00879
vt 0.37787 0.02005
vt 0.24274 0.13483
vt 0.23465 0.28616
vt 0.1329 0.16641
vt 0.14075 0.44455
vt 0.86722 0.16641
vt 0.85938 0.44455
vt 0.93094 0.36417
vt 0.84692 0.56168
vt 0.9198 0.74319
vt 0.83817 0.97928
vt 0.3959 0.13333
vt 0.34439 0.30859
vt 0.39905 0.34283
vt 0.32864 0.53342
vt 0.60104 0.34283
vt 0.60422 0.13333
vt 0.07504 0.15622
vt 0.14288 0.03134
vt 0.24756 0.00745
vt 0.75256 0.00745
vt 0.85724 0.03134
vt 0.92505 0.15622
vt 0.23184 0.54324
vt 0.54526 0.41727
vt 0.60001 0.41269
vt 0.5488 0.6825
vt 0.98703 0.5914
vt 0.96469 0.35004
vt 0.98676 0.28671
vt 0.95352 0.64941
vt 0.453 0.41727
vt 0.40012 0.41269
usemtl mat1
f 1/1/1 2/2/2 3/3/3
f 4/4/4 2/2/2 1/1/1
f 5/5/5 4/4/4 1/1/1
f 6/6/6 4/4/4 5/5/5
f 7/7/7 6/6/6 5/5/5
f 8/8/8 6/6/6 7/7/7
f 9/9/9 8/8/8 7/7/7
f 10/10/10 8/8/8 9/9/9
f 11/11/11 10/10/10 9/9/9
f 12/12/12 10/10/10 11/11/11
f 13/13/13 12/12/12 11/11/11
f 14/14/14 15/15/15 16/16/12
f 17/17/16 15/15/15 14/14/14
f 18/18/17 17/17/16 14/14/14
f 19/19/18 17/17/16 18/18/17
f 20/20/19 19/19/18 18/18/17
f 21/21/20 19/19/18 20/20/19
f 22/22/21 21/21/20 20/20/19
f 23/23/22 21/21/20 22/22/21
f 24/24/23 23/23/22 22/22/21
f 25/25/24 23/23/22 24/24/23
f 26/26/25 27/27/26 28/28/27
f 29/29/28 27/27/26 26/26/25
f 30/30/29 29/29/28 26/26/25
f 31/31/30 29/29/28 30/30/29
f 32/32/31 31/31/30 30/30/29
f 5/5/5 31/31/30 32/32/31
f 7/7/7 5/5/5 32/32/31
f 33/33/32 21/21/20 23/23/22
f 34/34/33 21/21/20 33/33/32
f 35/35/34 34/34/33 33/33/32
f 36/36/35 34/34/33 35/35/34
f 37/37/36 36/36/35 35/35/34
f 38/38/37 36/36/35 37/37/36
f 39/39/38 26/26/25 28/28/27
f 40/40/39 26/26/25 39/39/38
f 41/41/40 40/40/39 39/39/38
f 42/42/41 40/40/39 41/41/40
f 11/11/11 42/42/41 41/41/40
f 9/9/9 42/42/41 11/11/11
f 43/43/42 18/18/17 14/14/14
f 20/20/19 18/18/17 43/43/42
f 44/44/43 20/20/19 43/43/42
f 22/22/21 20/20/19 44/44/43
f 24/24/23 22/22/21 44/44/43
f 45/45/44 5/5/5 1/1/1
f 31/31/30 5/5/5 45/45/44
f 46/46/45 31/31/30 45/45/44
f 47/47/46 31/31/30 46/46/45
f 48/48/47 23/23/22 25/25/24
f 33/33/32 23/23/22 48/48/47
f 49/49/48 33/33/32 48/48/47
f 50/50/49 33/33/32 49/49/48
f 40/40/39 30/30/29 26/26/25
f 51/51/50 30/30/29 40/40/39
f 42/42/41 51/51/50 40/40/39
f 9/9/9 51/51/50 42/42/41
f 14/14/14 52/52/51 53/53/42
f 54/54/13 52/52/51 14/14/14
f 16/16/12 54/54/13 14/14/14
f 51/51/50 32/32/31 30/30/29
f 7/7/7 32/32/31 51/51/50
f 9/9/9 7/7/7 51/51/50
f 55/55/52 56/56/53 57/57/54
f 58/58/55 56/56/53 55/55/52
f 11/11/11 59/59/51 13/13/13
f 60/60/40 59/59/51 11/11/11
f 50/50/49 35/35/34 33/33/32
f 56/56/53 35/35/34 50/50/49
f 35/35/34 58/58/55 37/37/36
f 56/56/53 58/58/55 35/35/34
f 34/34/33 19/19/18 21/21/20
f 36/36/35 19/19/18 34/34/33
f 36/36/35 17/17/16 19/19/18
f 38/38/37 17/17/16 36/36/35
f 29/29/28 47/47/46 27/27/26
f 31/31/30 47/47/46 29/29/28
f 38/38/37 15/15/15 17/17/16
# Vertices: 60, normals: 55, texture coordinates: 60, faces: 78

o obj2
v 3.385307 39.19896 4.738068
v 4.874641 40.1088 2.06083
v 2.887373 41.23719 4.044697
v 5.423552 38.29913 2.786355
v 4.908913 36.79651 2.696779
v 6.652352 37.61056 1.336803
v 5.714668 36.09455 0.922136
v 7.464937 37.19327 0.03126918
v 5.939308 36.03641 -0.144618
v 7.480943 37.18846 -0.6242196
v 5.652624 37.56824 -1.068337
v 7.077925 37.88242 -0.9732027
v 5.885536 38.43006 0.3724313
v 6.777242 38.13699 0.3294544
v 7.796515 38.12082 -0.5270718
v -7.718299 18.22306 0.7401788
v -6.953999 18.70618 -2.838059
v -7.601612 17.87191 -2.953413
v -7.326724 18.90047 0.4771399
v -5.672131 19.91218 2.915082
v -7.248869 19.7578 0.2785288
v -6.065635 20.82108 0.1774668
v -5.668939 20.79025 -2.363655
v -4.246595 22.5584 -2.503742
v -5.348885 20.42128 -4.71642
v -3.345938 21.4136 -5.154955
v -5.767179 18.57443 -5.279782
v -1.406558 20.55568 -5.937017
v -5.55824 17.69387 -5.3257
v 3.345938 21.4136 -5.154955
v 1.406558 20.55568 -5.937018
v 0.6108951 21.95742 -4.83074
v 5.767179 18.57443 -5.27978
v 5.348885 20.42128 -4.71642
v 6.953999 18.70618 -2.838059
v 6.717119 19.67077 -2.794949
v 7.248869 19.7578 0.2785293
v 5.668939 20.79025 -2.363655
v 6.065635 20.82108 0.1774673
v 4.246595 22.5584 -2.503742
v 4.744681 22.50174 0.0989612
v -3.841231 22.4778 2.336051
v -1.3E-07 22.36954 3.219985
v -0.6323681 23.0194 2.550084
v -3.303546 21.04207 3.902936
v -6.384475 18.25421 3.061539
v -7.636387 17.12509 0.6455359
v -7.644485 16.89636 -2.974272
v -5.885535 38.43006 0.3724316
v -6.652352 37.61056 1.336804
v -4.874641 40.1088 2.06083
v -6.777239 38.13699 0.3294544
v -7.077924 37.88243 -0.9732038
v -7.796514 38.12082 -0.5270721
v -7.480942 37.18847 -0.6242207
v -7.464937 37.19327 0.03126987
v -5.93931 36.03641 -0.1446181
v -5.714666 36.09456 0.9221359
v 5.55824 17.69387 -5.325698
v 7.601612 17.87191 -2.953413
v 7.718299 18.22306 0.7401794
v 7.326724 18.90047 0.4771404
v 5.672131 19.91218 2.915082
v -6.176249 39.49356 1.145385
v -5.378525 40.18851 0.5657325
v -6.587911 39.02185 0.07665127
v -5.019341 39.15964 -0.5836542
v -6.886966 39.85568 -0.4361834
v -4.457747 40.0672 -0.5677012
v 3.454598 41.61164 2.982952
v 5.378523 40.18851 0.565733
v 6.176248 39.49356 1.145386
v 6.886965 39.85567 -0.4361834
v 6.587914 39.02184 0.07665138
v 5.019341 39.15964 -0.5836551
v 7.644485 16.89636 -2.974272
v 7.636387 17.12509 0.6455364
v 6.384475 18.25421 3.061539
v 3.303546 21.04207 3.902936
v 3.841231 22.4778 2.336052
v -2.82485 17.81084 -7.022265
v -0 14.60722 -9.017646
v -3.345916 14.44795 -8.193233
v 2E-08 18.12014 -7.572002
v -2.1938 21.33278 -5.051415
v 1E-07 21.3676 -5.508381
v 7E-08 23.5953 -1.863616
v 2.1938 21.33278 -5.051415
v 3.313691 14.20791 7.275505
v -3.2E-07 7.637445 9.925917
v 4.567975 0.5000012 11.0916
v -2.1E-07 14.50777 7.78384
v -1.3E-07 18.99684 5.72015
v -3.313691 14.20791 7.275504
v -2.97945 17.5611 5.899946
v -3.385307 39.19896 4.738068
v -2.887373 41.23719 4.044696
v -5.423552 38.29913 2.786355
v -4.908913 36.79651 2.696779
v 2.749331 23.51509 -2.323375
v 8E-08 23.50984 -2.337689
v 11.88968 -0.4428789 0.00787372
v 11.05733 0.5000007 -4.607134
v 11.56301 -0.4428789 -2.342003
v 11.69823 0.499996 -0.0037203
v 11.56301 -0.4428788 2.357751
v 11.04406 0.500001 4.59853
v -8.673186 -0.4428784 8.782477
v -11.04406 0.5000012 4.59853
v -9.954766 -0.4428784 6.745052
v -8.526454 0.4999993 8.590466
v -6.663717 -0.4428784 10.06828
v -4.567976 0.5000013 11.0916
v -11.69823 0.4999963 -0.00372058
v -8.606072 13.41119 -3.446684
v -11.05733 0.500001 -4.607134
v -9.093466 13.32856 -0.1614739
v -11.04406 0.5000012 4.59853
v -8.444658 13.24594 3.123736
v -11.88968 -0.4428786 0.00787344
v -11.56301 -0.4428786 -2.342004
v -11.56301 -0.4428785 2.35775
v 9.093466 13.32856 -0.1614736
v 7.398343 16.21435 2.982783
v 8.444658 13.24594 3.123736
v 8.184381 16.02103 -0.07223371
v 8.606072 13.41119 -3.446684
v 7.882832 15.82771 -3.127252
v -8.444658 13.24594 3.123736
v -6.435048 13.93904 5.853673
v -3.313691 14.20791 7.275504
v -2.97945 17.5611 5.899946
v -5.633392 17.13554 4.985575
v -2.645208 20.7287 3.979772
v -5.910997 19.18955 2.505491
v -8.556676 0.5000018 -8.612921
v -3.345916 14.44795 -8.193233
v -4.571405 0.5000074 -11.13919
v -6.465775 14.10026 -6.312308
v -11.05733 0.500001 -4.607134
v -8.606072 13.41119 -3.446684
v -9.96899 -0.4428788 -6.732149
v -8.701634 -0.4428788 -8.772418
v -6.677941 -0.4428789 -10.05538
v -1.3E-07 0.499994 -12.77324
v 3.345916 14.44795 -8.193233
v 4.571405 0.5000007 -11.13919
v -4.571405 0.5000074 -11.13919
v -3.454597 41.61164 2.982953
v -3.455421 41.75481 1.106841
v -2.82485 17.81084 -7.022265
v -5.767819 17.10064 -5.496825
v -7.882832 15.82771 -3.127252
v -6.969567 18.21797 -2.807821
v 8.556677 0.4999959 -8.612921
v 9.96899 -0.442879 -6.732149
v 11.05733 0.5000007 -4.607134
v 8.701634 -0.4428791 -8.772417
v 4.571405 0.5000007 -11.13919
v 6.677941 -0.4428791 -10.05538
v 0.6323679 23.0194 2.550084
v 2.616434 20.57614 4.259461
v -7.398343 16.21435 2.982783
v -8.184381 16.02103 -0.07223392
v -5.910997 19.18955 2.505491
v -6.969567 18.21797 -2.807821
v 8.606072 13.41119 -3.446684
v 6.465775 14.10026 -6.312307
v 3.345916 14.44795 -8.193233
v 8.526454 0.4999992 8.590466
v 6.663716 -0.4428785 10.06828
v 4.567975 0.5000012 11.0916
v 8.673186 -0.4428786 8.782478
v 11.04406 0.500001 4.59853
v 9.954766 -0.4428787 6.745052
v -6.717119 19.67077 -2.794949
v 2.82485 17.81084 -7.022264
v 5.767819 17.10064 -5.496825
v 2.1938 21.33278 -5.051415
v 6.969567 18.21797 -2.807821
v 3.313691 14.20791 7.275505
v 6.435047 13.93904 5.853674
v 8.444658 13.24594 3.123736
v 2.97945 17.5611 5.899947
v 5.633392 17.13554 4.985574
v 7.398343 16.21435 2.982783
v 3.455422 41.7548 1.106841
v 4.457747 40.0672 -0.567701
v -4.4E-07 0.4999984 12.67662
v -4.567976 0.5000013 11.0916
v -2.645208 20.7287 3.979772
v -1.3E-07 22.36954 3.219985
v 2.645208 20.7287 3.979772
v -5.652624 37.56824 -1.068337
v -4.5E-07 -0.4428784 13.03999
v -2.327125 -0.4428784 12.19704
v 2.327124 -0.4428791 -12.18129
v -1.4E-07 -0.4428791 -13.02425
v -2.327124 -0.442879 -12.18129
v -4.744681 22.50174 0.09896085
v -7.882832 15.82771 -3.127252
v 5.910997 19.18955 2.505491
v 2.645208 20.7287 3.979772
v -2.616434 20.57614 4.259461
v 6.969567 18.21797 -2.807821
v 5.910997 19.18955 2.505491
v -7.398343 16.21435 2.982783
v -2.1938 21.33278 -5.051415
v 2.82485 17.81084 -7.022264
v 2.327124 -0.4428785 12.19704
v -2.749331 23.51509 -2.323375
v -0.6108949 21.95742 -4.83074
v 2.97945 17.5611 5.899947
v 7.882832 15.82771 -3.127252
v -5.885535 38.43006 0.3724316
v -5.019341 39.15964 -0.5836542
v -5.652624 37.56824 -1.068337
v 5.885536 38.43006 0.3724313
v 5.652624 37.56824 -1.068337
v 5.019341 39.15964 -0.5836551
v 2.229686 29.6989 -0.636845
v 1.760734 29.85545 -0.818868
v 1.842352 29.64333 0.132212
v 2.055362 29.60627 -2.116492
v 2.408667 29.53832 -1.563157
v 2.72435 28.60744 -2.083789
v 2.39484 29.40644 0.388714
v 2.95258 28.32443 0.9059381
v 2.625834 28.74017 1.208494
v 3.302915 27.57099 1.399748
v 3.027023 26.73827 2.456154
v 3.413684 27.36549 0.6258841
v 3.587523 26.87513 -0.5213569
v 3.201272 27.55811 -1.876342
v 3.062192 26.69568 -2.027621
v 2.593974 27.97529 -2.469954
v 7E-08 26.7164 -3.042159
v 9E-08 28.01717 -3.123445
v -2.593974 27.97529 -2.469954
v -2.055362 29.60627 -2.116492
v -2.72435 28.60744 -2.083789
v -2.408667 29.53832 -1.563157
v -2.39484 29.40644 0.388714
v -2.229686 29.6989 -0.636845
v -1.842352 29.64333 0.132212
v -1.760734 29.85545 -0.818868
v -3.027023 26.73827 2.456154
v -2.625834 28.74017 1.208494
v -3.302915 27.57099 1.399748
v -1.172146 29.30297 1.128482
v -1.850622 26.63619 3.117132
v 4E-08 29.11611 1.650815
v -1E-08 26.60472 3.289155
v 1.850622 26.63619 3.117133
v 1.911822 25.72855 3.08789
v 2.951673 25.84754 2.362154
v 3.341168 25.86313 1.416245
v 2.698291 25.08129 1.243621
v 3.535064 25.81372 -0.261853
v 2.539184 23.80243 0.2498251
v 2.148234 23.9366 -0.69098
v 4E-08 23.82966 -1.535686
v 8E-08 23.50984 -2.337689
v -2.148234 23.9366 -0.6909801
v -3.81242 32.98003 0.1089379
v -3.81242 32.66668 -0.6475371
v -4.568893 32.66668 0.1089379
v -3.055944 32.66668 0.1089379
v -3.81242 32.66668 0.865413
v -3.81242 31.9102 1.178755
v -4.882235 31.9102 0.1089379
v -4.568893 31.15373 0.1089379
v -3.81242 31.15373 -0.6475371
v -3.81242 30.84039 0.108938
v -3.055944 31.15373 0.108938
v -3.81242 31.15373 0.865413
v -2.742603 31.9102 0.108938
v 3.812419 32.98003 0.108938
v 3.055944 32.66667 0.108938
v 3.812419 32.66668 0.865413
v 3.812419 32.66668 -0.647537
v 4.568893 32.66668 0.108938
v 3.812419 31.9102 -0.960879
v 4.882236 31.9102 0.108938
v 3.812419 31.15373 -0.6475369
v 4.568893 31.15373 0.1089381
v 3.812419 30.84039 0.108938
v 3.812419 31.15373 0.8654131
v 3.055944 31.15373 0.108938
v 2.742602 31.9102 0.108938
v 5.942522 30.26282 -4.866042
v 5.410173 29.18686 -4.46698
v 4.17336 29.90844 -4.971396
v 6.078113 29.11445 -3.676194
v 6.706349 29.67976 -4.37374
v 6.568529 30.30358 -3.366901
v 7.040475 31.79577 -4.649052
v 6.223711 31.37457 -3.278179
v 4.120397 30.9072 -4.807178
v 5.635744 32.10196 -3.032143
v 3.84184 34.47297 -5.536588
v 5.862189 34.47297 -3.032142
v 5.009651 37.78263 -2.961383
v -2.95258 28.32443 0.905938
v -3.413684 27.36549 0.6258839
v -3.587523 26.87513 -0.5213571
v -3.535064 25.81372 -0.261853
v -3.062192 26.69568 -2.027621
v -2.539184 23.80243 0.2498249
v 3.129232 28.72017 -1.497771
v 4.565814 30.04086 -1.229836
v 2.586731 32.34725 -0.395331
v 5.915668 24.60294 -2.365324
v 3.180322 23.10188 -2.006326
v 5.143742 21.74037 -2.897427
v 3.452302 19.84632 -4.513026
v 4.557775 20.1604 -5.269958
v 3.942768 18.59402 -6.600492
v 4.08824 20.4507 -6.236655
v 3.219379 20.57668 -6.294426
v 4.457993 24.82476 -6.276371
v 1.63314 25.00301 2.108623
v 0.6323679 23.0194 2.550084
v 2.067378 23.6401 1.315214
v -2E-08 24.90691 2.471311
v -2E-08 25.66892 3.211512
v -1.63314 25.00301 2.108624
v -1.911822 25.72855 3.08789
v -2.698291 25.08129 1.243621
v -2.951673 25.84754 2.362154
v -3.341168 25.86313 1.416244
v -4.565813 30.04086 -1.229836
v -3.12923 28.72017 -1.497771
v -2.586731 32.34725 -0.3953311
v -5.915668 24.60294 -2.365324
v -6.348568 24.86144 -3.982099
v -5.509817 21.7316 -4.325504
v -4.557775 20.1604 -5.269959
v -5.143742 21.74037 -2.897427
v -3.452303 19.84632 -4.513026
v -3.180323 23.10188 -2.006326
v -2.596844 20.20727 -5.046308
v -3.180323 23.10188 -2.006326
v 3.129232 28.72017 -1.497771
v -3.12923 28.72017 -1.497771
v 3.180322 23.10188 -2.006326
v -4E-08 22.16964 -2.49238
v 1.620803 18.83828 -5.784485
v 0.8881891 19.84283 -5.478932
v 0.9902551 19.35841 -6.678086
v 2E-08 18.75062 -5.539808
v -0.6332179 17.71119 -7.87621
v -1.16235 19.35841 -6.765891
v -1.291874 31.1986 -0.140524
v -2.003692 31.08451 1.043059
v -1.890577 31.38506 -0.140524
v -0.8128079 30.82455 0.684008
v -0.5978659 29.28477 0.881603
v 7E-08 30.60961 0.914994
v 0.597865 29.28477 0.881603
v 0.8128091 30.82455 0.684008
v 1.291875 31.1986 -0.140524
v 2.003692 31.08451 1.043059
v 1.890578 31.38506 -0.140524
v -2.058879 19.27435 -7.084385
v -1.402683 18.20653 -7.153474
v -2.626102 19.15848 -6.324347
v -1.47108 20.32615 -7.322286
v -2.436788 25.11364 -7.652774
v 1.1E-07 19.21787 -7.82227
v 2.2E-07 24.75426 -8.53553
v 2.436789 25.11364 -7.652776
v 1.49988 29.08381 -7.21951
v 1.997248 28.67353 -6.920847
v -1.289422 29.99384 -1.687891
v -1.41196 30.71446 -1.853053
v 1E-07 30.1049 -2.173043
v -1.97638 30.52485 -0.869748
v -1.760734 29.85545 -0.818868
v -2.052457 30.29163 0.158889
v -1.842352 29.64333 0.132212
v -1.372225 29.95191 1.237984
v -1.172146 29.30297 1.128482
v 4E-08 29.11611 1.650815
v -2.492341 39.5763 5.649836
v -2.887373 41.23719 4.044696
v -3.385307 39.19896 4.738068
v 1.4E-07 41.14647 5.622236
v 1.1E-07 39.5763 6.344955
v 2.492341 39.5763 5.649836
v 9E-08 37.59092 6.031713
v 2.633868 37.6633 5.373024
v 1E-07 36.24314 4.562134
v 1.147034 36.70561 4.476344
v -1.16235 19.35841 -6.765891
v -0.6332179 17.71119 -7.87621
v 1.330326 20.32615 -7.322287
v 2.05888 19.27435 -6.934135
v 4.457993 24.82476 -6.276371
v 3.219379 20.57668 -6.294426
v 1.085004 26.06852 3.437636
v -2E-08 25.92789 3.937192
v -2E-08 25.50391 3.678915
v 0.911815 26.37028 3.740634
v 1.557147 27.24501 2.949954
v 1.308594 27.39107 3.324589
v 1.085005 28.53564 2.435188
v 0.911815 28.46181 2.865279
v 4E-08 28.98611 2.220994
v 3E-08 28.85426 2.711986
v -2.067378 23.6401 1.315214
v -2.539184 23.80243 0.2498249
v -2.148234 23.9366 -0.6909801
v -0.5028539 31.27514 3.623104
v -1.188917 31.43852 3.352997
v -1.003872 30.51283 2.988992
v -0.611293 32.06202 4.079716
v 4E-08 31.22323 3.833258
v 5E-08 32.00301 4.232906
v 0.6112931 32.06202 4.079716
v 6E-08 33.05746 4.342741
v 0.6305301 33.11621 4.246598
v -1.277404 41.81064 -2.380547
v 2.1E-07 41.47143 0.7039779
v 2.5E-07 41.41674 -3.032142
v -2.780735 41.33786 -0.04301716
v -3.504332 40.58358 -2.401348
v -4.457747 40.0672 -0.5677012
v -5.009651 37.78263 -2.961383
v -3.035151 33.16375 2.414982
v -2.14453 31.85579 2.847175
v -2.105231 32.93689 3.383749
v -3.016117 32.03266 1.336528
v -3.529787 32.75608 0.5709119
v -1.890577 31.38506 -0.140524
v -3.617647 33.10039 0.08496393
v -2.452597 32.24771 -0.5734921
v -3.762474 33.56902 -0.4625011
v -2.067378 23.6401 1.315214
v -0.6323681 23.0194 2.550084
v -7E-08 23.26361 2.480463
v -1.3E-07 22.36954 3.219985
v -4.457993 24.82476 -6.276372
v -5.410172 29.18686 -4.46698
v -4.173359 29.90844 -4.971397
v -4.088238 20.4507 -6.236655
v -4.200102 18.7647 -6.853488
v 3.62982 34.12411 1.764472
v 3.787735 34.21609 0.35268
v 4.084661 35.09826 0.034307
v 3.529787 32.75608 0.570912
v 3.035151 33.16375 2.414982
v 3.016117 32.03265 1.336529
v 2.144529 31.85579 2.847175
v 2.07926 31.08035 2.289232
v 1.003873 30.51283 2.988992
v -2.157367 41.24273 -0.6916722
v -2.897482 44.76633 -0.6916722
v -1.525488 41.24273 -2.217161
v -1.767146 42.87932 1.059201
v -1.525488 41.24273 0.8338169
v 2.3E-07 44.76633 2.205808
v 1.9E-07 41.24273 1.465694
v 1.525489 41.24273 0.8338169
v 0.989077 30.48259 1.913136
v 6E-08 30.31029 1.913136
v -0.9890769 30.48259 1.913136
v 4E-08 30.21298 3.226575
v -1.003872 30.51283 2.988992
v -3.219378 20.57668 -6.294428
v -2.739893 19.92618 -5.909787
v -4.457993 24.82476 -6.276372
v -2.93186 28.83483 -6.501007
v -1.997248 28.67353 -6.920846
v -4.752645 33.02149 -0.8467991
v -4.565813 30.04086 -1.229836
v -2.586731 32.34725 -0.3953311
v -5.635744 32.10196 -3.032141
v -5.752865 34.78665 -0.2935581
v -5.862188 34.47297 -3.032141
v -5.93931 36.03641 -0.1446181
v -5.942524 30.26282 -4.866042
v -4.173359 29.90844 -4.971397
v -5.410172 29.18686 -4.46698
v -7.040474 31.79577 -4.649053
v -6.706347 29.67976 -4.37374
v -6.568527 30.30358 -3.366902
v -6.078114 29.11445 -3.676195
v 3.812419 31.9102 1.178755
v -4.275232 34.09062 1.378442
v -2.676199 31.94809 2.803861
v -3.52565 34.17623 1.995505
v -3.114828 32.2254 1.839982
v -3.629129 32.09637 1.411781
v -2.574442 31.06851 2.211433
v -3.144354 31.96733 0.9835799
v -0.8881879 19.84283 -5.478934
v -1.620802 18.83828 -5.784485
v -1.402683 18.20653 -7.153474
v 6.348569 24.86144 -3.982098
v 5.50982 21.7316 -4.325504
v -1.302571 32.22409 3.733751
v -1.422594 32.99749 3.838091
v -1.188917 31.43852 3.352997
v -1.003872 30.51283 2.988992
v -2.079259 31.08035 2.289232
v 2.148234 23.9366 -0.69098
v 2.539184 23.80243 0.2498251
v 2.067378 23.6401 1.315214
v -3.81242 31.9102 -0.9608791
v 1E-07 29.64454 -2.609921
v 4.275233 34.09062 1.378442
v 4.452386 35.26721 1.34396
v 3.828608 35.70767 2.120253
v 4.226338 34.86889 0.416044
v 3.629128 32.09637 1.411781
v 3.144354 31.96733 0.983581
v 2.574443 31.06851 2.211433
v 1.289422 29.99384 -1.687891
v 1E-07 30.1049 -2.173043
v -0.911815 26.37028 3.740634
v -1.557147 27.24501 2.949953
v -1.085005 26.06852 3.437634
v -1.308594 27.39107 3.324588
v -1.169285 27.34866 3.22214
v -0.911815 28.46181 2.865279
v -0.814746 28.32346 2.850054
v 2.7E-07 32.95432 -6.559465
v 3.468484 31.28922 -5.547148
v 0.8486722 31.19459 -6.629395
v 3.84184 34.47297 -5.536588
v 2.5E-07 37.79412 -6.453378
v 3.34792 38.00233 -5.334233
v 2.296635 40.53529 -4.63766
v 2.4623 38.02077 3.709366
v 4.908913 36.79651 2.696779
v 3.385307 39.19896 4.738068
v 3.46729 36.28616 2.857148
v 3.644611 35.70378 2.032598
v 3.828608 35.70767 2.120253
v 2.452598 32.24771 -0.573492
v 0.9890771 31.35217 -1.48375
v 1.194642 29.77677 -0.126748
v 0.9680181 29.93941 -1.286805
v 1E-07 29.96283 -1.806938
v -0.9890769 31.35217 -1.48375
v -0.9680169 29.93941 -1.286805
v -1.194643 29.77677 -0.126748
v -2E-08 26.04123 3.769527
v -0.814746 26.44244 3.596812
v 4.95679 33.94728 -0.579701
v 3.762475 33.56902 -0.462501
v 4.968512 34.99615 -0.455392
v 3.617646 33.10039 0.08496401
v 4.327012 33.02423 -0.00481297
v 5.410173 29.18686 -4.46698
v 4.17336 29.90844 -4.971396
v 6.078113 29.11445 -3.676194
v -3.219378 20.57668 -6.294428
v -2.739893 19.92618 -5.909787
v -3.201272 27.55811 -1.876342
v 0.9902551 19.35841 -6.678086
v 1.837289 18.31421 -7.068552
v -3.841841 34.47297 -5.536588
v -3.468483 31.28922 -5.547148
v -3.347919 38.00233 -5.334233
v -2.296634 40.53529 -4.63766
v 2.739894 19.92618 -5.909787
v 2.596844 20.20727 -5.046308
v -1.085005 28.53564 2.435188
v 3E-08 28.65607 2.674753
v -4.120396 30.9072 -4.807178
v -6.223709 31.37457 -3.278179
v 3.525653 34.17622 1.995504
v 3.644611 35.70378 2.032598
v 2.676199 31.94809 2.803862
v 3.11483 32.2254 1.839982
v 5.939308 36.03641 -0.144618
v 5.752866 34.78665 -0.293558
v 5.714668 36.09455 0.922136
v 4.452386 35.26721 1.34396
v 4.752645 33.02149 -0.846799
v 4.166631 34.61339 -0.35875
v 2.586731 32.34725 -0.395331
v 3.34792 38.00233 -5.334233
v 3.504333 40.58357 -2.401348
v 2.296635 40.53529 -4.63766
v 1.277403 41.81064 -2.380547
v -4.908913 36.79651 2.696779
v -2.462299 38.02077 3.709365
v -3.385307 39.19896 4.738068
v -3.467291 36.28616 2.857148
v -3.828606 35.70767 2.120253
v -3.647423 35.70379 2.032598
v 1.890578 31.38506 -0.140524
v 0.3112921 34.18931 3.895052
v 6E-08 33.4442 4.820992
v 0.6305301 33.11621 4.246598
v 8E-08 34.31832 4.159309
v 0.4033251 35.20733 3.936006
v 9E-08 35.19502 4.130784
v -1.586638 42.13776 3.157033
v 1.9E-07 41.77074 2.716067
v 1.586639 42.13776 3.157033
v 2.1E-07 41.47143 0.7039779
v -4.452387 35.26721 1.34396
v -4.16663 34.6134 -0.3587501
v -4.226337 34.8689 0.4160439
v -5.714666 36.09456 0.9221359
v 5E-08 29.72768 1.837145
v 0.98151 30.1954 1.50526
v 0.4907551 30.11443 1.717785
v 1.372225 29.95191 1.237984
v 1.172146 29.30297 1.128482
v 1.842352 29.64333 0.132212
v 2.780735 41.33786 -0.04301709
v 1.360807 42.00445 1.524856
v 2.1E-07 41.47143 0.7039779
v 1.586639 42.13776 3.157033
v -2.780735 41.33786 -0.04301716
v -1.360806 42.00445 1.524856
v -1.586638 42.13776 3.157033
v -1.767146 42.87931 -2.475093
v 2.5E-07 41.24273 -2.849039
v 3E-07 44.76632 -3.589153
v 1.767147 42.87931 -2.475093
v -3.828606 35.70767 2.120253
v -3.647423 35.70379 2.032598
v -4.452387 35.26721 1.34396
v -4.226337 34.8689 0.4160439
v 4.120397 30.9072 -4.807178
v 3.468484 31.28922 -5.547148
v 3.84184 34.47297 -5.536588
v 2.931861 28.83483 -6.501007
v 4.17336 29.90844 -4.971396
v -2.633867 37.6633 5.373024
v -2.462299 38.02077 3.709365
v -3.004093 29.05698 -8.386838
v -1.997248 28.67353 -6.920846
v -2.93186 28.83483 -6.501007
v -1.499881 29.08381 -7.21951
v -0.8486708 31.19459 -6.629395
v 1.41196 30.71446 -1.853053
v 1.289422 29.99384 -1.687891
v 1.97638 30.52485 -0.869748
v 1.880545 30.93129 -1.242003
v 2.105231 32.93689 3.383749
v 1.188918 31.43852 3.352996
v 1.302571 32.2241 3.733751
v -4.562006 35.26255 -0.1746931
v -4.084661 35.09826 0.0343069
v -4.968512 34.99615 -0.4553921
v -4.956789 33.94729 -0.5797011
v 0 27.64342 3.731488
v 0.814746 26.44244 3.596812
v -0.9815099 30.1954 1.50526
v 0.814746 28.32346 2.850054
v 2.596844 20.20727 -5.046308
v 2.739894 19.92618 -5.909787
v 1.837289 18.31421 -7.068552
v 4.565814 30.04086 -1.229836
v 3.787735 34.21609 0.35268
v 4.562006 35.26255 -0.174693
v 4.084661 35.09826 0.034307
v 4.968512 34.99615 -0.455392
v 4.95679 33.94728 -0.579701
v -2.922306 42.44572 -0.7073902
v -2.047002 41.88293 -0.1007822
v -2.10049 42.62483 0.1504828
v -2.231701 41.611 -0.7073902
v -2.047002 41.88293 -1.313999
v 2E-07 42.46114 2.207594
v -0.8578737 42.64033 1.385795
v -0.6066078 41.89844 1.332237
v -0.6066077 43.33716 1.645948
v 2.2E-07 43.50755 1.92707
v 0.6066082 43.33716 1.645948
v 0.8578742 42.64033 1.385795
v 0.6066082 41.89844 1.332237
v 2.7E-07 40.79792 -5.113786
v -1.277404 41.81064 -2.380547
v 1.277403 41.81064 -2.380547
v 2.5E-07 41.41674 -3.032142
v -2.626102 19.15848 -6.324347
v -2.739893 19.92618 -5.909787
v -2.596844 20.20727 -5.046308
v -1.147034 36.70561 4.476344
v 3.004094 29.05698 -8.386838
v 2.931861 28.83483 -6.501007
v 1.49988 29.08381 -7.21951
v 1.422595 32.99728 3.838091
v 1.302571 32.2241 3.733751
v 1.188918 31.43852 3.352996
v -1.302571 32.22409 3.733751
v -1.422594 32.99749 3.838091
v -0.6305289 33.11621 4.246598
v 0.502854 31.27514 3.623105
v 1.003873 30.51283 2.988992
v 4E-08 30.21298 3.226575
v 2.7E-07 42.46607 -3.611753
v 0.8578742 42.63916 -2.788647
v 0.6066082 41.89689 -2.74059
v 0.6066083 43.33791 -3.043627
v 2.8E-07 43.51038 -3.323479
v -0.6066077 43.33791 -3.043627
v -0.8578737 42.63916 -2.788647
v -0.6066077 41.89689 -2.74059
v 1.6E-07 36.28701 -0.6916721
v -1.767146 42.87931 -2.475093
v -2.897482 44.76633 -0.6916722
v 3E-07 44.76632 -3.589153
v 1.767147 42.87931 -2.475093
v 2.897481 44.76632 -0.6916721
v 1.767147 42.87931 1.059201
v 2.3E-07 44.76633 2.205808
v -2.003692 31.08451 1.043059
v 1.172146 29.30297 1.128482
v 2.922307 42.44571 -0.7073901
v 2.047002 41.88293 -1.313999
v 2.100491 42.62482 -1.565264
v 2.231701 41.61099 -0.7073901
v 2.047002 41.88293 -0.1007821
v 2.100491 42.62482 0.1504829
v 2.360577 43.32168 -0.1007821
v 2.641684 43.4921 -0.7073901
v 2.4E-07 29.07562 -7.495065
v -0.8486708 31.19459 -6.629395
v 2.7E-07 32.95432 -6.559465
v -1.499881 29.08381 -7.21951
v -4.327013 33.02424 -0.00481308
v 2.360577 43.32168 -1.313999
v 0.8486722 31.19459 -6.629395
v -4.173359 29.90844 -4.971397
v -4.120396 30.9072 -4.807178
v -1.676887 31.00302 -1.588818
v -1.880545 30.93129 -1.242003
v -6.078114 29.11445 -3.676195
v 1.997248 28.67353 -6.920847
v 2.133074 30.69703 -0.183577
v 2.108638 30.77829 -0.539382
v 2.052457 30.29163 0.158889
v 1.700679 30.38951 0.919233
v 1.929094 30.50264 0.545731
v 1.760734 29.85545 -0.818868
v -1.929094 30.50265 0.545731
v -1.700679 30.38951 0.919233
v -2.108638 30.77829 -0.539382
v -2.133074 30.69704 -0.183577
v 4.226338 34.86889 0.416044
v 4.457747 40.0672 -0.567701
v 2.780735 41.33786 -0.04301709
v 1.169285 27.34865 3.22214
v -2.296634 40.53529 -4.63766
v -3.347919 38.00233 -5.334233
v -3.841841 34.47297 -5.536588
v -0.4033239 35.20733 3.936006
v -0.3112919 34.18931 3.895053
v -2.360577 43.32169 -0.1007822
v -2.641684 43.49211 -0.7073902
v -2.360577 43.32169 -1.313999
v -2.10049 42.62483 -1.565264
v -0.6305289 33.11621 4.246598
v 2E-07 41.62648 1.51691
v -2.586731 32.34725 -0.3953311
v 2.586731 32.34725 -0.395331
v 2.887373 41.23719 4.044697
v 3.385307 39.19896 4.738068
v 2.4623 38.02077 3.709366
v 2.003692 31.08451 1.043059
v -1.289422 29.99384 -1.687891
v -3.468483 31.28922 -5.547148
v -3.841841 34.47297 -5.536588
v 2.07926 31.08035 2.289232
v 1.003873 30.51283 2.988992
v -2.079259 31.08035 2.289232
v 2.5E-07 41.62631 -2.927274
v -1.767146 42.87932 1.059201
v 4.327012 33.02423 -0.00481297
v 3.529787 32.75608 0.570912
v 1.767147 42.87931 1.059201
v 2.157367 41.24273 -0.6916721
v 2.897481 44.76632 -0.6916721
v 1.525489 41.24273 -2.217161
v -4.562006 35.26255 -0.1746931
v -3.787737 34.21609 0.3526799
v -4.084661 35.09826 0.0343069
v -4.968512 34.99615 -0.4553921
v -4.956789 33.94729 -0.5797011
v -4.327013 33.02424 -0.00481308
v 6E-08 33.4442 4.820992
v 0.6305301 33.11621 4.246598
v -0.6305289 33.11621 4.246598
v 4.562006 35.26255 -0.174693
v -3.787737 34.21609 0.3526799
v -3.62982 34.12411 1.764472
v -3.529787 32.75608 0.5709119
v 1.422595 32.99728 3.838091
v 1.676887 31.00302 -1.588818
v -0.4907549 30.11443 1.717785
v 2.739894 19.92618 -5.909787
v -1.984183 1.126008 0.8153911
v -1.833368 1.771319 -0.3635757
v -1.875063 1.002723 0.4657381
v -1.58485 3.79335 -0.2414709
v -1.001968 2.269093 1.062551
v -0.9938743 2.975675 0.7702407
v -0.1194003 1.126008 0.8153912
v -0.3940412 3.789324 -0.2470839
v -0.2385713 1.771319 -0.3635756
v -1.00037 3.821151 -0.6527839
v -1.011713 2.190526 -1.256347
v 0.05647066 1.46E-06 1.214588
v 0.1193997 1.126006 0.8153915
v 0.2479267 1.002721 0.4657375
v 0.2391237 0.4880054 1.630784
v 0.9535056 1.47E-06 3.373619
v 0.9535057 0.8993194 2.190066
v 1.860756 0.4880054 1.660612
v 1.001968 2.269091 1.062549
v 1.984183 1.126006 0.8153916
v 1.58485 3.79335 -0.2414725
v 1.833368 1.771318 -0.3635764
v 1.011713 2.190525 -1.256346
v -0.3940412 3.789324 -0.2470839
v -0.9881423 3.625181 0.5778248
v -0.9938743 2.975675 0.7702407
v -1.302154 8.62941 0.863348
v -0.1841481 8.574376 -0.436364
v -0.2548321 11.41646 0.2528647
v -0.3016661 10.68558 -0.6222935
v -0.2651621 11.79129 -0.5095391
v -1.232606 10.69656 -1.007322
v -1.229468 11.79129 -0.8075192
v -2.129225 11.79129 -0.4914303
v 0.9971799 3.946142 -0.6692245
v 1.000369 3.821151 -0.6527855
v 0.3940408 3.789324 -0.2470855
v 1.58485 3.79335 -0.2414725
v 2.357029 8.574375 -0.4211346
v 1.302153 8.629409 0.8633474
v 2.290312 11.43448 0.2702864
v 1.260506 10.76077 0.9467784
v 1.278736 11.35408 1.19129
v 0.2548309 11.41646 0.2528643
v 0.1841479 8.574376 -0.4363636
v 0.3016649 10.68558 -0.6222937
v 1.221673 8.570264 -1.324983
v 1.232605 10.69656 -1.007323
v 2.193986 10.68608 -0.5760146
v 2.129225 11.79129 -0.4914306
v -0.2391244 0.4880069 1.630784
v -0.9535065 3.43E-06 3.373619
v -0.05647239 3.01E-06 1.214588
v -0.9535064 0.8993208 2.190066
v -1.860756 0.4880069 1.660612
v -1.967353 3.03E-06 1.244416
v -1.58485 3.79335 -0.2414709
v -2.357029 8.574376 -0.4211341
v -2.290312 11.43448 0.2702857
v -1.260506 10.76077 0.9467785
v -1.278736 11.35408 1.191291
v 0.6352568 1.315362 -0.3441885
v 1.011713 1.42E-06 -0.5953454
v 1.388169 1.315362 -0.3441885
v 0.9193028 1.42E-06 -0.7588674
v 1.011714 1.396851 -0.9693045
v 1.104125 1.42E-06 -0.7588674
v -0.9971812 3.946143 -0.6692481
v -1.00037 3.821151 -0.6527839
v -1.221674 8.570265 -1.324983
v -2.193986 10.68608 -0.5760145
v -1.38817 1.315364 -0.3441878
v -1.011713 3.49E-06 -0.5953451
v -0.6352583 1.315364 -0.3441878
v -1.104125 3.53E-06 -0.7588671
v -1.011714 1.396852 -0.9693038
v -0.9193043 3.53E-06 -0.7588671
v 0.6352568 1.315362 -0.3441885
v 0.2479267 1.002721 0.4657375
v 0.2385698 1.771318 -0.3635765
v 1.875062 1.002721 0.4657376
v 1.388169 1.315362 -0.3441885
v 1.833368 1.771318 -0.3635764
v 1.229437 11.79129 -0.8075647
v 0.2651609 11.79129 -0.5095397
v 0.9881408 3.62518 0.5778486
v 0.9938728 2.975673 0.7702405
v 1.875062 1.002721 0.4657376
v 1.967353 1.43E-06 1.244416
v -0.2479283 1.002723 0.4657382
v -0.6352583 1.315364 -0.3441878
v -0.2385713 1.771319 -0.3635756
v -1.875063 1.002723 0.4657381
v -0.05647239 3.01E-06 1.214588
v 0.2385698 1.771318 -0.3635765
v 0.3940408 3.789324 -0.2470855
v 0.9938728 2.975673 0.7702405
v 1.000369 3.821151 -0.6527855
v -0.2385713 1.771319 -0.3635756
v -1.011713 2.190526 -1.256347
v -1.833368 1.771319 -0.3635757
v 0.05647066 1.46E-06 1.214588
v 1.967353 1.43E-06 1.244416
v 0.9535056 1.47E-06 3.373619
v -1.967353 3.03E-06 1.244416
v -0.9535065 3.43E-06 3.373619
v -1.38817 1.315364 -0.3441878
v -1.833368 1.771319 -0.3635757
v 0.2385698 1.771318 -0.3635765
v 1.011713 2.190525 -1.256346
v 1.833368 1.771318 -0.3635764
v -0.2479283 1.002723 0.4657382
v -5.234043 30.85834 -1.754942
v -6.001412 30.53558 -0.4594647
v -4.847279 31.3 -0.4594644
v -6.365007 29.84229 -0.4594646
v -6.001412 29.70329 -1.476673
v -5.797187 28.17177 -0.4594647
v -6.365007 28.7665 -1.927214
v -6.001412 27.74379 -2.113352
v -6.001412 28.85003 -2.460267
v -5.089515 27.85446 -3.280547
v -5.229047 29.96564 -2.771108
v -4.034686 28.27672 -3.452754
v -2.841692 30.09869 -3.032811
v -2.841692 26.45474 -3.032808
v -1.956908 29.84599 -2.48072
v -1.956908 26.70744 -2.480716
v -1.201501 28.27672 -1.505607
v -1.956908 25.98766 -0.459464
v -1.201501 27.03788 -0.4594645
v 5.089515 30.57611 1.198179
v 6.001412 30.53558 -0.4594643
v 4.847279 31.3 -0.4594641
v 6.365007 29.84229 -0.4594645
v 6.001412 29.70329 0.5577443
v 5.797187 28.17177 -0.4594642
v 6.365007 28.7665 1.008286
v 6.001412 27.74379 1.194423
v 6.001412 28.92189 1.48655
v 5.089515 27.39843 2.230666
v 5.089515 29.15501 2.230667
v 3.43819 27.38068 2.28529
v 3.438189 29.17275 2.285291
v 1.956908 28.98408 1.704598
v 3.438189 30.62258 1.231938
v 1.956908 30.12861 0.873049
v 2.841692 31.05272 -0.4594646
v 1.956908 30.56578 -0.4594644
v -3.43819 27.38068 2.28529
v -1.956908 26.42483 0.8730459
v -2.011563 27.73917 1.534726
v -3.438189 25.93086 1.231933
v -5.117672 26.04671 1.210123
v -4.860575 25.35794 -0.4594646
v -6.001412 26.53321 0.8631104
v -6.001412 26.53275 -0.4594647
v -6.365007 27.02581 0.4427014
v -5.797187 28.17177 -0.4594647
v -6.001412 27.74379 1.194423
v -6.365007 28.7665 1.008286
v -6.001412 28.92189 1.48655
v -6.001412 29.70329 0.5577437
v -5.089515 30.57611 1.198179
v -6.365007 29.84229 -0.4594646
v -6.001412 30.53558 -0.4594647
v 18.79437 28.75467 0.6289378
v 18.07969 28.59492 0.7632405
v 18.5551 28.59436 0.6857218
v 18.12721 28.89742 0.746438
v 18.13895 28.95429 0.5278372
v 17.24106 29.05878 0.7997363
v 17.2767 29.17956 0.5290892
v 16.36357 29.08849 0.8812195
v 16.5162 29.19108 0.1872315
v 16.38426 29.3007 -0.2200111
v 17.52165 29.14304 -0.1571514
v 17.45995 28.97896 -0.4306051
v 18.38187 28.77081 -0.1508349
v 18.33713 28.6571 -0.3875317
v 19.12688 28.37106 -0.2623973
v 18.81584 28.2351 -0.3236508
v -4.847279 31.3 -0.4594644
v -3.438189 30.62258 1.231938
v -5.089515 29.15501 2.230668
v -3.438189 29.17275 2.285292
v -1.956908 28.98407 1.704598
v -1.201501 28.27672 0.5383678
v -1.956908 25.98766 -0.459464
v -2.841691 25.50072 -0.459464
v 17.59035 27.44243 -1.450161
v 17.55934 27.53482 -1.620382
v 17.91812 27.55898 -1.561541
v 17.16342 27.77999 -1.663977
v 17.1008 27.69664 -1.44991
v 16.21123 28.15375 -1.709816
v 16.37013 28.41844 -1.188601
v 16.38783 28.33387 -0.8295583
v 17.19746 28.31533 -0.8295934
v 17.26206 28.4847 -0.5465634
v 17.80544 27.94028 -0.82582
v 17.90831 28.05071 -0.5848591
v 18.31565 27.63205 -0.8202116
v 18.36076 27.74246 -0.6430727
v 18.68303 27.69415 -0.7107914
v 1.201501 28.27672 0.5383679
v 2.011563 27.73917 1.534722
v 1.956908 26.42483 0.873046
v 3.438189 25.93086 1.231933
v 5.117672 26.04671 1.210123
v 4.860575 25.35794 -0.4594637
v 6.001412 26.53321 0.8631102
v 6.001412 26.53275 -0.4594638
v 6.365007 27.02581 0.442702
v -13.58428 28.76791 -1.428487
v -9.252628 27.35943 -1.57007
v -13.60372 27.89357 -1.406447
v -9.260794 28.80317 -1.569432
v -9.183112 29.23116 -0.5786682
v -8.441552 29.27432 -0.5779181
v -9.106781 28.99715 0.4172403
v -8.469829 28.97872 0.3374987
v -9.106169 27.31727 0.4494841
v -8.469829 27.32648 0.3601547
v -8.48332 27.32327 -1.567995
v -8.469828 28.84139 -1.566587
v -15.01283 27.70203 -1.319588
v -15.53214 28.05947 -1.77924
v -13.60372 27.89357 -1.406447
v -16.21123 28.15375 -1.709816
v -16.38783 28.33387 -0.8295579
v -16.37013 28.41844 -1.188601
v -17.19746 28.31534 -0.8295933
v -17.21825 28.39701 -1.101416
v -17.80544 27.94028 -0.8258203
v -17.86488 28.02028 -1.0379
v -18.31565 27.63205 -0.8202119
v -18.33429 27.71955 -0.9970915
v -18.67093 27.68964 -0.9505584
v 5.234043 30.85834 -1.754942
v 4.847279 31.3 -0.4594641
v 6.001412 30.53558 -0.4594643
v 2.841692 30.09869 -3.032811
v 5.229047 29.96564 -2.771107
v 4.034686 28.27672 -3.452755
v 5.089515 27.85446 -3.280547
v 2.841692 26.45474 -3.032808
v 5.229047 26.5878 -2.771105
v 5.202914 25.6986 -1.871758
v 6.001412 26.51773 -1.952469
v 4.860575 25.35794 -0.4594637
v 6.001412 26.53275 -0.4594638
v -18.67093 27.68964 -0.9505584
v -17.86488 28.02028 -1.0379
v -18.33429 27.71955 -0.9970915
v -18.03325 28.24146 -1.064786
v -18.14586 28.34628 -0.8326101
v -17.34543 28.72765 -1.110596
v -17.42088 28.89824 -0.8350194
v -16.3146 28.8816 -1.187
v -16.53763 29.15582 -0.5519504
v -16.38426 29.3007 -0.220011
v -17.45995 28.97896 -0.4306057
v -17.52165 29.14304 -0.1571523
v 17.9285 27.57072 -1.360836
v 17.23302 27.85445 -1.241096
v 17.59984 27.56167 -1.298452
v 17.41653 28.04949 -1.258711
v 17.42272 28.12301 -1.475409
v 17.05814 28.42468 -1.226274
v 17.0359 28.55494 -1.48311
v 16.3146 28.8816 -1.187
v 16.26088 28.64934 -1.753106
v 14.89569 28.82212 -1.648035
v 15.53214 28.05947 -1.779239
v 13.60372 27.89357 -1.406447
v 16.53763 29.15582 -0.5519504
v 17.42088 28.89824 -0.8350193
v 17.34543 28.72765 -1.110596
v 18.14586 28.34628 -0.8326101
v 18.03325 28.24146 -1.064786
v 18.67093 27.68964 -0.9505587
v 17.86488 28.02028 -1.037901
v 18.33429 27.71955 -0.9970915
v 16.40991 28.71394 0.1955696
v 16.37824 28.45321 -0.149529
v 17.41572 28.65363 0.1386208
v 16.38294 28.50178 0.8339095
v 17.23078 28.48768 0.5429834
v 17.24172 28.67928 0.8183469
v 18.06452 28.45204 0.5290498
v 18.07969 28.59492 0.7632405
v 18.55906 28.47952 0.526773
v 18.5551 28.59436 0.6857218
v 18.79437 28.75467 0.6289378
v -16.40991 28.71394 0.1955701
v -17.23078 28.48768 0.5429834
v -17.2561 28.65548 0.2736557
v -16.38294 28.50178 0.8339095
v -16.37824 28.45321 -0.1495289
v -15.74516 27.99784 0.7580971
v -15.25501 27.66464 0.6653702
v -14.29915 27.60666 -0.2573865
v -14.43845 27.63586 0.698832
v -13.59234 27.81593 0.3536819
v -17.37376 28.02088 -1.683322
v -16.21123 28.15375 -1.709816
v -17.16342 27.77999 -1.663977
v -17.00124 28.38489 -1.72565
v -17.0359 28.55493 -1.48311
v -16.26088 28.64934 -1.753106
v -14.89569 28.82212 -1.648036
v -14.92012 29.25522 -0.4258622
v -13.5996 29.0347 -0.5090815
v -13.61082 28.84978 0.2866664
v -16.42869 28.64869 -0.5013051
v -17.36935 28.46455 -0.1497743
v -17.41625 28.62197 -0.4297788
v -18.21362 28.24654 -0.1465715
v -18.25631 28.37407 -0.3848074
v -18.80287 28.13281 -0.1432386
v -18.81584 28.2351 -0.3236513
v -19.12688 28.37106 -0.2623981
v 16.42869 28.64869 -0.5013055
v 17.36935 28.46455 -0.1497743
v 18.21362 28.24654 -0.1465722
v 18.2618 28.41161 0.1030021
v 18.80286 28.13281 -0.1432393
v 18.81442 28.25317 0.0390251
v 19.12766 28.37286 -0.02729822
v 9.252628 27.35943 -1.57007
v 8.48332 27.32327 -1.567995
v 8.469829 28.8414 -1.566587
v 8.469828 27.32648 0.3601545
v 9.106169 27.31727 0.4494845
v 8.469828 28.97872 0.3374992
v 9.106781 28.99715 0.4172403
v 8.441552 29.27432 -0.5779173
v 9.183112 29.23116 -0.5786684
v 9.260794 28.80317 -1.569432
v 13.58428 28.76791 -1.428487
v -17.91812 27.55898 -1.56154
v -17.55934 27.53482 -1.620383
v -17.42272 28.12301 -1.47541
v -17.05814 28.42468 -1.226273
v -16.37013 28.41844 -1.188601
v -17.21825 28.39701 -1.101416
v 14.29915 27.60666 -0.2573869
v 13.59234 27.81593 0.3536812
v 13.60372 27.89357 -1.406447
v 14.43845 27.63586 0.6988326
v 15.25501 27.66463 0.6653703
v 15.3389 27.81149 1.393677
v 16.35938 27.86539 1.909618
v 16.26242 27.9621 2.151177
v 16.26171 28.21786 2.150064
v 16.21123 28.15375 -1.709816
v 17.00124 28.38489 -1.72565
v 17.37376 28.02088 -1.683321
v 17.91812 27.55898 -1.561541
v -18.07969 28.59492 0.76324
v -18.79437 28.75467 0.6289376
v -18.5551 28.59436 0.6857225
v -18.12721 28.89742 0.7464381
v -17.24106 29.05878 0.7997355
v -18.13895 28.95429 0.5278381
v -17.2767 29.17956 0.5290892
v -17.26654 29.01477 0.2625659
v -16.5162 29.19108 0.1872315
v 6.001412 27.74379 -2.113351
v 6.001412 28.85003 -2.460266
v 6.365007 28.7665 -1.927214
v 6.001412 29.70329 -1.476673
v 5.797187 28.17177 -0.4594642
v 6.365007 29.84229 -0.4594645
v -7.104827 27.40178 -1.322766
v -8.193447 28.86157 -1.246635
v -7.104827 28.93116 -1.314772
v -8.196179 27.45363 -1.226003
v -7.104827 27.41328 0.100419
v -8.095268 27.45728 0.0419272
v -7.104827 28.9973 0.02758978
v -8.110909 28.9006 -0.01209264
v -8.384433 29.13947 -0.5779306
v -7.104827 29.18815 -0.5790994
v -5.576647 29.01182 -1.34382
v -5.576647 27.29359 -1.390769
v -5.576647 27.32352 0.1867057
v -17.24172 28.67928 0.818346
v -18.06452 28.45204 0.5290494
v -18.07969 28.59492 0.76324
v -18.55906 28.47952 0.5267733
v -18.5551 28.59436 0.6857225
v -18.79437 28.75467 0.6289376
v 8.19618 27.45363 -1.226002
v 7.104827 27.40178 -1.322766
v 8.193447 28.86157 -1.246635
v 7.104827 27.41328 0.1004186
v 8.095267 27.45728 0.04192772
v 7.104827 28.9973 0.0275902
v 8.110908 28.9006 -0.01209197
v 8.384433 29.13947 -0.5779306
v 1.956908 29.84599 -2.480719
v 1.956908 26.70744 -2.480716
v 1.201501 28.27672 -1.505607
v 1.956908 25.98766 -0.4594637
v 1.201501 27.03788 -0.459464
v 16.28927 28.31967 1.890546
v 15.74516 27.99784 0.7580976
v 15.01283 27.70203 -1.319588
v -17.41625 28.62197 -0.4297788
v -16.53763 29.15582 -0.5519504
v -16.42869 28.64869 -0.5013051
v -18.33713 28.6571 -0.3875313
v -18.38187 28.77081 -0.1508351
v -19.12688 28.37106 -0.2623981
v -19.12766 28.37286 -0.027298
v -17.2561 28.65548 0.2736557
v -16.5162 29.19108 0.1872315
v -16.40991 28.71394 0.1955701
v -18.07904 28.54706 0.3178177
v -18.13145 28.85187 0.3150072
v -18.55314 28.58139 0.3713124
v -18.79244 28.74304 0.4313864
v 17.41572 28.65363 0.1386208
v 16.40991 28.71394 0.1955696
v 17.45975 29.03569 0.116052
v 18.34294 28.68493 0.08920696
v 19.12766 28.37286 -0.02729822
v -5.229047 26.5878 -2.771104
v -5.202914 25.6986 -1.871758
v -6.001412 26.51773 -1.95247
v -4.860575 25.35794 -0.4594646
v -6.001412 26.53275 -0.4594647
v 16.37013 28.41844 -1.188601
v 17.21825 28.39701 -1.101416
v -8.260991 28.31779 -1.597915
v -8.469828 28.84139 -1.566587
v -7.070776 29.20284 -1.657826
v -8.48332 27.32327 -1.567995
v -6.941931 26.97692 -1.659237
v -8.469829 27.32648 0.3601547
v -6.963814 26.96865 0.2728631
v -7.491792 27.91077 0.5663372
v -14.84774 28.91771 0.833795
v -16.36357 29.08849 0.8812199
v -15.36924 28.62281 1.3308
v -15.7569 28.58337 1.053903
v -16.28927 28.31967 1.890547
v 17.2561 28.65548 0.2736553
v 18.07904 28.54706 0.3178174
v 18.55314 28.58139 0.3713126
v 18.79244 28.74304 0.4313866
v 18.68303 27.69415 -0.7107914
v 18.09083 28.29809 -0.6005628
v 17.39492 28.83427 -0.5691481
v 17.90831 28.05071 -0.5848591
v 17.26206 28.4847 -0.5465634
v 16.38294 28.50178 0.8339095
v 15.7569 28.58336 1.053904
v 15.36923 28.62281 1.3308
v 16.28927 28.31967 1.890546
v 16.26171 28.21786 2.150064
v -17.41572 28.65363 0.1386203
v -16.40991 28.71394 0.1955701
v -17.45975 29.03569 0.1160516
v 8.48332 27.32327 -1.567995
v 8.260991 28.31779 -1.597915
v 8.469829 28.8414 -1.566587
v 6.941931 26.97692 -1.659237
v 8.469828 27.32648 0.3601545
v 6.963814 26.96865 0.2728629
v 7.491792 27.91077 0.5663374
v 13.61082 28.84978 0.2866658
v 13.59234 27.81593 0.3536812
v 13.5996 29.0347 -0.5090811
v -15.53214 28.05947 -1.77924
v -13.60372 27.89357 -1.406447
v -13.58428 28.76791 -1.428487
v -6.365007 27.02581 -1.361631
v -17.9285 27.57071 -1.360835
v -17.41653 28.04949 -1.258711
v -17.23302 27.85445 -1.241096
v -14.55383 28.11324 1.079553
v -15.33889 27.81149 1.393677
v -16.26243 27.9621 2.151177
v 5.576647 29.05209 0.1000572
v 5.576647 29.23978 -0.5754945
v 5.576647 27.32352 0.1867055
v 5.576647 27.29359 -1.39077
v 6.941931 26.97692 -1.659237
v 8.19618 27.45363 -1.226002
v 8.260991 28.31779 -1.597915
v 8.095267 27.45728 0.04192772
v 6.963814 26.96865 0.2728629
v 8.166827 28.29793 0.5000461
v 7.491792 27.91077 0.5663374
v 16.26242 27.9621 2.151177
v 15.3389 27.81149 1.393677
v 14.55383 28.11324 1.079553
v 14.43845 27.63586 0.6988326
v 13.59234 27.81593 0.3536812
v 7.104827 29.18815 -0.5790985
v 7.104827 28.93116 -1.314773
v 5.576647 29.01182 -1.34382
v 8.469828 28.97872 0.3374992
v 7.50376 28.65069 0.5705907
v 8.166827 28.29793 0.5000461
v 7.092852 29.2538 0.2762706
v 8.441552 29.27432 -0.5779173
v 6.870295 29.64748 -0.5768678
v -6.870295 29.64748 -0.5768685
v -8.384433 29.13947 -0.5779306
v -8.193447 28.86157 -1.246635
v -8.110909 28.9006 -0.01209264
v -7.092852 29.2538 0.2762699
v -7.50376 28.65069 0.5705913
v 13.60372 27.89357 -1.406447
v 8.193447 28.86157 -1.246635
v 7.070776 29.20284 -1.657826
v 6.870295 29.64748 -0.5768678
v 8.384433 29.13947 -0.5779306
v 8.110908 28.9006 -0.01209197
v 17.16342 27.77999 -1.663977
v 17.55934 27.53482 -1.620382
v -15.33889 27.81149 1.393677
v -16.35938 27.86539 1.909618
v -16.26243 27.9621 2.151177
v -16.26171 28.21786 2.150064
v -16.28927 28.31967 1.890547
v -15.7569 28.58337 1.053903
v -18.07904 28.54706 0.3178177
v -18.55314 28.58139 0.3713124
v 17.21825 28.39701 -1.101416
v 17.86488 28.02028 -1.037901
v -18.68303 27.69415 -0.7107916
v -18.09083 28.29809 -0.6005626
v -18.36077 27.74246 -0.6430728
v -17.90831 28.05071 -0.5848587
v 17.41625 28.62197 -0.4297782
v 18.25631 28.37407 -0.3848075
v 1.201501 29.51555 -0.459464
v 1.201501 27.03788 -0.459464
v 1.956908 25.98766 -0.4594637
v 2.841691 25.50072 -0.4594645
v -2.841692 31.05272 -0.4594644
v -1.956908 30.12861 0.8730487
v -5.089515 27.39843 2.230666
v -2.841692 31.05272 -0.4594644
v 6.365007 27.02581 -1.36163
v -8.166827 28.29793 0.5000458
v -8.469829 28.97872 0.3374987
v -7.50376 28.65069 0.5705913
v -7.092852 29.2538 0.2762699
v 1.201501 29.51555 -0.459464
v 1.956908 30.56578 -0.4594644
v 2.841692 31.05272 -0.4594646
v 2.841691 25.50072 -0.4594645
v 18.79244 28.74304 0.4313866
v 18.13145 28.85187 0.3150073
v 18.55314 28.58139 0.3713126
v 18.07904 28.54706 0.3178174
v 13.61082 28.84978 0.2866658
v 14.84774 28.91771 0.8337941
v 14.92012 29.25522 -0.4258618
v -18.34294 28.68493 0.08920716
v -18.2618 28.41161 0.1030021
v -18.81442 28.25317 0.03902564
v 17.41625 28.62197 -0.4297782
v 18.25631 28.37407 -0.3848075
v -6.963814 26.96865 0.2728631
v -8.166827 28.29793 0.5000458
v -7.491792 27.91077 0.5663372
v -8.095268 27.45728 0.0419272
v -6.941931 26.97692 -1.659237
v -17.39492 28.83427 -0.5691482
v -16.42869 28.64869 -0.5013051
v -16.53763 29.15582 -0.5519504
v -17.26206 28.4847 -0.5465637
v -17.1008 27.69664 -1.44991
v -17.16342 27.77999 -1.663977
v -17.59034 27.44243 -1.450161
v 6.870295 29.64748 -0.5768678
v 8.441552 29.27432 -0.5779173
v 7.070776 29.20284 -1.657826
v -16.38294 28.50178 0.8339095
v 19.12688 28.37106 -0.2623973
v 18.81584 28.2351 -0.3236508
v -19.12766 28.37286 -0.027298
v -18.81442 28.25317 0.03902564
v -18.2618 28.41161 0.1030021
v -18.68303 27.69415 -0.7107916
v -18.36077 27.74246 -0.6430728
v -17.90831 28.05071 -0.5848587
v 18.67093 27.68964 -0.9505587
v 18.33429 27.71955 -0.9970915
v 13.5996 29.0347 -0.5090811
v 17.24172 28.67928 0.8183469
v -17.26206 28.4847 -0.5465637
v -17.41572 28.65363 0.1386203
v -1.956908 30.56578 -0.4594645
v -1.201501 29.51555 -0.459464
v -5.576647 29.23978 -0.5754942
v -5.576647 29.05209 0.1000571
v -13.5996 29.0347 -0.5090815
v -13.61082 28.84978 0.2866664
v -17.9285 27.57071 -1.360835
v -17.91812 27.55898 -1.56154
v -17.59984 27.56168 -1.298451
v -17.23302 27.85445 -1.241096
v -8.441552 29.27432 -0.5779181
v -6.870295 29.64748 -0.5768685
v -18.79244 28.74304 0.4313864
v 17.9285 27.57072 -1.360836
v 17.59984 27.56167 -1.298452
v 17.23302 27.85445 -1.241096
v 13.59234 27.81593 0.3536812
v 13.60372 27.89357 -1.406447
v 13.58428 28.76791 -1.428487
v 15.53214 28.05947 -1.779239
v 15.7569 28.58336 1.053904
v 18.36076 27.74246 -0.6430727
v -7.070776 29.20284 -1.657826
v -8.260991 28.31779 -1.597915
v 7.50376 28.65069 0.5705907
v 17.26654 29.01477 0.2625659
v 7.092852 29.2538 0.2762706
v -1.201501 27.03788 -0.4594645
v -1.201501 29.51555 -0.459464
v -1.956908 30.56578 -0.4594645
v -18.25631 28.37407 -0.3848074
v -18.81584 28.2351 -0.3236513
v -17.24172 28.67928 0.818346
v -2.841691 25.50072 -0.459464
v 16.5162 29.19108 0.1872315
v 17.2561 28.65548 0.2736553
v 16.40991 28.71394 0.1955696
v -8.196179 27.45363 -1.226003
v 18.2618 28.41161 0.1030021
v 18.81442 28.25317 0.0390251
v 16.53763 29.15582 -0.5519504
v 16.42869 28.64869 -0.5013055
v -16.26171 28.21786 2.150064
v 16.42869 28.64869 -0.5013055
v 16.53763 29.15582 -0.5519504
v -14.43845 27.63586 0.698832
v -13.59234 27.81593 0.3536819
v -13.59234 27.81593 0.3536819
v -13.60372 27.89357 -1.406447
v -17.55934 27.53482 -1.620383
v -13.59234 27.81593 0.3536819
v -6.870295 29.64748 -0.5768685
v -8.441552 29.27432 -0.5779181
v -17.59984 27.56168 -1.298451
vn 0.76233 -0.04785 0.64539
vn 0.77349 0.42771 0.46788
vn 0.54553 0.58905 0.59619
vn 0.74578 0.09004 0.66015
vn 0.46082 -0.50677 0.72858
vn 0.8004 0.20443 0.56371
vn 0.65424 -0.60638 0.45197
vn 0.82634 -0.4521 0.33585
vn 0.88879 -0.45172 -0.07758
vn 0.69116 -0.52881 -0.49261
vn 0.79382 0.3631 -0.48785
vn 0.18053 0.48735 -0.85433
vn 0.95089 0.30748 0.03529
vn 0.14643 0.98487 0.09245
vn 0.88684 0.46178 -0.01527
vn -0.92102 0.34296 0.18463
vn -0.88757 0.37518 -0.26733
vn -0.89575 0.31891 -0.30975
vn -0.92926 0.33948 0.14557
vn -0.71204 0.47931 0.51306
vn -0.9007 0.42517 0.08948
vn -0.74084 0.66992 0.04907
vn -0.72906 0.66412 -0.16547
vn -0.61493 0.76105 -0.2066
vn -0.70447 0.52515 -0.47742
vn -0.28387 0.63123 -0.7218
vn -0.56592 0.27515 -0.77722
vn -0.15576 0.31543 -0.9361
vn -0.4873 -0.01593 -0.87311
vn 0.28387 0.63123 -0.7218
vn 0.15576 0.31543 -0.9361
vn 0.04218 0.73785 -0.67364
vn 0.56592 0.27515 -0.77722
vn 0.70447 0.52515 -0.47742
vn 0.88757 0.37518 -0.26733
vn 0.82581 0.49805 -0.26453
vn 0.9007 0.42517 0.08948
vn 0.72906 0.66412 -0.16547
vn 0.74084 0.66992 0.04907
vn 0.61493 0.76105 -0.2066
vn 0.64819 0.75647 0.0871
vn -0.38898 0.72034 0.57422
vn -0 0.638 0.77002
vn -0.29285 0.43445 0.85175
vn -0.30042 0.52173 0.79846
vn -0.742 0.17371 0.64752
vn -0.96588 -0.06494 0.25067
vn -0.93512 -0.03326 -0.35284
vn -0.95089 0.30748 0.03529
vn -0.8004 0.20443 0.56371
vn -0.77349 0.42771 0.46788
vn -0.14643 0.98487 0.09245
vn -0.18053 0.48735 -0.85433
vn -0.88684 0.46178 -0.01527
vn -0.69116 -0.52881 -0.49261
vn -0.82634 -0.4521 0.33585
vn -0.88879 -0.45172 -0.07758
vn -0.65424 -0.60638 0.45197
vn 0.4873 -0.01593 -0.87311
vn 0.89575 0.31891 -0.30975
vn 0.92102 0.34296 0.18463
vn 0.92926 0.33948 0.14557
vn 0.71204 0.47931 0.51306
vn -0.77522 0.10469 0.62298
vn -0.53496 0.84305 0.0559
vn -0.73351 -0.64689 -0.20854
vn -0.66791 0.04205 -0.74304
vn -0.72837 0.48657 -0.48236
vn -0.46948 0.73755 -0.48541
vn 0.58502 0.75262 0.30225
vn 0.53496 0.84305 0.0559
vn 0.77522 0.10469 0.62298
vn 0.72837 0.48657 -0.48236
vn 0.73351 -0.64689 -0.20854
vn 0.66791 0.04205 -0.74304
vn 0.93512 -0.03326 -0.35284
vn 0.96588 -0.06494 0.25067
vn 0.742 0.17371 0.64752
vn 0.30042 0.52173 0.79846
vn 0.38898 0.72034 0.57422
vn -0.36237 0.43439 -0.82458
vn 0 0.30933 -0.95099
vn -0.39166 0.29327 -0.87207
vn 0 0.45056 -0.89276
vn -0.37524 0.63477 -0.67548
vn 0 0.71014 -0.70404
vn 0 0.85327 -0.52148
vn 0.37524 0.63477 -0.67548
vn 0.25879 0.33545 0.90582
vn -0 0.31384 0.94946
vn 0.32947 0.29675 0.8963
vn -0 0.3584 0.93359
vn -0 0.48676 0.87354
vn -0.25879 0.33545 0.90582
vn -0.27069 0.4494 0.85132
vn -0.76233 -0.04785 0.64539
vn -0.54553 0.58905 0.59619
vn -0.74578 0.09004 0.66015
vn -0.44391 -0.53009 0.72247
vn 0.26874 0.89948 -0.3446
vn 0 0.91791 -0.39673
vn -0.97949 -0.2016 -0.00079
vn -0.97125 -0.19586 0.13513
vn -0.96948 -0.20355 -0.13678
vn -0.68628 0.24963 0.68317
vn -0.823 0.23175 0.51862
vn -0.51965 0.25586 0.81512
vn -0.97894 0.20367 0.01251
vn -0.90332 0.26508 -0.33734
vn -0.91626 0.20776 -0.34253
vn -0.96454 0.26251 0.02679
vn -0.9093 0.22339 0.3512
vn -0.89136 0.27557 0.35999
vn -0.97949 0.2016 0.00079
vn -0.97125 0.19586 -0.13513
vn -0.96948 0.20355 0.13678
vn 0.96454 0.26251 0.02679
vn 0.84857 0.39655 0.35028
vn 0.89136 0.27557 0.35999
vn 0.91187 0.4079 0.04602
vn 0.90332 0.26508 -0.33734
vn 0.87982 0.34851 -0.32312
vn -0.66486 0.25323 0.70276
vn -0.63849 0.30316 0.7074
vn -0.32947 0.29675 0.8963
vn -0.58771 0.46832 0.65973
vn -0.31543 0.57043 0.75836
vn -0.77588 0.53577 0.33307
vn -0.68597 0.21973 -0.69366
vn -0.41052 0.22882 -0.88263
vn -0.6745 0.27899 -0.68347
vn -0.82953 0.2113 -0.51697
vn -0.52234 0.21979 -0.82397
vn 0 0.24493 -0.96954
vn 0.39166 0.29327 -0.87207
vn 0.41052 0.22882 -0.88263
vn -0.58502 0.75262 0.30225
vn -0.34351 0.9104 -0.23065
vn -0.65247 0.42902 -0.62469
vn -0.87982 0.34851 -0.32312
vn -0.82758 0.48657 -0.27991
vn -0.69244 -0.22083 0.68683
vn -0.82953 -0.2113 0.51697
vn -0.52234 -0.21979 0.82397
vn 0.29285 0.43445 0.85175
vn 0.25055 0.39819 0.88239
vn -0.84857 0.39655 0.35028
vn -0.91187 0.4079 0.04602
vn 0.69244 0.22083 -0.68683
vn 0.91626 0.20776 -0.34253
vn 0.6745 0.27899 -0.68347
vn -0.68628 -0.24963 -0.68317
vn -0.51794 -0.2561 -0.81622
vn -0.823 -0.23175 -0.51862
vn -0.82581 0.49805 -0.26453
vn 0.97894 0.20367 0.01251
vn 0.9093 0.22339 0.3512
vn 0.36237 0.43439 -0.82458
vn 0.65247 0.42902 -0.62469
vn 0.82758 0.48657 -0.27991
vn 0.66486 0.25323 0.70276
vn 0.63849 0.30316 0.7074
vn 0.27069 0.4494 0.85132
vn 0.58771 0.46832 0.65973
vn 0.34351 0.9104 -0.23065
vn 0.46948 0.73755 -0.48541
vn 0 -0.31427 -0.94934
vn -0.32947 -0.29675 -0.8963
vn 0 -0.35962 -0.93311
vn -0.28418 -0.28113 -0.91663
vn 0 -0.29767 -0.95465
vn -0 0.59552 0.80334
vn 0.31543 0.57043 0.75836
vn -0.79382 0.3631 -0.48785
vn -0 0.33911 0.94073
vn -0.31445 0.3219 0.89301
vn 0.31445 0.3219 0.89301
vn -0 -0.24493 0.96954
vn -0.32837 -0.23633 0.91449
vn 0.32837 -0.23633 0.91449
vn -0.64819 0.75647 0.0871
vn 0.97125 0.19586 -0.13513
vn 0.97949 0.2016 0.00079
vn 0.823 0.23175 0.51862
vn 0.68628 0.24963 0.68317
vn -0.32837 0.23633 -0.91449
vn -0.68597 -0.21973 0.69366
vn -0.41052 -0.22882 0.88263
vn 0.77588 0.53577 0.33307
vn -0.25055 0.39819 0.88239
vn 0.82953 0.2113 -0.51697
vn 0.31445 -0.3219 -0.89301
vn 0 -0.33911 -0.94073
vn 0.82953 -0.2113 0.51697
vn 0.68597 -0.21973 0.69366
vn -0.91626 -0.20776 0.34253
vn 0.823 -0.23175 -0.51862
vn 0.68628 -0.24963 -0.68317
vn 0.97125 -0.19586 0.13513
vn 0.97949 -0.2016 -0.00079
vn -0.9093 -0.22339 -0.3512
vn -0.97894 -0.20367 -0.01251
vn 0.52234 0.21979 -0.82397
vn 0.52234 -0.21979 0.82397
vn 0.96948 -0.20355 -0.13678
vn 0.51794 -0.2561 -0.81622
vn 0.91626 -0.20776 0.34253
vn 0.69324 -0.21704 0.68719
vn 0.9093 -0.22339 -0.3512
vn 0.66486 -0.25323 -0.70276
vn -0.66486 -0.25323 -0.70276
vn 0.97894 -0.20367 -0.01251
vn -0.31445 -0.3219 -0.89301
vn -0.26874 0.89948 -0.3446
vn 0.41052 -0.22882 0.88263
vn -0.04218 0.73785 -0.67364
vn 0.32947 -0.29675 -0.8963
vn 0.28418 -0.28113 -0.91663
vn 0.51965 0.25586 0.81512
vn 0.32837 0.23633 -0.91449
vn 0.96948 0.20355 0.13678
vn 0.41888 0.90649 0.05359
vn 0.76929 0.61371 -0.17761
vn 0.7276 0.59167 0.34717
vn 0.43854 0.70721 -0.55457
vn 0.74762 0.65155 -0.12848
vn 0.82819 0.40112 -0.39136
vn 0.66406 0.71649 0.21375
vn 0.88483 0.46039 0.07123
vn 0.59961 0.62854 0.49536
vn 0.90283 0.35065 0.24884
vn 0.78198 0.17114 0.59937
vn 0.97205 0.22717 0.05939
vn 0.99866 0.04047 -0.03302
vn 0.90442 0.21136 -0.37067
vn 0.66901 -0.28906 -0.68469
vn 0.4928 0.10388 -0.86389
vn 0 -0.25134 -0.9679
vn 0 0.17853 -0.98395
vn -0.4928 0.10388 -0.86389
vn -0.43854 0.70721 -0.55457
vn -0.82819 0.40112 -0.39136
vn -0.74762 0.65155 -0.12848
vn -0.66956 0.71289 0.20844
vn -0.41888 0.90649 0.05359
vn -0.7276 0.59167 0.34717
vn -0.76929 0.61371 -0.17761
vn -0.73883 0.19818 0.6441
vn -0.59961 0.62854 0.49536
vn -0.90057 0.35547 0.25018
vn -0.42462 0.38983 0.81714
vn -0.28387 0.30811 0.90802
vn -0 0.18298 0.98309
vn -0 0.28052 0.95984
vn 0.28387 0.30811 0.90802
vn 0.37653 -0.38708 0.84167
vn 0.71674 -0.46021 0.52393
vn 0.93243 -0.27948 0.229
vn 0.74878 -0.53375 0.39301
vn 0.93622 -0.34882 -0.04309
vn 0.94269 0.32581 0.0722
vn 0.56555 0.66309 -0.49042
vn 0 -0 -1
vn -0.56555 0.66309 -0.49042
vn 0 0.99994 0.00946
vn 0 0.74121 -0.67126
vn -0.67126 0.74121 -0
vn 0.67126 0.74121 -0
vn 0 0.74121 0.67126
vn -0 0 1
vn -1 0 -0
vn -0.67126 -0.74121 0
vn -0 -0.74121 -0.67126
vn -0 -1 0
vn 0.67126 -0.74121 0
vn -0 -0.74121 0.67126
vn 1 -0 0
vn 0 -0 -1
vn 0.23688 -0.29736 -0.92493
vn 0.22296 -0.54566 -0.8078
vn 0.4928 0.04722 -0.86889
vn 0.9386 -0.32153 -0.12512
vn 0.82947 -0.48425 -0.27844
vn 0.8465 -0.03308 0.53137
vn 0.80737 0.4165 -0.41791
vn 0.61273 0.7511 0.24573
vn 0.51965 0.35329 -0.77787
vn 0.99805 -0.01825 -0.05927
vn 0.58569 0.00696 -0.81049
vn 0.96399 0.04022 -0.26282
vn 0.84418 0.37427 -0.38373
vn -0.88483 0.46039 0.07123
vn -0.95142 0.30658 0.02887
vn -0.99677 0.03876 -0.07074
vn -0.9425 -0.33246 -0.03357
vn -0.66901 -0.28906 -0.68469
vn -0.94269 0.32581 0.0722
vn 0.04755 -0.19922 0.97882
vn 0.58643 -0.12628 0.80011
vn 0.146 -0.22778 0.96271
vn 0.64337 -0.16627 0.74734
vn 0.08911 -0.4471 0.89011
vn 0.5257 -0.6003 0.6027
vn 0.04785 -0.82108 0.5688
vn 0.85022 -0.52462 0.04359
vn 0.19073 -0.65164 -0.73415
vn 0.60138 -0.01567 -0.79884
vn 0.24921 -0.11598 -0.96148
vn 0.5788 0.0539 -0.81365
vn 0.44366 -0.42279 0.79016
vn 0.71649 0.21375 0.66406
vn -0 -0.38324 0.92364
vn -0 -0.45056 0.89276
vn -0.44366 -0.42279 0.79016
vn -0.37653 -0.38708 0.84167
vn -0.74878 -0.53375 0.39301
vn -0.71674 -0.46021 0.52393
vn -0.90033 -0.35815 0.24725
vn -0.58643 -0.12628 0.80011
vn -0.04755 -0.19922 0.97882
vn -0.146 -0.22778 0.96271
vn -0.64337 -0.16627 0.74734
vn -0.93433 -0.03876 -0.35441
vn -0.92328 -0.38303 -0.02889
vn -0.8653 -0.4988 0.04974
vn -0.5257 -0.6003 0.6027
vn -0.0697 -0.84133 0.53599
vn -0.08911 -0.4471 0.89011
vn -0.11237 -0.79824 0.59178
vn -0 -0.64702 0.76249
vn 0.125 -0.82955 0.54431
vn 0.15472 -0.83179 0.53307
vn 0.19952 -0.8897 -0.41068
vn -0.0177 -0.7892 0.61387
vn 0.21039 -0.81145 -0.54521
vn -0.11664 -0.71393 -0.69046
vn -0.82672 -0.5528 -0.10455
vn -0.50122 -0.84735 -0.17523
vn -0.56287 -0.76868 -0.30389
vn -0.55127 -0.81445 0.18097
vn -0.41687 0.00232 0.90894
vn -0 -0.59283 0.8053
vn 0.41687 0.00232 0.90894
vn 0.55127 -0.81445 0.18097
vn 0.82672 -0.5528 -0.10455
vn 0.50122 -0.84735 -0.17523
vn 0.56287 -0.76868 -0.30389
vn -0.42651 -0.22547 -0.8759
vn 0.03497 -0.85985 -0.50934
vn -0.80164 -0.59776 0.00824
vn -0.24615 -0.09739 -0.96431
vn -0.42145 0.03694 -0.90608
vn -0.05688 -0.13974 -0.98853
vn 0.00244 0.10231 -0.99474
vn 0.4361 0.0295 -0.89941
vn -0.06781 -0.00891 -0.99766
vn 0.36761 0.20862 -0.90626
vn -0.59418 0.38904 -0.70398
vn 0 0.32892 -0.94434
vn -0.89435 -0.29791 -0.33374
vn -0.93323 -0.32391 0.15533
vn -0.66357 -0.30542 0.68292
vn -0.49207 0.125 0.86151
vn 0 0.84119 0.54071
vn -0 0.21173 0.97736
vn 0.49207 0.125 0.86151
vn -0 -0.36017 0.93286
vn 0.6217 -0.63007 0.46533
vn -0 -0.8537 0.52075
vn 0.52185 -0.85187 0.04456
vn 0.37531 -0.24919 -0.89279
vn 0.427 -0.25452 -0.8677
vn 0.64685 -0.30505 0.69891
vn -0 0.21973 0.97559
vn -0 -0.5412 0.84088
vn 0.13983 0.26501 0.95404
vn 0.84741 0.19 0.49579
vn 0.18677 0.37616 0.90753
vn 0.60352 0.72009 0.34247
vn 0.13599 0.49548 0.85791
vn 0 0.95868 0.28442
vn -0 0.55164 0.83411
vn -0.71649 0.21375 0.66406
vn -0.38416 -0.45404 0.80389
vn -0.50592 -0.41284 0.75739
vn -0.49805 -0.67224 0.54779
vn -0.36383 -0.31525 0.87646
vn -0 -0.49878 0.86676
vn -0 -0.31781 0.94818
vn 0.36383 -0.31525 0.87646
vn -0 -0.13202 0.99127
vn 0.41486 -0.00171 0.90991
vn -0.13812 0.97534 -0.172
vn 0 0.99469 -0.10315
vn 0 0.98816 -0.15338
vn -0.27039 0.9306 -0.24683
vn -0.66901 0.68469 -0.28906
vn -0.84418 0.37427 -0.38373
vn -0.81061 -0.26978 0.51971
vn -0.67395 -0.39282 0.62567
vn -0.63263 -0.16919 0.7558
vn -0.81549 -0.56537 0.12384
vn -0.81702 -0.57648 0.01245
vn -0.33478 -0.74554 -0.57629
vn -0.63837 -0.68018 -0.36035
vn -0.16125 -0.14404 -0.97638
vn -0 0.3786 0.92554
vn -0.58295 0.05551 -0.81063
vn -0.72266 0.12292 -0.68018
vn -0.4928 0.04722 -0.86889
vn -0.61469 0.06349 -0.78621
vn -0.25403 -0.56936 -0.78188
vn 0.93097 -0.20898 0.29944
vn 0.73267 -0.04077 0.67938
vn 0.99738 0.00446 0.07239
vn 0.81702 -0.57648 0.01245
vn 0.81061 -0.26978 0.51971
vn 0.81549 -0.56537 0.12384
vn 0.67395 -0.39282 0.62567
vn 0.66541 -0.71771 0.20532
vn 0.49805 -0.67224 0.54779
vn -0.97705 -0.21295 -0
vn -0.69061 -0.20764 -0.69281
vn -0.69354 -0.20258 0.69135
vn -0 -0.20258 0.97925
vn 0.69354 -0.20258 0.69135
vn 0.33557 -0.93341 -0.12695
vn 0.00311 -0.9859 -0.16718
vn -0.33557 -0.93341 -0.12695
vn -0 -0.87903 0.47681
vn -0.42529 -0.12491 -0.89636
vn -0.19708 -0.96519 0.17208
vn -0.59985 0.18523 -0.77839
vn -0.36761 0.20862 -0.90626
vn -0.46191 -0.28467 0.83997
vn -0.99805 -0.01825 -0.05927
vn -0.71191 -0.50238 0.49066
vn -0.96399 0.04022 -0.26282
vn -0.23688 -0.29736 -0.92493
vn -0.22296 -0.54566 -0.8078
vn -0.80737 0.41651 -0.41791
vn -0.82947 -0.48425 -0.27844
vn -0.8465 -0.03308 0.53137
vn -0.9386 -0.32153 -0.12512
vn -0.88947 -0.2309 0.39435
vn -0.80164 -0.23157 0.55115
vn -0.34479 -0.03729 0.93793
vn -0.73303 -0.24445 0.63477
vn -0.88855 -0.4527 0.07458
vn -0.77185 -0.56464 0.29224
vn -0.61182 -0.60419 -0.51056
vn -0.13928 -0.75961 0.6353
vn -0.16937 -0.81472 0.55451
vn 0.93433 -0.03876 -0.35441
vn 0.92328 -0.38303 -0.02889
vn -0.5116 -0.30395 0.80365
vn -0.47974 -0.02356 0.87708
vn -0.66541 -0.71771 0.20532
vn 0 0.57965 -0.81488
vn 0.88947 -0.2309 0.39435
vn 0.65399 -0.57251 0.49451
vn 0.10321 -0.49677 0.86176
vn 0.81097 -0.5368 -0.23273
vn 0.88855 -0.4527 0.07458
vn 0.61182 -0.60419 -0.51056
vn 0.77185 -0.56464 0.29224
vn 0.59418 0.38904 -0.70398
vn -0.13983 0.26501 0.95404
vn -0.84741 0.19 0.49579
vn -0.64685 -0.30505 0.69891
vn -0.18677 0.37616 0.90753
vn 0.57483 0.32617 0.75049
vn -0.13599 0.49548 0.85791
vn 0.52814 0.14606 0.83655
vn 0 0.11247 -0.99364
vn 0.64844 0.14435 -0.74744
vn 0.1192 0.34145 -0.93232
vn 0 0.17377 -0.9848
vn 0.61493 0.33936 -0.71185
vn 0.46149 0.69727 -0.54852
vn 0.2691 -0.84949 0.4538
vn -0.14166 -0.70618 0.69373
vn -0.5578 -0.52911 0.63947
vn 0.63837 -0.68018 -0.36035
vn 0.62091 -0.2226 -0.75165
vn 0.98755 -0.06085 0.1452
vn 0.79407 -0.10211 -0.59918
vn 0 -0.01147 -0.99994
vn -0.62091 -0.2226 -0.75165
vn -0.79407 -0.10211 -0.59918
vn -0.98755 -0.06085 0.1452
vn 0 0.81885 0.57404
vn 0.26721 0.78906 0.55316
vn -0.06409 -0.28064 -0.9577
vn 0.16125 -0.14404 -0.97638
vn -0.26202 0.22614 -0.93817
vn 0.33478 -0.74554 -0.57629
vn -0.07245 -0.72058 -0.68958
vn 0.72266 0.12292 -0.68018
vn -0.90442 0.21136 -0.37067
vn 0.25342 -0.90101 -0.35205
vn -0.58569 0.00696 -0.81049
vn -0.64844 0.14435 -0.74744
vn -0.61493 0.33936 -0.71185
vn -0.46149 0.69727 -0.54852
vn 0.18384 -0.94954 -0.25409
vn 0.09961 -0.8105 0.57715
vn -0.60352 0.72009 0.34247
vn 0.22156 -0.08746 0.97119
vn -0 -0.08972 0.99597
vn -0.51965 0.35329 -0.77787
vn -0.61273 0.7511 0.24573
vn 0.34631 -0.03772 0.93738
vn 0.80164 -0.23157 0.55115
vn 0.73303 -0.24445 0.63477
vn 0.71191 -0.50238 0.49066
vn 0.46191 -0.28467 0.83997
vn 0.13391 -0.53143 0.83643
vn 0.66901 0.68469 -0.28906
vn 0.13812 0.97534 -0.172
vn -0.26886 -0.84998 0.45306
vn 0.14667 -0.70361 0.69531
vn -0.15436 -0.54407 0.82471
vn 0.56171 -0.52844 0.6366
vn 0.47968 0.18365 0.85803
vn -0 -0.28442 0.95868
vn -0 0.25891 0.96588
vn 0.40857 -0.19763 0.89111
vn -0 -0.23267 0.97253
vn -0.01392 0.98932 0.1449
vn 0 0.99957 0.02997
vn 0.01392 0.98932 0.1449
vn -0.65546 -0.573 0.492
vn -0.13391 -0.53143 0.83643
vn -0.81097 -0.5368 -0.23273
vn -0 -0.2981 0.95453
vn 0.42145 -0.27008 0.86572
vn 0.66357 -0.30542 0.68292
vn 0.42462 0.38983 0.81714
vn 0.27039 0.9306 -0.24683
vn -0.07471 0.96771 -0.24072
vn 0.07471 0.96771 -0.24072
vn 0 -0.20789 -0.97815
vn 0.69061 -0.20764 -0.69281
vn 0.59985 0.18523 -0.77839
vn -0.6217 -0.63007 0.46533
vn -0.18323 -0.51301 -0.83861
vn 0.08698 -0.94754 -0.30759
vn -0.70673 -0.70528 -0.05603
vn 0.06781 -0.00891 -0.99766
vn -0.1192 0.34145 -0.93232
vn 0.89435 -0.29791 -0.33374
vn 0.80743 -0.27734 -0.52075
vn 0.63263 -0.16919 0.75574
vn 0.50592 -0.41284 0.75739
vn 0.5116 -0.30402 0.80365
vn 0.42957 0.34467 -0.83466
vn -0.99738 0.00446 0.07239
vn 0.26202 0.22614 -0.93817
vn 0.06409 -0.28064 -0.9577
vn -0 0.38666 0.92224
vn -0 0.02374 0.99969
vn 0.31824 0.11035 0.94159
vn -0.31824 0.11035 0.94159
vn -0.44562 0.32904 0.83258
vn -0.42145 -0.27008 0.86572
vn -0.30334 0.59808 0.74182
vn 0 0.72198 0.69189
vn 0.30334 0.59808 0.74182
vn 0.45294 0.11066 0.88464
vn 0.58722 -0.05212 0.80774
vn 0.62 -0.02386 0.78424
vn -0.68457 -0.4314 0.58759
vn -0.70007 -0.1521 0.69763
vn -0.77051 -0.63745 -0
vn -0.68457 -0.4314 -0.58759
vn -0 -0.21301 0.97705
vn -0.58759 -0.43146 0.68451
vn -0.58759 0.1073 0.802
vn 0.58759 0.1073 0.802
vn 0.70007 -0.1521 0.69763
vn 0.58759 -0.43146 0.68451
vn 0 0.81213 -0.58344
vn -0.52185 -0.85187 0.04456
vn 0.18323 -0.51301 -0.83861
vn 0.70673 -0.70528 -0.05603
vn 0.47974 -0.02362 0.87708
vn -0.41486 -0.00171 0.90991
vn 0.38416 -0.45404 0.80389
vn 0.69769 -0.15204 -0.70007
vn 0.58759 -0.42639 -0.68774
vn 0.58759 0.11328 -0.80121
vn 0 0.26611 -0.96393
vn -0.58759 0.11328 -0.80121
vn -0.69769 -0.15204 -0.70007
vn -0.58759 -0.42639 -0.68774
vn 0.65875 0.3559 0.66284
vn 0.94629 0.32336 -0.00226
vn -0 0.32336 0.94629
vn -0.65875 0.3559 0.66284
vn -0.94629 0.32336 -0.00226
vn -0.66357 0.35303 -0.65955
vn 0 0.32336 -0.94629
vn 0.97705 -0.21295 0
vn 0.68457 -0.4314 -0.58759
vn 0.77051 -0.63745 0
vn 0.68457 -0.4314 0.58759
vn 0.802 0.10742 0.58759
vn 0.96588 0.25903 0
vn 0 0.27266 -0.9621
vn 0.07245 -0.72058 -0.68958
vn 0.802 0.10742 -0.58759
vn -0.80414 -0.27869 -0.52515
vn -0.08698 -0.94754 -0.30759
vn 0.94171 -0.30682 -0.13806
vn 0.93323 -0.32391 0.15533
vn 0.84601 -0.31281 0.4317
vn -0.84601 -0.31281 0.4317
vn -0.94171 -0.30682 -0.13806
vn -0.22156 -0.08746 0.97119
vn -0.26721 0.78906 0.55316
vn -0.57483 0.32617 0.75049
vn -0.59735 0.49261 0.63287
vn -0.52808 0.14606 0.83655
vn -0.40857 -0.19763 0.89111
vn -0.47968 0.18365 0.85803
vn -0.802 0.10742 0.58759
vn -0.96588 0.25903 -0
vn -0.802 0.10742 -0.58759
vn -0 -0.63751 0.77045
vn 0.44562 0.32904 0.83258
vn 0 -0.63177 -0.77515
vn 0.66357 0.35303 -0.65955
vn 0.60596 0.03583 0.79468
vn -0.45294 0.11066 0.88464
vn -0.73267 -0.04077 0.67938
vn -0.58722 -0.05212 0.80774
vn -0.62 -0.02386 0.78424
vn -0.60596 0.03583 0.79468
vn -0 -0.77759 0.62878
vn -0.42957 0.34467 -0.83466
vn -0.93097 -0.20898 0.29944
vn 0.59735 0.49261 0.63287
vn -0.97858 0.13727 0.15344
vn -0.8277 -0.25037 -0.5022
vn -0.60413 -0.58923 -0.5365
vn -0.99036 0.10724 -0.08777
vn 0.03613 0.59833 0.80048
vn 0.01221 0.37268 0.92786
vn 0.98077 0.12799 0.14746
vn 0.99072 0.10413 -0.08752
vn 0.83264 -0.26257 -0.48761
vn -0.00592 0.04462 -0.99896
vn 0.00977 -0.05749 -0.99829
vn -0.87183 -0.46637 -0.14984
vn -0.98077 0.12799 0.14746
vn -0.60083 -0.58887 -0.54059
vn -0.82977 0.34949 0.43512
vn -0.07648 0.04675 0.99597
vn -0.06622 0.7204 0.69043
vn 0.81189 0.33313 0.47943
vn -0.03613 0.59833 0.80048
vn 0.97858 0.13727 0.15344
vn 0.99072 0.10413 -0.08752
vn 0.8277 -0.25043 -0.5022
vn -0.00977 -0.0575 -0.99829
vn 0.00018 0.1076 0.9942
vn -0 -0.10315 0.99469
vn 0.99432 -0.04974 -0.09381
vn 0.88623 -0.09644 0.45312
vn 0.78101 0.0473 -0.62274
vn 0.65991 0.08771 -0.74622
vn -0.01605 0.1413 -0.98981
vn -0.01874 0.17957 -0.98358
vn -0.64398 0.12561 -0.75464
vn 0.00085 -0.12903 -0.99164
vn 0.00592 0.04468 -0.99896
vn -0.99036 0.10724 -0.08777
vn 0.9881 -0.08112 -0.13062
vn -0.00134 -0.10291 0.99469
vn 0.90613 -0.07526 0.41626
vn -0.01062 -0.20618 0.97845
vn -0 -0.38666 0.92224
vn -0.88623 -0.09644 0.45312
vn -0.99432 -0.04974 -0.09381
vn -0.78101 0.0473 -0.62274
vn 0 0.01147 -0.99994
vn 0.01605 0.1413 -0.98981
vn 0.75482 0.07794 -0.65125
vn 0.64398 0.12561 -0.75464
vn 0.82977 0.34949 0.43512
vn 0.07648 0.04675 0.99597
vn 0.87177 -0.46637 -0.14984
vn 0.06622 0.7204 0.69043
vn -0.81189 0.33313 0.47943
vn -0.83307 -0.53748 -0.13074
vn -0.9881 -0.08112 -0.13062
vn -0.90613 -0.07526 0.41626
vn 0.01062 -0.20618 0.97845
vn 0.00354 -0.38092 0.92462
vn -0.74414 -0.65948 -0.10657
vn -0 -0.69257 0.72137
vn 0.72668 -0.67706 -0.11633
vn -0.67761 -0.60345 -0.42035
vn -0.01093 -0.40295 -0.91516
vn 0.67761 -0.60345 -0.42035
vn -0.00085 -0.12915 -0.99164
vn 0 0 -1
vn -0.75482 0.07794 -0.65125
vn -0.72668 -0.67706 -0.11633
vn -0 -0.69257 0.72137
vn 0.74414 -0.65948 -0.10657
vn -0.67761 -0.60345 -0.42035
vn 0.01093 -0.40295 -0.91516
vn 0.67761 -0.60345 -0.42035
vn -0.83264 -0.26257 -0.48761
vn 0.60413 -0.58923 -0.5365
vn 0.01874 0.1795 -0.98358
vn -0.65991 0.08765 -0.74622
vn -0.00018 0.10754 0.9942
vn -0.01221 0.37268 0.92792
vn 0.83307 -0.53748 -0.13074
vn 0.60083 -0.58887 -0.54059
vn -0.55542 0.71613 -0.42273
vn -0.72327 0.68878 0.04901
vn -0.19452 0.97504 0.107
vn -0.99597 0.08948 0.00806
vn -0.93231 0.27466 -0.23535
vn -1 0 -0
vn -0.99274 0.03284 -0.11572
vn -0.92041 -0.07898 -0.38293
vn -0.79462 0.2085 -0.57019
vn -0.55127 -0.06457 -0.83179
vn -0.4502 0.44525 -0.77398
vn 0.02698 -0.01678 -0.99951
vn 0.22668 0.55194 -0.80249
vn 0.23828 -0.55279 -0.79853
vn 0.74286 0.35102 -0.57007
vn 0.74286 -0.35101 -0.57007
vn 0.95239 0 -0.30481
vn 0.71655 -0.69739 0.01544
vn 0.97705 -0.21301 -0
vn 0.50568 0.68042 0.5304
vn 0.72327 0.68878 0.04901
vn 0.19452 0.97504 0.107
vn 0.99597 0.08948 0.00806
vn 0.92346 0.29431 0.24616
vn 1 0 0
vn 0.99097 0.03912 0.12836
vn 0.90765 -0.09979 0.40765
vn 0.76184 0.20056 0.61591
vn 0.50824 -0.25897 0.82135
vn 0.25537 0.29889 0.9195
vn -0.15857 -0.23987 0.95776
vn -0.19379 0.29083 0.93695
vn -0.67017 0.17975 0.72015
vn -0.13947 0.78882 0.59857
vn -0.67358 0.56549 0.47589
vn -0.289 0.95728 -0.01202
vn -0.71655 0.69739 0.01544
vn 0.15857 -0.23987 0.95776
vn 0.67285 -0.5293 0.51678
vn 0.64294 -0.22925 0.73077
vn 0.17065 -0.8197 0.54675
vn -0.3208 -0.76001 0.56518
vn -0.40942 -0.90759 0.09277
vn -0.76068 -0.52765 0.37805
vn -0.89984 -0.43616 0.0025
vn -0.99792 -0.05322 0.03607
vn -0.90765 -0.09979 0.40765
vn -0.99097 0.03912 0.12836
vn -0.76105 0.2066 0.61493
vn -0.92346 0.29431 0.24616
vn -0.50568 0.68042 0.5304
vn 0.7464 0.22595 0.62593
vn 0.08902 -0.44708 0.89008
vn 0.30735 -0.55451 0.77335
vn 0.21177 0.58661 0.7817
vn 0.25196 0.96466 -0.07724
vn 0.12247 0.55005 0.82612
vn 0.15125 0.98828 -0.02141
vn 0.13902 0.61737 0.77431
vn 0.11017 0.99359 0.02553
vn 0.03632 0.99548 -0.08752
vn 0.27936 0.9577 -0.06924
vn 0.19272 0.47016 -0.86131
vn 0.41626 0.90802 -0.04665
vn 0.25479 0.46106 -0.85001
vn 0.72962 0.0354 -0.68291
vn 0.16091 -0.64563 -0.74651
vn 0.13947 0.78882 0.59858
vn -0.25537 0.29889 0.9195
vn 0.19379 0.29083 0.93695
vn 0.67017 0.17975 0.72015
vn 0.92676 -0.01154 0.37549
vn 0.28052 -0.95984 -0
vn -0.04652 -0.99402 0.09863
vn -0.07237 -0.67871 -0.73084
vn 0.69001 -0.20801 -0.69323
vn -0.18339 -0.53668 -0.82363
vn -0.467 -0.85053 0.24183
vn 0.13527 -0.67078 -0.72917
vn 0.07929 -0.8183 0.56934
vn 0.5324 -0.83832 0.11749
vn -0.28743 -0.94452 0.15897
vn -0.11283 -0.40387 0.90782
vn -0.51179 -0.85529 0.08124
vn -0.19034 -0.41321 0.89054
vn -0.1781 -0.98285 0.04783
vn -0.10219 -0.59918 0.79406
vn 0.69317 -0.21704 0.68727
vn -0.92676 -0.01154 0.37549
vn -0.64294 -0.22925 0.73077
vn -0.67285 -0.5293 0.51678
vn -0.17065 -0.8197 0.54675
vn 0.3208 -0.76001 0.56518
vn 0.40942 -0.90759 0.09277
vn 0.76068 -0.52765 0.37805
vn 0.89984 -0.43616 0.0025
vn 0.99792 -0.05322 0.03607
vn 0.06965 0.57782 -0.81317
vn -0.05894 -0.69989 -0.71179
vn 0.11263 -0.78308 -0.61164
vn -0.03862 0.66132 -0.74914
vn -0.04767 0.99634 -0.07122
vn -0.09216 0.99451 -0.04931
vn 0.01939 0.72955 0.68366
vn -0.13483 0.49408 0.85889
vn -0.01015 -0.70441 0.70971
vn -0.16168 -0.51764 0.84015
vn -0.12347 -0.54821 -0.82721
vn -0.11652 0.44062 -0.89013
vn -0.25679 -0.95282 -0.16198
vn 0.0044 -0.36346 -0.93158
vn -0.1353 -0.67077 -0.72918
vn -0.5324 -0.83832 0.11752
vn -0.07925 -0.8183 0.56934
vn 0.28742 -0.94452 0.15898
vn 0.11268 -0.58215 -0.80525
vn 0.51178 -0.85529 0.08126
vn 0.24537 -0.51983 -0.81832
vn 0.1781 -0.98285 0.04784
vn 0.15743 -0.67755 -0.7184
vn -0.59184 -0.28283 -0.75479
vn 0.55542 0.71613 -0.42273
vn -0.22668 0.55194 -0.80249
vn 0.4502 0.44525 -0.77399
vn -0.02698 -0.01678 -0.99951
vn 0.55127 -0.06457 -0.83179
vn -0.23828 -0.55279 -0.79852
vn 0.39453 -0.48846 -0.77832
vn 0.35699 -0.82294 -0.44196
vn 0.80945 -0.45825 -0.36725
vn -0.34637 0.30829 -0.88603
vn -0.69105 0.71161 -0.12679
vn -0.22564 0.39826 -0.88908
vn -0.38276 0.8963 -0.22391
vn -0.17842 0.92652 -0.33128
vn -0.21046 0.94202 -0.2614
vn -0.03638 0.99548 -0.08752
vn -0.19274 0.47016 -0.86131
vn -0.27936 0.9577 -0.06925
vn 0.74706 -0.14185 0.64943
vn -0.09434 -0.28674 0.95336
vn -0.02883 -0.54468 0.83813
vn 0.507 0.40289 0.76202
vn 0.73164 0.6734 -0.10576
vn 0.34348 0.34747 0.87247
vn 0.53737 0.82269 -0.18549
vn 0.17844 0.92651 -0.33128
vn 0.1354 0.49646 -0.85747
vn -0.04753 0.69617 -0.71631
vn -0.00436 -0.36346 -0.93158
vn -0.11267 -0.78308 -0.61165
vn 0.21048 0.94202 -0.26139
vn 0.38271 0.8963 -0.2239
vn 0.22562 0.39826 -0.88908
vn 0.69105 0.71161 -0.12682
vn 0.34634 0.30829 -0.88601
vn 0.59181 -0.28284 -0.75482
vn -0.24534 -0.51984 -0.81832
vn -0.15746 -0.67755 -0.7184
vn 0.34571 -0.93396 -0.09024
vn 0.60821 -0.7923 0.04846
vn -0.02585 -0.44184 0.89673
vn 0.45843 -0.63959 0.61705
vn -0.01415 -0.99854 -0.05176
vn 0.07632 -0.4632 0.88294
vn 0.01306 -0.99902 0.04156
vn 0.4812 -0.87604 0.03215
vn -0.34571 -0.93396 -0.09025
vn 0.01416 -0.99854 -0.05176
vn -0.01903 -0.51007 -0.85993
vn -0.45846 -0.63959 0.61709
vn -0.60821 -0.7923 0.0485
vn -0.70093 -0.71289 -0.0209
vn -0.2226 -0.97479 -0.01415
vn 0.11017 -0.99359 -0.02552
vn 0.23617 -0.88519 0.4008
vn 0.32621 -0.75049 0.57481
vn -0.33178 0.21894 -0.91758
vn 0.18342 -0.53668 -0.82362
vn -0.28277 0.34168 -0.89628
vn -0.53736 0.82269 -0.18545
vn -0.13537 0.49646 -0.85747
vn 0.04757 0.69617 -0.71631
vn 0.07348 0.99579 -0.05499
vn 0.05658 0.99713 -0.05048
vn 0.26005 0.68914 0.67632
vn -0.50427 -0.85901 0.08816
vn 0.12433 -0.99115 0.04674
vn 0.01966 -0.51788 -0.85523
vn 0.22083 -0.97455 0.03905
vn 0.0561 -0.49511 -0.86701
vn -0.26215 -0.96448 0.03303
vn -0.16093 -0.64563 -0.74651
vn -0.72966 0.0354 -0.68294
vn 0.50426 -0.85901 0.08819
vn -0.12433 -0.99115 0.0468
vn -0.22083 -0.97455 0.03904
vn -0.04862 -0.43817 0.89758
vn 0.26214 -0.96448 0.03305
vn 0.14988 -0.59644 0.78853
vn 0.73577 0.07165 0.67342
vn 0.05891 -0.69989 -0.71179
vn 0.12347 -0.54822 -0.82721
vn 0.11652 0.44061 -0.89014
vn 0.16168 -0.51764 0.84015
vn 0.01018 -0.70441 0.70972
vn 0.13483 0.49408 0.85889
vn -0.01936 0.72955 0.68365
vn 0.09216 0.99451 -0.04931
vn 0.04768 0.99634 -0.07122
vn 0.03859 0.66132 -0.74914
vn -0.06962 0.57782 -0.81318
vn -0.69285 -0.20764 -0.69057
vn 0.07234 -0.67871 -0.73084
vn -0.73163 0.6734 -0.10579
vn -0.34351 0.34753 0.87252
vn -0.11132 -0.99329 -0.03145
vn -0.32617 -0.75079 0.57443
vn -0.23619 -0.88519 0.40079
vn 0.2226 -0.97479 -0.0142
vn -0.33326 -0.67328 0.66006
vn 0.80718 -0.58777 0.05483
vn 0.09549 -0.51007 0.85481
vn 0.54979 0.47467 0.68737
vn 0.28275 0.34168 -0.89627
vn 0.33182 0.21893 -0.91757
vn -0.07752 -0.45172 0.8888
vn -0.74642 0.22595 0.62596
vn -0.30733 -0.55451 0.77333
vn -0.21174 0.58661 0.78169
vn -0.12251 0.55005 0.82612
vn -0.25196 0.96466 -0.07725
vn -0.15125 0.98828 -0.02141
vn -0.17211 0.4668 -0.86742
vn -0.11133 0.99329 0.03144
vn 0.92041 -0.07892 -0.38293
vn 0.79462 0.2085 -0.57019
vn 0.99274 0.03284 -0.11572
vn 0.93231 0.27466 -0.23535
vn -0.07745 -0.70654 -0.70343
vn 0.28601 0.66877 -0.68628
vn -0.07104 0.58478 -0.8081
vn 0.49451 -0.57251 -0.65399
vn -0.08331 -0.68219 0.72638
vn -0.06903 -0.68799 0.72241
vn -0.06714 0.69244 0.71833
vn -0.08942 0.5476 0.83191
vn -0.06244 0.99078 0.12037
vn -0.04651 0.99402 -0.09863
vn -0.04626 0.59473 -0.80261
vn -0.0763 -0.4632 0.88294
vn -0.01306 -0.99902 0.04156
vn -0.4812 -0.87604 0.03213
vn -0.48712 -0.56946 -0.66217
vn 0.07745 -0.70654 -0.70343
vn -0.28601 0.66876 -0.68628
vn 0.08331 -0.68219 0.72638
vn 0.06903 -0.68799 0.72241
vn 0.06714 0.69244 0.71832
vn 0.08942 0.54761 0.83191
vn 0.06244 0.99078 0.12036
vn -0.74286 0.35101 -0.57007
vn -0.74286 -0.35101 -0.57007
vn -0.95239 0 -0.30481
vn -0.71655 -0.69739 0.01544
vn -0.97662 -0.21478 0.0097
vn 0.69183 0.71796 0.07643
vn 0.70093 -0.71289 -0.02092
vn 0.25679 -0.95282 -0.16196
vn -0.25475 0.46106 -0.85002
vn -0.41626 0.90802 -0.04666
vn -0.7358 0.07165 0.67345
vn -0.06316 -0.51056 -0.85754
vn -0.18297 0.50373 -0.84423
vn -0.31102 -0.591 -0.74431
vn -0.70976 0.18653 -0.67928
vn 0.18693 0.56238 0.80544
vn 0.2786 0.52515 0.80411
vn -0.39453 -0.48846 -0.77832
vn -0.35699 -0.82294 -0.44196
vn -0.80945 -0.45825 -0.36725
vn -0.11271 -0.58215 -0.80525
vn -0.09296 0.00556 -0.99567
vn -0.18359 0.55835 -0.80902
vn -0.20044 -0.68951 -0.69599
vn -0.15057 -0.79401 0.58899
vn -0.08496 -0.20209 0.97565
vn 0.23758 0.81921 0.52196
vn -0.13905 0.61737 0.7743
vn 0.14745 0.54687 0.82415
vn -0.68654 0.08575 0.72203
vn -0.69183 0.71796 0.07646
vn 0.01901 -0.51007 -0.85992
vn 0.06314 -0.51056 -0.85754
vn 0.31105 -0.591 -0.74429
vn 0.70979 0.18652 -0.67931
vn 0.46336 0.43347 0.77294
vn 0.32682 0.54285 0.77366
vn 0.68657 0.08575 0.722
vn -0.14742 0.54681 0.82414
vn 0.02587 -0.44184 0.89673
vn -0.18696 0.56237 0.80549
vn 0.09296 0.00556 -0.99567
vn 0.20044 -0.68951 -0.69598
vn 0.15057 -0.79401 0.58899
vn 0.08496 -0.20209 0.97565
vn -0.26008 0.68915 0.6763
vn -0.05657 0.99713 -0.05048
vn -0.99951 -0.026 -0.01691
vn -0.74709 -0.14185 0.64946
vn -0.50697 0.40289 0.762
vn 0.09436 -0.28669 0.95336
vn 0.49358 -0.00361 0.86966
vn 0.33323 -0.67328 0.66007
vn -0.09553 -0.51001 0.8548
vn 0.05621 0.61694 0.78497
vn 0.04401 0.99896 -0.01239
vn -0.46204 0.75452 0.46607
vn -0.42847 0.38409 0.81781
vn -0.74011 0.60315 -0.29742
vn -0.41327 0.78442 -0.46252
vn -0.78711 -0.06006 -0.61389
vn -0.35767 0.46234 -0.8114
vn -0.49362 -0.0036 0.8697
vn 0.04974 0.99438 -0.09363
vn 0.07104 0.58478 -0.8081
vn 0.04626 0.59473 -0.80261
vn 0.12067 0.31384 0.94177
vn 0.26581 0.02301 0.96375
vn 0.12561 0.75464 0.64398
vn 0.22937 0.97327 -0.01367
vn 0.36035 -0.93268 -0.01545
vn 0.31799 -0.94769 -0.02729
vn 0.37512 -0.77826 0.50354
vn 0.61243 -0.68268 -0.3985
vn 0.40582 -0.7619 -0.50476
vn 0.40222 -0.61145 -0.6814
vn -0.37512 -0.77832 0.50354
vn -0.41895 -0.73364 0.53497
vn -0.42896 -0.52716 0.73358
vn -0.36035 -0.93268 -0.01544
vn -0.31799 -0.94769 -0.02728
vn -0.61243 -0.68268 -0.3985
vn -0.80719 -0.58777 0.05479
vn -0.54976 0.47467 0.68735
vn -0.69277 -0.20764 0.69065
vn -0.46333 0.43347 0.77292
vn 0.11064 -0.60285 0.79015
vn 0.1903 -0.41321 0.89055
vn -0.01969 -0.51788 -0.85523
vn -0.05612 -0.49512 -0.86701
vn -0.97815 0.20789 0
vn -0.27472 -0.96149 -0.00763
vn 0.289 0.95728 -0.01202
vn 0.67358 0.56549 0.47589
vn -0.50824 -0.25898 0.82135
vn 0.99951 -0.026 -0.01691
vn -0.26581 0.02301 0.96375
vn -0.12067 0.31384 0.94177
vn -0.12561 0.75464 0.64399
vn 0.19009 0.49579 -0.84739
vn -0.23754 0.81921 0.52195
vn -0.07348 0.99579 -0.055
vn -0.27864 0.52514 0.80416
vn 0.04864 -0.43818 0.89758
vn -0.14992 -0.59644 0.78852
vn 0.41327 0.78443 -0.46252
vn 0.78711 -0.06006 -0.61389
vn 0.35767 0.46234 -0.8114
vn 0.74011 0.60315 -0.29742
vn 0.46204 0.75451 0.46607
vn -0.32686 0.54284 0.77364
vn 0.11285 -0.40387 0.90783
vn 0.46699 -0.85053 0.24179
vn 0.04975 -0.99439 0.09362
vn 0.18359 0.55835 -0.80902
vn 0.71655 0.69739 0.01544
vn 0.97736 0.21173 0
vn -0.04401 0.99896 -0.01239
vn -0.05621 0.61694 0.78498
vn 0.02886 -0.54468 0.83813
vn -0.22937 0.97327 -0.01367
vn 0.41895 -0.73364 0.53497
vn 0.42896 -0.52716 0.73358
vn -0.40222 -0.61145 -0.6814
vn 0.17209 0.4668 -0.86747
vn -0.40582 -0.7619 -0.50476
vn 0.42847 0.38409 0.81781
vn 0.98328 -0.00458 -0.18201
vn -0.98328 -0.00458 -0.18201
vt 0.25854 0.20136
vt 0.37912 0.16382
vt 0.2583 0.21924
vt 0.31284 0.11908
vt 0.25824 0.06937
vt 0.31097 0.09329
vt 0.25949 0.06537
vt 0.2861 0.05157
vt 0.28027 0.01544
vt 0.30121 0.02719
vt 0.36176 0.01059
vt 0.34113 0.0285
vt 0.37933 0.047
vt 0.34317 0.07245
vt 0.32016 0.05368
vt 0.18054 0.57703
vt 0.20737 0.59964
vt 0.20804 0.57721
vt 0.17371 0.59375
vt 0.1528 0.61142
vt 0.18115 0.61392
vt 0.18054 0.63864
vt 0.20578 0.63937
vt 0.20978 0.67734
vt 0.22211 0.6315
vt 0.23135 0.65845
vt 0.22403 0.59296
vt 0.246 0.6705
vt 0.22739 0.58289
vt 0.24423 0.70523
vt 0.20718 0.61981
vt 0.18054 0.67337
vt 0.15286 0.6785
vt 0.13483 0.73578
vt 0.15234 0.74091
vt 0.14334 0.64655
vt 0.15259 0.57117
vt 0.18054 0.55469
vt 0.20828 0.55948
vt 0.39679 0.07559
vt 0.46286 0.11691
vt 0.43655 0.04694
vt 0.45377 0.01974
vt 0.46936 0.04764
vt 0.49011 0.03262
vt 0.37201 0.18027
vt 0.43079 0.07559
vt 0.00403 0.98209
vt 0.05389 0.97528
vt 0.00403 0.96912
vt 0.05389 0.98209
vt 0.00403 0.99011
vt 0.05389 0.99011
vt 0.02692 0.99606
vt 0.11148 0.96524
vt 0.05038 0.73825
vt 0.11148 0.5311
vt 0.05038 0.97528
vt 0.05038 0.98276
vt 0.11148 0.98209
vt 0.22266 0.7175
vt 0.23251 0.74091
vt 0.05627 0.50125
vt 0.11148 0.53281
vt 0.08389 0.50125
vt 0.05627 0.53314
vt 0.03012 0.50125
vt 0.00397 0.53348
vt 0.11148 0.5332
vt 0.05627 0.5318
vt 0.00397 0.53134
vt 0.05627 0.96716
vt 0.00397 0.96912
vt 0.00397 0.98209
vt 0.05627 0.98209
vt 0.00397 0.99011
vt 0.11148 0.99011
vt 0.05652 0.53146
vt 0.11179 0.96524
vt 0.11179 0.53061
vt 0.05652 0.96716
vt 0.00418 0.53308
vt 0.00418 0.96912
vt 0.03036 0.50125
vt 0.05652 0.50125
vt 0.08417 0.50125
vt 0.05389 0.53094
vt 0.00403 0.53085
vt 0.46902 0.20367
vt 0.11179 0.98209
vt 0.05652 0.98209
vt 0.00418 0.98209
vt 0.00418 0.99011
vt 0.13379 0.64142
vt 0.11179 0.99011
vt 0.05038 0.5289
vt 0.05038 0.98831
vt 0.05038 0.50125
vt 0.08093 0.50125
vt 0.02896 0.50125
vt 0.05389 0.50125
vt 0.53787 0.42706
vt 0.54117 0.44189
vt 0.54575 0.4165
vt 0.20944 0.98026
vt 0.21469 0.9939
vt 0.194 0.96967
vt 0.22638 0.97037
vt 0.21866 0.9668
vt 0.22272 0.93951
vt 0.19937 0.96594
vt 0.1972 0.94495
vt 0.19391 0.94681
vt 0.19391 0.91653
vt 0.18872 0.89346
vt 0.19858 0.91293
vt 0.20966 0.896
vt 0.22034 0.91321
vt 0.22247 0.89188
vt 0.22766 0.92328
vt 0.24832 0.89188
vt 0.24832 0.92328
vt 0.18024 0.97037
vt 0.18195 0.89072
vt 0.17435 0.96252
vt 0.17435 0.88986
vt 0.18225 0.86575
vt 0.18872 0.86887
vt 0.1965 0.86832
vt 0.1965 0.84479
vt 0.2095 0.86832
vt 0.2095 0.79135
vt 0.22247 0.79233
vt 0.24832 0.79428
vt 0.24832 0.77563
vt 0.93756 0.98596
vt 0.93756 0.95175
vt 0.97885 0.95175
vt 0.89627 0.95175
vt 0.93756 0.86914
vt 0.99597 0.86914
vt 0.97885 0.78656
vt 0.93756 0.78656
vt 0.93756 0.75235
vt 0.89627 0.78656
vt 0.87915 0.86914
vt 0.58844 0.27106
vt 0.59302 0.25418
vt 0.60126 0.26974
vt 0.57132 0.25293
vt 0.57608 0.26886
vt 0.56955 0.28186
vt 0.58008 0.28534
vt 0.57812 0.29868
vt 0.61111 0.30197
vt 0.57425 0.31479
vt 0.60901 0.40457
vt 0.58279 0.3949
vt 0.58807 0.4382
vt 0.28214 0.65558
vt 0.2951 0.69785
vt 0.28275 0.73978
vt 0.2941 0.62753
vt 0.28284 0.57605
vt 0.29568 0.57208
vt 0.31836 0.52542
vt 0.33542 0.53775
vt 0.33496 0.5321
vt 0.35034 0.52216
vt 0.35324 0.51913
vt 0.35062 0.61948
vt 0.18051 0.8378
vt 0.17575 0.76773
vt 0.19589 0.78659
vt 0.17435 0.83463
vt 0.17435 0.86414
vt 0.32416 0.62994
vt 0.32767 0.57373
vt 0.31506 0.52466
vt 0.32202 0.58545
vt 0.42166 0.62769
vt 0.32202 0.62769
vt 0.42166 0.58545
vt 0.37732 0.56946
vt 0.40463 0.5322
vt 0.39331 0.53107
vt 0.39139 0.51392
vt 0.38159 0.53119
vt 0.37445 0.50516
vt 0.36194 0.50937
vt 0.51923 0.92566
vt 0.51144 0.93103
vt 0.51144 0.92566
vt 0.51923 0.93103
vt 0.52701 0.93103
vt 0.31183 0.52289
vt 0.31332 0.50943
vt 0.30734 0.51672
vt 0.33206 0.53299
vt 0.32501 0.60617
vt 0.37668 0.51685
vt 0.37668 0.60092
vt 0.42834 0.60617
vt 0.41803 0.68643
vt 0.42731 0.68045
vt 0.11469 0.8775
vt 0.11469 0.95779
vt 0.16373 0.8775
vt 0.16586 0.95779
vt 0.11526 0.8775
vt 0.63736 0.14362
vt 0.62561 0.19641
vt 0.63013 0.13803
vt 0.68338 0.21509
vt 0.68338 0.14331
vt 0.72937 0.14362
vt 0.68338 0.08231
vt 0.71948 0.08972
vt 0.68338 0.04663
vt 0.70505 0.05643
vt 0.3446 0.52335
vt 0.37796 0.50537
vt 0.42126 0.53299
vt 0.44901 0.52603
vt 0.4617 0.60196
vt 0.45172 0.53558
vt 0.28015 0.28665
vt 0.25275 0.28537
vt 0.25275 0.26553
vt 0.2753 0.30383
vt 0.30325 0.37332
vt 0.29214 0.37332
vt 0.28149 0.46088
vt 0.27664 0.4455
vt 0.25275 0.48111
vt 0.25275 0.46127
vt 0.16235 0.74084
vt 0.18054 0.74091
vt 0.20078 0.74091
vt 0.54166 0.55481
vt 0.51227 0.57281
vt 0.5257 0.52341
vt 0.53568 0.6156
vt 0.5632 0.54517
vt 0.5632 0.61118
vt 0.59073 0.6156
vt 0.5632 0.70047
vt 0.61398 0.71048
vt 0.58102 0.46613
vt 0.53998 0.4874
vt 0.58102 0.48792
vt 0.54053 0.45581
vt 0.58707 0.45471
vt 0.54099 0.44946
vt 0.51422 0.96399
vt 0.52036 0.96567
vt 0.51422 0.96906
vt 0.51791 0.95636
vt 0.51544 0.95636
vt 0.52524 0.95129
vt 0.51544 0.95383
vt 0.51791 0.95258
vt 0.51056 0.95258
vt 0.17435 0.78201
vt 0.17435 0.75995
vt 0.34305 0.68234
vt 0.35052 0.69547
vt 0.51056 0.96146
vt 0.51056 0.95636
vt 0.5069 0.95511
vt 0.5228 0.96481
vt 0.52524 0.97284
vt 0.44003 0.75305
vt 0.44003 0.98532
vt 0.49695 0.75305
vt 0.49695 0.86121
vt 0.51923 0.9364
vt 0.52701 0.9364
vt 0.52701 0.9418
vt 0.52118 0.9418
vt 0.29694 0.53506
vt 0.30435 0.52036
vt 0.29163 0.60196
vt 0.31799 0.6828
vt 0.32602 0.68045
vt 0.55667 0.29913
vt 0.5589 0.25363
vt 0.5448 0.25235
vt 0.55344 0.34637
vt 0.54352 0.39087
vt 0.56137 0.16309
vt 0.5206 0.00531
vt 0.5206 0.16769
vt 0.56137 0.0238
vt 0.58011 0.0556
vt 0.58011 0.00775
vt 0.60138 0.04865
vt 0.36136 0.53107
vt 0.34067 0.53293
vt 0.34863 0.51657
vt 0.5173 0.97159
vt 0.51392 0.97159
vt 0.51993 0.97202
vt 0.24832 0.97443
vt 0.56137 0.24728
vt 0.52591 0.24536
vt 0.60138 0.24728
vt 0.23544 0.9939
vt 0.24832 0.9939
vt 0.28503 0.37332
vt 0.27371 0.43515
vt 0.68762 0.37091
vt 0.74142 0.32068
vt 0.70212 0.31934
vt 0.74158 0.39246
vt 0.68762 0.43954
vt 0.74042 0.4425
vt 0.7258 0.47299
vt 0.50821 0.39691
vt 0.51651 0.38608
vt 0.51108 0.41071
vt 0.50943 0.37311
vt 0.50714 0.37808
vt 0.51019 0.36111
vt 0.51923 0.92026
vt 0.52701 0.92026
vt 0.25275 0.2973
vt 0.27237 0.31415
vt 0.51056 0.95511
vt 0.51544 0.95511
vt 0.33133 0.68103
vt 0.33408 0.50653
vt 0.40399 0.52087
vt 0.44556 0.50943
vt 0.63367 0.39246
vt 0.63382 0.32068
vt 0.63483 0.4425
vt 0.64944 0.47299
vt 0.25275 0.44934
vt 0.52173 0.24759
vt 0.53107 0.39081
vt 0.5108 0.34384
vt 0.52417 0.26834
vt 0.60806 0.44684
vt 0.6011 0.46149
vt 0.59515 0.79013
vt 0.61078 0.77451
vt 0.58994 0.76581
vt 0.61078 0.79013
vt 0.59515 0.80185
vt 0.61078 0.80057
vt 0.63779 0.23166
vt 0.68338 0.24237
vt 0.72894 0.23166
vt 0.68338 0.25018
vt 0.51331 0.29205
vt 0.11526 0.95779
vt 0.14972 0.99792
vt 0.13248 0.99792
vt 0.491 0.16635
vt 0.46436 0.23318
vt 0.48871 0.24438
vt 0.37439 0.19894
vt 0.46188 0.68716
vt 0.44016 0.69272
vt 0.45245 0.74335
vt 0.43533 0.6828
vt 0.46298 0.67261
vt 0.64728 0.08972
vt 0.63321 0.08447
vt 0.64954 0.26065
vt 0.64954 0.24774
vt 0.63644 0.2829
vt 0.66742 0.28641
vt 0.6731 0.31934
vt 0.14951 0.99792
vt 0.25275 0.37384
vt 0.42001 0.53888
vt 0.40976 0.52377
vt 0.40015 0.51877
vt 0.53342 0.89697
vt 0.59006 0.99362
vt 0.5556 0.97449
vt 0.61349 0.9599
vt 0.60831 0.84644
vt 0.31339 0.99768
vt 0.35635 0.91876
vt 0.31339 0.88184
vt 0.37015 0.99768
vt 0.6886 0.99734
vt 0.6886 0.88235
vt 0.64297 0.9205
vt 0.73224 0.92288
vt 0.74503 0.99734
vt 0.68762 0.45474
vt 0.66992 0.49493
vt 0.70532 0.49493
vt 0.68762 0.48837
vt 0.34082 0.52188
vt 0.33691 0.52451
vt 0.32492 0.5379
vt 0.66171 0.05643
vt 0.72571 0.26065
vt 0.7388 0.2829
vt 0.70782 0.28641
vt 0.61932 0.68643
vt 0.61902 0.6203
vt 0.61417 0.57281
vt 0.50739 0.6203
vt 0.50711 0.68643
vt 0.51242 0.71048
vt 0.58475 0.55481
vt 0.60071 0.52341
vt 0.5632 0.51843
vt 0.68845 0.99734
vt 0.68845 0.88235
vt 0.64282 0.9205
vt 0.74487 0.99734
vt 0.42886 0.75793
vt 0.37802 0.87146
vt 0.42886 0.99191
vt 0.52524 0.95636
vt 0.27075 0.92239
vt 0.25442 0.99768
vt 0.37668 0.66046
vt 0.34525 0.70111
vt 0.37668 0.7131
vt 0.3353 0.68643
vt 0.40811 0.70111
vt 0.29037 0.67261
vt 0.29147 0.68716
vt 0.13208 0.99792
vt 0.72571 0.24774
vt 0.63165 0.99734
vt 0.32092 0.66907
vt 0.42276 0.66907
vt 0.74112 0.19641
vt 0.73663 0.13803
vt 0.73355 0.08447
vt 0.31317 0.69272
vt 0.30087 0.74335
vt 0.51144 0.93912
vt 0.6315 0.99734
vt 0.57639 0.77667
vt 0.52124 0.74805
vt 0.5632 0.74512
vt 0.60803 0.72198
vt 0.5184 0.72198
vt 0.44394 0.52142
vt 0.10785 0.31433
vt 0.1087 0.3895
vt 0.1405 0.31525
vt 0.07928 0.36261
vt 0.07538 0.29666
vt 0.07538 0.30093
vt 0.04169 0.31433
vt 0.07196 0.36472
vt 0.04248 0.3895
vt 0.07556 0.36572
vt 0.07556 0.41861
vt 0.0206 0.10498
vt 0.00989 0.31525
vt 0.05002 0.23157
vt 0.07556 0.03223
vt 0.07556 0.21286
vt 0.10068 0.23157
vt 0.52246 0.93048
vt 0.51959 0.93051
vt 0.51971 0.92914
vt 0.51831 0.94562
vt 0.52338 0.94547
vt 0.52304 0.95312
vt 0.52283 0.95114
vt 0.52301 0.95413
vt 0.51865 0.95117
vt 0.51865 0.95413
vt 0.51459 0.95413
vt 0.52887 0.93137
vt 0.52878 0.93008
vt 0.52594 0.93048
vt 0.53149 0.93048
vt 0.53485 0.94547
vt 0.53009 0.94562
vt 0.53455 0.95316
vt 0.52991 0.95136
vt 0.52997 0.95294
vt 0.52536 0.95312
vt 0.52502 0.94547
vt 0.52557 0.95114
vt 0.52972 0.94543
vt 0.52979 0.95117
vt 0.53412 0.95114
vt 0.53381 0.95413
vt 0.12967 0.10498
vt 0.51691 0.93048
vt 0.51355 0.94547
vt 0.51385 0.95316
vt 0.51849 0.95136
vt 0.51843 0.95294
vt 0.15149 0.39059
vt 0.1763 0.28149
vt 0.19247 0.28149
vt 0.21326 0.39648
vt 0.51956 0.93137
vt 0.51962 0.93008
vt 0.51868 0.94543
vt 0.51428 0.95114
vt 0.17276 0.22913
vt 0.14499 0.14819
vt 0.1535 0.22913
vt 0.25085 0.14819
vt 0.22662 0.22913
vt 0.24234 0.22913
vt 0.52975 0.95413
vt 0.52539 0.95413
vt 0.52881 0.93051
vt 0.52869 0.92914
vt 0.14499 0.14792
vt 0.17276 0.22882
vt 0.1535 0.22882
vt 0.25085 0.14792
vt 0.15277 0.05933
vt 0.16846 0.42975
vt 0.24203 0.46506
vt 0.15277 0.05963
vt 0.24307 0.05963
vt 0.19507 0.00677
vt 0.24307 0.05933
vt 0.19507 0.00647
vt 0.22662 0.22882
vt 0.24234 0.22882
vt 0.15457 0.85129
vt 0.15686 0.83069
vt 0.14944 0.84296
vt 0.15918 0.81955
vt 0.16092 0.83588
vt 0.16232 0.81128
vt 0.14639 0.82083
vt 0.16431 0.80441
vt 0.15054 0.82333
vt 0.1554 0.81296
vt 0.15677 0.84009
vt 0.14508 0.81296
vt 0.13339 0.84222
vt 0.13339 0.78372
vt 0.12476 0.83817
vt 0.12476 0.78778
vt 0.11734 0.81296
vt 0.12476 0.77621
vt 0.11734 0.79306
vt 0.15427 0.85172
vt 0.14374 0.83707
vt 0.14581 0.8483
vt 0.15347 0.82687
vt 0.16071 0.84253
vt 0.16083 0.80933
vt 0.14609 0.8204
vt 0.15918 0.77106
vt 0.15268 0.81622
vt 0.14749 0.76749
vt 0.15442 0.83145
vt 0.1395 0.76712
vt 0.1395 0.82639
vt 0.1261 0.82361
vt 0.1395 0.85757
vt 0.1261 0.84668
vt 0.13409 0.84467
vt 0.1261 0.83749
vt 0.1261 0.79648
vt 0.1261 0.77365
vt 0.1395 0.78622
vt 0.14835 0.81113
vt 0.15308 0.77249
vt 0.14539 0.79367
vt 0.16141 0.7785
vt 0.14734 0.79932
vt 0.49216 0.42285
vt 0.48495 0.41904
vt 0.48987 0.42123
vt 0.48505 0.41953
vt 0.48508 0.42575
vt 0.47592 0.418
vt 0.47604 0.42572
vt 0.46579 0.41568
vt 0.4675 0.43549
vt 0.46677 0.44449
vt 0.47824 0.44531
vt 0.47812 0.45309
vt 0.48743 0.44513
vt 0.48737 0.45187
vt 0.49615 0.4483
vt 0.49353 0.45004
vt 0.11926 0.8132
vt 0.1261 0.77551
vt 0.13409 0.76834
vt 0.48288 0.36572
vt 0.4826 0.37094
vt 0.48541 0.36914
vt 0.47748 0.37228
vt 0.47757 0.36572
vt 0.46466 0.3703
vt 0.46533 0.3577
vt 0.46552 0.34668
vt 0.47623 0.34668
vt 0.47598 0.33798
vt 0.48511 0.34656
vt 0.48517 0.33917
vt 0.49152 0.3464
vt 0.49133 0.34097
vt 0.49438 0.34305
vt 0.44272 0.47226
vt 0.42407 0.4523
vt 0.44299 0.46674
vt 0.41779 0.45184
vt 0.41379 0.45609
vt 0.41235 0.49475
vt 0.41 0.46021
vt 0.40836 0.49319
vt 0.40308 0.46024
vt 0.40076 0.49319
vt 0.42374 0.49664
vt 0.41595 0.49319
vt 0.45007 0.36172
vt 0.45816 0.37582
vt 0.4343 0.35071
vt 0.47586 0.35501
vt 0.48499 0.35309
vt 0.4913 0.35184
vt 0.49432 0.3504
vt 0.15677 0.78586
vt 0.14337 0.79636
vt 0.14008 0.7879
vt 0.14481 0.76608
vt 0.1593 0.77335
vt 0.49384 0.46796
vt 0.48514 0.47043
vt 0.49103 0.46927
vt 0.4852 0.47119
vt 0.48532 0.46457
vt 0.47665 0.4725
vt 0.47696 0.46466
vt 0.46637 0.47897
vt 0.46854 0.45993
vt 0.48553 0.47964
vt 0.47818 0.47623
vt 0.48306 0.47787
vt 0.47821 0.47675
vt 0.47775 0.48291
vt 0.4729 0.4758
vt 0.47281 0.48315
vt 0.46597 0.49084
vt 0.45145 0.48419
vt 0.46021 0.49158
vt 0.43799 0.46823
vt 0.46576 0.31522
vt 0.46542 0.32581
vt 0.47702 0.31699
vt 0.46545 0.29926
vt 0.47501 0.30457
vt 0.4751 0.29611
vt 0.4848 0.30499
vt 0.48477 0.29779
vt 0.49023 0.30505
vt 0.49005 0.30017
vt 0.49249 0.30191
vt 0.47516 0.31284
vt 0.45831 0.29797
vt 0.45395 0.30081
vt 0.44687 0.31958
vt 0.44363 0.29977
vt 0.4342 0.32516
vt 0.47809 0.48886
vt 0.46576 0.49097
vt 0.47815 0.48831
vt 0.47266 0.49005
vt 0.45172 0.45047
vt 0.43796 0.45297
vt 0.43805 0.43726
vt 0.46597 0.33661
vt 0.47736 0.32584
vt 0.47711 0.33441
vt 0.48755 0.32571
vt 0.48755 0.33304
vt 0.49414 0.32562
vt 0.49399 0.33115
vt 0.4968 0.32928
vt 0.48746 0.31805
vt 0.4939 0.32004
vt 0.4968 0.32205
vt 0.48557 0.48538
vt 0.48294 0.48706
vt 0.46686 0.47473
vt 0.47668 0.47226
vt 0.45438 0.2804
vt 0.46521 0.26263
vt 0.46411 0.25522
vt 0.46509 0.25507
vt 0.47623 0.43332
vt 0.53317 0.51453
vt 0.52206 0.52112
vt 0.53317 0.52414
vt 0.53268 0.51419
vt 0.53317 0.50964
vt 0.53268 0.50909
vt 0.53232 0.52148
vt 0.53268 0.52563
vt 0.53317 0.52579
vt 0.53497 0.52509
vt 0.53497 0.51416
vt 0.53497 0.509
vt 0.46521 0.2652
vt 0.47784 0.45309
vt 0.46768 0.45502
vt 0.46719 0.45511
vt 0.49615 0.44159
vt 0.47601 0.43301
vt 0.4714 0.43335
vt 0.47116 0.43308
vt 0.48502 0.43173
vt 0.48514 0.43182
vt 0.48987 0.43021
vt 0.49216 0.4285
vt 0.47775 0.43686
vt 0.46729 0.43524
vt 0.47803 0.4375
vt 0.48734 0.43826
vt 0.31552 0.33963
vt 0.35016 0.28122
vt 0.35016 0.46521
vt 0.32474 0.40384
vt 0.45096 0.41702
vt 0.45639 0.40283
vt 0.45996 0.41074
vt 0.466 0.38687
vt 0.48483 0.31146
vt 0.49005 0.30984
vt 0.49249 0.30798
vt 0.4939 0.46109
vt 0.48532 0.45795
vt 0.47675 0.45706
vt 0.48532 0.45752
vt 0.47678 0.45642
vt 0.46747 0.41595
vt 0.46573 0.37946
vt 0.44305 0.43643
vt 0.44287 0.43454
vt 0.44293 0.45178
vt 0.43756 0.47891
vt 0.14362 0.79288
vt 0.44788 0.41
vt 0.45627 0.40079
vt 0.46573 0.37942
vt 0.53497 0.52695
vt 0.38593 0.46606
vt 0.38181 0.45169
vt 0.39111 0.43732
vt 0.38181 0.39658
vt 0.38593 0.28394
vt 0.39111 0.31747
vt 0.388 0.29831
vt 0.44495 0.41827
vt 0.43787 0.43533
vt 0.37305 0.28122
vt 0.37305 0.49347
vt 0.38489 0.375
vt 0.38181 0.37457
vt 0.38181 0.41812
vt 0.38181 0.33142
vt 0.38593 0.3454
vt 0.388 0.33307
vt 0.38593 0.40375
vt 0.45792 0.28888
vt 0.49109 0.45917
vt 0.11926 0.83142
vt 0.11926 0.79501
vt 0.13657 0.83899
vt 0.11734 0.83286
vt 0.13089 0.83118
vt 0.13339 0.7684
vt 0.48746 0.43787
vt 0.49347 0.4397
vt 0.48755 0.45178
vt 0.46747 0.45511
vt 0.47733 0.45526
vt 0.37311 0.49347
vt 0.37311 0.28122
vt 0.47598 0.41745
vt 0.48541 0.36298
vt 0.48273 0.36108
vt 0.47748 0.35931
vt 0.43875 0.31717
vt 0.43887 0.35178
usemtl mat0
f 61/61/56 62/62/57 63/63/58
f 64/64/59 62/62/57 61/61/56
f 65/65/60 64/64/59 61/61/56
f 66/66/61 64/64/59 65/65/60
f 67/67/62 66/66/61 65/65/60
f 68/68/63 66/66/61 67/67/62
f 69/69/64 68/68/63 67/67/62
f 70/70/65 68/68/63 69/69/64
f 71/71/66 70/70/65 69/69/64
f 72/72/67 70/70/65 71/71/66
f 73/73/68 72/72/67 71/71/66
f 74/74/69 72/72/67 73/73/68
f 66/66/61 74/74/69 73/73/68
f 75/75/70 74/74/69 66/66/61
f 68/68/63 75/75/70 66/66/61
f 70/70/65 75/75/70 68/68/63
f 76/76/71 77/77/72 78/78/73
f 79/79/74 77/77/72 76/76/71
f 80/80/75 79/79/74 76/76/71
f 81/81/76 79/79/74 80/80/75
f 82/82/77 81/81/76 80/80/75
f 83/83/78 81/81/76 82/82/77
f 84/84/79 83/83/78 82/82/77
f 85/85/80 83/83/78 84/84/79
f 86/86/81 85/85/80 84/84/79
f 87/87/82 85/85/80 86/86/81
f 88/88/83 87/87/82 86/86/81
f 89/89/84 87/87/82 88/88/83
f 90/86/85 91/88/86 92/90/87
f 93/87/88 91/88/86 90/86/85
f 94/85/89 93/87/88 90/86/85
f 95/77/90 93/87/88 94/85/89
f 96/91/91 95/77/90 94/85/89
f 97/81/92 95/77/90 96/91/91
f 98/83/93 97/81/92 96/91/91
f 99/82/94 97/81/92 98/83/93
f 100/84/95 99/82/94 98/83/93
f 101/92/96 99/82/94 100/84/95
f 102/93/97 103/94/98 104/95/99
f 105/96/100 103/94/98 102/93/97
f 80/80/75 105/96/100 102/93/97
f 106/97/101 105/96/100 80/80/75
f 76/76/71 106/97/101 80/80/75
f 107/98/102 106/97/101 76/76/71
f 78/78/73 107/98/102 76/76/71
f 108/99/103 107/98/102 78/78/73
f 89/89/84 108/99/103 78/78/73
f 109/73/104 110/66/105 111/62/106
f 112/74/107 110/66/105 109/73/104
f 113/72/108 112/74/107 109/73/104
f 114/75/109 112/74/107 113/72/108
f 115/70/110 114/75/109 113/72/108
f 116/68/111 114/75/109 115/70/110
f 117/69/112 116/68/111 115/70/110
f 118/67/113 116/68/111 117/69/112
f 93/87/88 119/89/114 91/88/86
f 120/78/115 119/89/114 93/87/88
f 95/77/90 120/78/115 93/87/88
f 121/76/116 120/78/115 95/77/90
f 122/79/117 121/76/116 95/77/90
f 123/80/118 121/76/116 122/79/117
f 97/81/92 123/80/118 122/79/117
f 99/82/94 123/80/118 97/81/92
f 124/100/119 111/62/106 125/101/120
f 109/73/104 111/62/106 124/100/119
f 126/102/121 109/73/104 124/100/119
f 127/103/122 109/73/104 126/102/121
f 128/104/123 127/103/122 126/102/121
f 129/105/124 127/103/122 128/104/123
f 125/101/120 129/105/124 128/104/123
f 62/62/57 130/106/125 63/63/58
f 131/101/126 130/106/125 62/62/57
f 132/107/127 131/101/126 62/62/57
f 133/104/128 131/101/126 132/107/127
f 134/102/129 133/104/128 132/107/127
f 135/103/130 133/104/128 134/102/129
f 73/73/68 135/103/130 134/102/129
f 120/78/115 136/99/131 119/89/114
f 137/98/132 136/99/131 120/78/115
f 121/76/116 137/98/132 120/78/115
f 138/97/133 137/98/132 121/76/116
f 123/80/118 138/97/133 121/76/116
f 139/96/134 138/97/133 123/80/118
f 140/93/135 139/96/134 123/80/118
f 141/108/136 142/109/137 143/110/138
f 144/111/139 142/109/137 141/108/136
f 145/112/140 144/111/139 141/108/136
f 146/113/141 144/111/139 145/112/140
f 147/114/142 146/113/141 145/112/140
f 148/112/143 146/113/141 147/114/142
f 149/115/144 150/116/145 151/117/146
f 152/118/147 150/116/145 149/115/144
f 153/119/148 152/118/147 149/115/144
f 154/115/149 152/118/147 153/119/148
f 155/120/150 154/115/149 153/119/148
f 111/62/106 156/61/151 157/63/152
f 158/64/153 156/61/151 111/62/106
f 110/66/105 158/64/153 111/62/106
f 159/65/154 158/64/153 110/66/105
f 118/67/113 159/65/154 110/66/105
f 94/85/89 98/83/93 96/91/91
f 100/84/95 98/83/93 94/85/89
f 90/86/85 100/84/95 94/85/89
f 160/121/155 100/84/95 90/86/85
f 161/122/156 160/121/155 90/86/85
f 162/123/157 163/124/158 164/125/158
f 165/126/157 163/124/158 162/123/157
f 166/127/159 165/126/157 162/123/157
f 167/128/159 165/126/157 166/127/159
f 168/123/160 169/129/161 170/125/161
f 171/130/160 169/129/161 168/123/160
f 172/127/162 171/130/160 168/123/160
f 173/131/162 171/130/160 172/127/162
f 174/126/163 175/115/164 176/124/165
f 177/132/166 175/115/164 174/126/163
f 178/128/167 177/132/166 174/126/163
f 179/133/168 177/132/166 178/128/167
f 180/123/169 176/124/170 181/125/170
f 174/126/169 176/124/170 180/123/169
f 182/127/171 174/126/169 180/123/169
f 178/128/171 174/126/169 182/127/171
f 183/132/172 184/134/173 185/133/174
f 186/135/175 184/134/173 183/132/172
f 187/115/176 186/135/175 183/132/172
f 188/120/177 186/135/175 187/115/176
f 171/130/178 189/115/168 169/129/167
f 190/132/179 189/115/168 171/130/178
f 173/131/180 190/132/179 171/130/178
f 191/133/149 190/132/179 173/131/180
f 192/134/150 190/132/179 191/133/149
f 193/135/181 190/132/179 192/134/150
f 194/136/182 193/135/181 192/134/150
f 195/137/183 193/135/181 194/136/182
f 196/138/184 197/139/138 198/140/185
f 199/141/186 197/139/138 196/138/184
f 200/142/165 199/141/186 196/138/184
f 201/143/164 199/141/186 200/142/165
f 196/138/184 202/144/187 200/142/187
f 203/145/184 202/144/187 196/138/184
f 198/140/188 203/145/184 196/138/184
f 204/146/188 203/145/184 198/140/188
f 205/147/189 206/110/190 207/148/191
f 142/109/137 206/110/190 205/147/189
f 208/148/185 142/109/137 205/147/189
f 143/110/138 142/109/137 208/148/185
f 209/106/192 111/62/106 157/63/152
f 125/101/120 111/62/106 209/106/192
f 210/149/193 125/101/120 209/106/192
f 129/105/124 125/101/120 210/149/193
f 199/141/186 211/150/136 197/139/138
f 212/151/194 211/150/136 199/141/186
f 213/152/195 212/151/194 199/141/186
f 214/153/196 212/151/194 213/152/195
f 215/138/197 216/144/198 217/142/198
f 218/145/197 216/144/198 215/138/197
f 219/140/199 218/145/197 215/138/197
f 220/146/199 218/145/197 219/140/199
f 103/94/98 140/93/135 221/95/200
f 139/96/134 140/93/135 103/94/98
f 222/154/201 139/96/134 103/94/98
f 138/97/133 139/96/134 222/154/201
f 223/134/202 177/132/166 179/133/168
f 224/135/203 177/132/166 223/134/202
f 225/136/183 224/135/203 223/134/202
f 226/137/196 224/135/203 225/136/183
f 215/138/204 227/143/176 217/142/205
f 228/141/206 227/143/176 215/138/204
f 219/140/191 228/141/206 215/138/204
f 229/139/190 228/141/206 219/140/191
f 230/130/207 231/127/208 232/131/208
f 233/123/207 231/127/208 230/130/207
f 234/129/209 233/123/207 230/130/207
f 235/125/209 233/123/207 234/129/209
f 81/81/76 77/77/72 79/79/74
f 236/91/210 77/77/72 81/81/76
f 83/83/78 236/91/210 81/81/76
f 85/85/80 236/91/210 83/83/78
f 165/126/211 185/133/174 167/128/212
f 183/132/172 185/133/174 165/126/211
f 163/124/205 183/132/172 165/126/211
f 187/115/176 183/132/172 163/124/205
f 237/150/213 228/141/206 229/139/190
f 238/151/214 228/141/206 237/150/213
f 239/155/143 238/151/214 237/150/213
f 240/153/215 238/151/214 239/155/143
f 230/130/216 241/133/144 232/131/146
f 242/132/217 241/133/144 230/130/216
f 234/129/212 242/132/217 230/130/216
f 243/115/174 242/132/217 234/129/212
f 242/132/217 244/134/218 241/133/144
f 245/135/219 244/134/218 242/132/217
f 243/115/174 245/135/219 242/132/217
f 246/120/173 245/135/219 243/115/174
f 131/101/126 247/149/220 130/106/125
f 248/105/221 247/149/220 131/101/126
f 133/104/128 248/105/221 131/101/126
f 135/103/130 248/105/221 133/104/128
f 150/116/145 249/156/147 151/117/146
f 250/117/180 249/156/147 150/116/145
f 154/115/149 250/117/180 150/116/145
f 150/116/222 151/117/223 249/156/224
f 149/115/225 151/117/223 150/116/222
f 152/118/226 149/115/225 150/116/222
f 153/119/148 251/137/182 155/120/150
f 252/157/227 251/137/182 153/119/148
f 253/137/228 252/157/227 153/119/148
f 254/71/229 113/72/108 109/73/104
f 115/70/110 113/72/108 254/71/229
f 117/69/112 115/70/110 254/71/229
f 255/158/230 250/117/231 256/159/231
f 249/156/230 250/117/231 255/158/230
f 151/117/232 249/156/230 255/158/230
f 205/147/233 257/160/234 207/148/234
f 258/161/233 257/160/234 205/147/233
f 259/160/235 258/161/233 205/147/233
f 82/82/77 260/92/236 84/84/79
f 102/93/97 260/92/236 82/82/77
f 80/80/75 102/93/97 82/82/77
f 163/124/237 162/123/238 164/125/237
f 165/126/238 162/123/238 163/124/237
f 234/129/239 233/123/240 235/125/239
f 230/130/240 233/123/240 234/129/239
f 259/160/241 205/147/189 258/161/189
f 208/148/241 205/147/189 259/160/241
f 261/120/195 224/135/203 226/137/196
f 175/115/164 224/135/203 261/120/195
f 228/141/242 219/140/243 215/138/197
f 229/139/243 219/140/243 228/141/242
f 262/137/244 245/135/219 246/120/173
f 263/136/228 245/135/219 262/137/244
f 105/96/100 264/154/245 103/94/98
f 106/97/101 264/154/245 105/96/100
f 265/137/215 186/135/175 188/120/177
f 266/136/244 186/135/175 265/137/215
f 216/144/246 215/138/204 217/142/246
f 218/145/204 215/138/204 216/144/246
f 250/117/247 255/158/248 256/159/247
f 249/156/248 255/158/248 250/117/247
f 202/144/249 196/138/250 200/142/249
f 203/145/250 196/138/250 202/144/249
f 267/120/202 193/135/181 195/137/183
f 189/115/168 193/135/181 267/120/202
f 227/143/251 215/138/197 217/142/251
f 228/141/242 215/138/197 227/143/251
f 169/129/252 168/123/253 170/125/252
f 171/130/253 168/123/253 169/129/252
f 268/155/140 212/151/194 214/153/196
f 211/150/136 212/151/194 268/155/140
f 176/124/254 180/123/255 181/125/254
f 174/126/255 180/123/255 176/124/254
f 185/133/256 165/126/257 167/128/256
f 183/132/257 165/126/257 185/133/256
f 142/109/137 269/108/213 206/110/190
f 144/111/139 269/108/213 142/109/137
f 148/112/143 144/111/139 146/113/141
f 269/108/213 144/111/139 148/112/143
f 219/140/258 218/145/204 220/146/258
f 215/138/204 218/145/204 219/140/258
f 198/140/259 203/145/250 204/146/259
f 196/138/250 203/145/250 198/140/259
f 174/126/255 182/127/260 180/123/255
f 178/128/260 182/127/260 174/126/255
f 171/130/253 172/127/261 168/123/253
f 173/131/261 172/127/261 171/130/253
f 200/142/262 199/141/263 201/143/262
f 196/138/250 199/141/263 200/142/262
f 114/75/109 110/66/105 112/74/107
f 116/68/111 110/66/105 114/75/109
f 124/100/119 128/104/123 126/102/121
f 125/101/120 128/104/123 124/100/119
f 189/115/264 171/130/265 169/129/264
f 190/132/265 171/130/265 189/115/264
f 241/133/225 230/130/266 232/131/223
f 242/132/266 230/130/266 241/133/225
f 175/115/262 174/126/267 176/124/262
f 177/132/267 174/126/267 175/115/262
f 206/110/243 205/147/233 207/148/243
f 142/109/233 205/147/233 206/110/243
f 73/73/68 132/107/127 62/62/57
f 134/102/129 132/107/127 73/73/68
f 183/132/257 163/124/251 165/126/257
f 187/115/251 163/124/251 183/132/257
f 75/75/70 72/72/67 74/74/69
f 70/70/65 72/72/67 75/75/70
f 242/132/266 234/129/256 230/130/266
f 243/115/256 234/129/256 242/132/266
f 255/158/248 151/117/268 270/159/268
f 249/156/248 151/117/268 255/158/248
f 271/121/269 86/86/81 84/84/79
f 161/122/156 86/86/81 271/121/269
f 142/109/233 208/148/270 205/147/233
f 143/110/270 208/148/270 142/109/233
f 85/85/80 77/77/72 236/91/210
f 87/87/82 77/77/72 85/85/80
f 87/87/82 78/78/73 77/77/72
f 89/89/84 78/78/73 87/87/82
f 86/86/81 272/90/271 88/88/83
f 161/122/156 272/90/271 86/86/81
f 66/66/61 62/62/57 64/64/59
f 73/73/68 62/62/57 66/66/61
f 250/117/272 150/116/222 249/156/224
f 154/115/273 150/116/222 250/117/272
f 197/139/270 196/138/250 198/140/270
f 199/141/263 196/138/250 197/139/270
f 177/132/267 178/128/264 174/126/267
f 179/133/264 178/128/264 177/132/267
f 190/132/265 173/131/272 171/130/265
f 191/133/273 173/131/272 190/132/265
f 153/119/148 273/120/218 253/137/228
f 149/115/144 273/120/218 153/119/148
f 274/152/177 238/151/214 240/153/215
f 227/143/176 238/151/214 274/152/177
f 231/127/274 230/130/240 232/131/274
f 233/123/240 230/130/240 231/127/274
f 257/160/275 205/147/189 207/148/275
f 258/161/189 205/147/189 257/160/275
f 166/127/276 165/126/238 167/128/276
f 162/123/238 165/126/238 166/127/276
f 99/82/94 140/93/135 123/80/118
f 101/92/96 140/93/135 99/82/94
f 275/162/104 276/163/122 277/164/229
f 278/162/68 279/164/66 280/163/130
f 205/147/233 208/148/235 259/160/235
f 228/141/206 238/151/214 227/143/176
f 270/159/232 151/117/232 255/158/230
f 175/115/164 177/132/166 224/135/203
f 263/136/228 244/134/218 245/135/219
f 186/135/175 266/136/244 184/134/173
f 189/115/168 190/132/179 193/135/181
f 199/141/186 201/143/164 213/152/195
f 159/65/154 156/61/151 158/64/153
f 118/67/113 110/66/105 116/68/111
f 154/115/273 152/118/226 150/116/222
f 154/115/149 150/116/145 152/118/147
f 122/79/117 95/77/90 97/81/92
f 92/90/87 161/122/156 90/86/85
f 281/165/277 282/166/278 283/167/279
f 284/168/280 282/166/278 281/165/277
f 285/169/281 284/168/280 281/165/277
f 286/170/282 284/168/280 285/169/281
f 287/171/283 286/170/282 285/169/281
f 288/172/284 286/170/282 287/171/283
f 289/173/285 288/172/284 287/171/283
f 290/174/286 288/172/284 289/173/285
f 291/175/287 290/174/286 289/173/285
f 292/176/288 290/174/286 291/175/287
f 293/177/289 292/176/288 291/175/287
f 294/178/290 292/176/288 293/177/289
f 295/179/291 294/178/290 293/177/289
f 296/180/292 294/178/290 295/179/291
f 297/181/293 296/180/292 295/179/291
f 298/182/294 296/180/292 297/181/293
f 299/180/295 298/182/294 297/181/293
f 300/168/296 298/182/294 299/180/295
f 301/170/297 300/168/296 299/180/295
f 302/169/298 300/168/296 301/170/297
f 303/171/299 302/169/298 301/170/297
f 304/165/300 302/169/298 303/171/299
f 305/167/301 304/165/300 303/171/299
f 306/166/302 304/165/300 305/167/301
f 307/175/303 308/173/304 309/174/305
f 310/183/306 308/173/304 307/175/303
f 311/184/307 310/183/306 307/175/303
f 312/185/308 310/183/306 311/184/307
f 313/186/309 312/185/308 311/184/307
f 314/184/310 312/185/308 313/186/309
f 315/187/311 314/184/310 313/186/309
f 291/175/287 314/184/310 315/187/311
f 316/188/312 291/175/287 315/187/311
f 317/189/313 291/175/287 316/188/312
f 318/190/314 317/189/313 316/188/312
f 319/191/315 317/189/313 318/190/314
f 320/192/316 319/191/315 318/190/314
f 295/179/291 319/191/315 320/192/316
f 321/193/317 295/179/291 320/192/316
f 322/194/318 295/179/291 321/193/317
f 323/195/156 322/194/318 321/193/317
f 324/193/319 322/194/318 323/195/156
f 325/196/320 326/197/321 327/198/322
f 328/199/323 326/197/321 325/196/320
f 329/197/324 328/199/323 325/196/320
f 330/200/325 328/199/323 329/197/324
f 331/201/326 330/200/325 329/197/324
f 332/202/327 330/200/325 331/201/326
f 333/203/328 332/202/327 331/201/326
f 334/204/329 332/202/327 333/203/328
f 335/205/330 334/204/329 333/203/328
f 336/203/331 334/204/329 335/205/330
f 337/206/332 336/203/331 335/205/330
f 330/200/325 336/203/331 337/206/332
f 328/199/323 330/200/325 337/206/332
f 338/196/320 339/199/322 340/197/324
f 341/197/321 339/199/322 338/196/320
f 342/198/323 341/197/321 338/196/320
f 343/200/333 341/197/321 342/198/323
f 344/201/332 343/200/333 342/198/323
f 345/203/328 343/200/333 344/201/332
f 346/202/330 345/203/328 344/201/332
f 347/204/329 345/203/328 346/202/330
f 348/203/331 347/204/329 346/202/330
f 349/205/327 347/204/329 348/203/331
f 350/206/326 349/205/327 348/203/331
f 343/200/333 349/205/327 350/206/326
f 341/197/321 343/200/333 350/206/326
f 351/207/334 352/208/335 353/209/336
f 354/210/337 352/208/335 351/207/334
f 355/211/338 354/210/337 351/207/334
f 356/212/339 354/210/337 355/211/338
f 357/213/340 356/212/339 355/211/338
f 358/214/341 356/212/339 357/213/340
f 359/215/342 358/214/341 357/213/340
f 360/216/343 358/214/341 359/215/342
f 361/217/344 360/216/343 359/215/342
f 362/218/345 360/216/343 361/217/344
f 363/219/346 362/218/345 361/217/344
f 279/164/66 362/218/345 363/219/346
f 280/163/130 279/164/66 363/219/346
f 303/171/299 310/183/306 305/167/301
f 308/173/304 310/183/306 303/171/299
f 364/172/347 308/173/304 303/171/299
f 309/174/305 308/173/304 364/172/347
f 365/176/348 309/174/305 364/172/347
f 307/175/303 309/174/305 365/176/348
f 366/177/349 307/175/303 365/176/348
f 367/191/350 307/175/303 366/177/349
f 368/179/351 367/191/350 366/177/349
f 369/192/352 367/191/350 368/179/351
f 324/193/319 369/192/352 368/179/351
f 370/220/353 371/221/354 372/222/355
f 373/223/356 371/221/354 370/220/353
f 374/224/357 373/223/356 370/220/353
f 375/225/358 373/223/356 374/224/357
f 376/226/359 375/225/358 374/224/357
f 377/227/360 375/225/358 376/226/359
f 378/228/361 377/227/360 376/226/359
f 379/229/362 377/227/360 378/228/361
f 380/230/363 379/229/362 378/228/361
f 381/231/364 379/229/362 380/230/363
f 382/232/365 383/233/200 384/234/366
f 385/235/367 383/233/200 382/232/365
f 386/236/368 385/235/367 382/232/365
f 387/232/369 385/235/367 386/236/368
f 388/187/370 387/232/369 386/236/368
f 389/190/371 387/232/369 388/187/370
f 390/188/372 389/190/371 388/187/370
f 391/189/373 389/190/371 390/188/372
f 307/175/303 391/189/373 390/188/372
f 367/191/350 391/189/373 307/175/303
f 392/221/374 393/220/375 394/222/376
f 395/223/377 393/220/375 392/221/374
f 396/237/378 395/223/377 392/221/374
f 397/238/379 395/223/377 396/237/378
f 398/227/380 397/238/379 396/237/378
f 399/225/381 397/238/379 398/227/380
f 400/226/382 399/225/381 398/227/380
f 401/224/383 399/225/381 400/226/382
f 402/239/384 401/224/383 400/226/382
f 403/240/383 404/241/353 405/242/375
f 406/243/357 404/241/353 403/240/383
f 407/244/385 406/243/357 403/240/383
f 408/245/386 406/243/357 407/244/385
f 409/246/387 408/245/386 407/244/385
f 410/247/388 408/245/386 409/246/387
f 411/248/389 410/247/388 409/246/387
f 412/249/390 410/247/388 411/248/389
f 413/250/391 412/249/390 411/248/389
f 414/251/392 415/252/393 416/253/394
f 417/254/395 415/252/393 414/251/392
f 418/254/396 417/254/395 414/251/392
f 419/255/397 417/254/395 418/254/396
f 420/254/398 419/255/397 418/254/396
f 421/254/399 419/255/397 420/254/398
f 422/251/400 421/254/399 420/254/398
f 423/252/401 421/254/399 422/251/400
f 424/253/402 423/252/401 422/251/400
f 425/256/403 426/257/404 427/258/405
f 428/259/406 426/257/404 425/256/403
f 429/260/407 428/259/406 425/256/403
f 430/261/408 428/259/406 429/260/407
f 431/262/409 430/261/408 429/260/407
f 432/263/410 430/261/408 431/262/409
f 433/264/411 432/263/410 431/262/409
f 434/265/412 432/263/410 433/264/411
f 435/266/413 436/267/351 437/268/414
f 438/269/415 436/267/351 435/266/413
f 439/268/302 438/269/415 435/266/413
f 440/267/416 438/269/415 439/268/302
f 441/266/301 440/267/416 439/268/302
f 442/269/417 440/267/416 441/266/301
f 443/268/306 442/269/417 441/266/301
f 444/270/308 442/269/417 443/268/306
f 445/271/418 446/272/152 447/273/151
f 448/274/419 446/272/152 445/271/418
f 449/275/420 448/274/419 445/271/418
f 450/276/421 448/274/419 449/275/420
f 451/277/422 450/276/421 449/275/420
f 452/278/423 450/276/421 451/277/422
f 453/279/424 452/278/423 451/277/422
f 454/280/425 452/278/423 453/279/424
f 428/259/406 455/281/391 426/257/404
f 456/282/390 455/281/391 428/259/406
f 430/261/408 456/282/390 428/259/406
f 457/283/426 456/282/390 430/261/408
f 432/263/410 457/283/426 430/261/408
f 458/284/427 457/283/426 432/263/410
f 459/285/364 458/284/427 432/263/410
f 460/286/363 458/284/427 459/285/364
f 461/287/428 462/288/429 463/289/430
f 464/290/431 462/288/429 461/287/428
f 465/291/432 464/290/431 461/287/428
f 466/292/433 464/290/431 465/291/432
f 467/293/434 466/292/433 465/291/432
f 468/294/435 466/292/433 467/293/434
f 469/295/436 468/294/435 467/293/434
f 470/296/437 468/294/435 469/295/436
f 318/190/314 384/234/366 320/192/316
f 382/232/365 384/234/366 318/190/314
f 315/187/311 382/232/365 318/190/314
f 386/236/368 382/232/365 315/187/311
f 313/186/309 386/236/368 315/187/311
f 388/187/370 386/236/368 313/186/309
f 311/184/307 388/187/370 313/186/309
f 307/175/303 388/187/370 311/184/307
f 471/297/438 102/93/97 104/95/99
f 260/92/236 102/93/97 471/297/438
f 472/298/352 260/92/236 471/297/438
f 84/84/79 260/92/236 472/298/352
f 473/299/319 84/84/79 472/298/352
f 271/121/269 84/84/79 473/299/319
f 161/122/156 271/121/269 473/299/319
f 474/300/439 475/301/440 476/302/441
f 477/303/442 475/301/440 474/300/439
f 478/304/443 477/303/442 474/300/439
f 479/305/444 477/303/442 478/304/443
f 480/306/445 479/305/444 478/304/443
f 481/307/446 479/305/444 480/306/445
f 482/308/447 481/307/446 480/306/445
f 483/309/448 484/310/449 485/311/450
f 486/312/451 484/310/449 483/309/448
f 487/313/452 486/312/451 483/309/448
f 488/314/124 486/312/451 487/313/452
f 489/219/453 488/314/124 487/313/452
f 276/163/122 488/314/124 489/219/453
f 277/164/229 276/163/122 489/219/453
f 490/315/454 491/316/455 492/317/456
f 493/318/457 491/316/455 490/315/454
f 494/319/458 493/318/457 490/315/454
f 495/320/394 493/318/457 494/319/458
f 496/321/459 495/320/394 494/319/458
f 497/322/460 495/320/394 496/321/459
f 498/323/461 497/322/460 496/321/459
f 499/234/438 389/190/371 369/192/352
f 387/232/369 389/190/371 499/234/438
f 500/233/99 387/232/369 499/234/438
f 385/235/367 387/232/369 500/233/99
f 501/324/462 385/235/367 500/233/99
f 383/233/200 385/235/367 501/324/462
f 502/325/98 383/233/200 501/324/462
f 503/231/463 504/326/464 505/327/465
f 396/237/378 504/326/464 503/231/463
f 506/229/466 396/237/378 503/231/463
f 398/227/380 396/237/378 506/229/466
f 507/228/467 398/227/380 506/229/466
f 400/226/382 398/227/380 507/228/467
f 402/239/384 400/226/382 507/228/467
f 508/328/468 509/329/469 510/330/470
f 511/319/471 509/329/469 508/328/468
f 512/315/472 511/319/471 508/328/468
f 513/318/473 511/319/471 512/315/472
f 514/316/474 513/318/473 512/315/472
f 515/331/475 513/318/473 514/316/474
f 516/332/476 515/331/475 514/316/474
f 517/333/477 518/334/477 519/335/478
f 520/336/479 518/334/477 517/333/477
f 521/335/479 520/336/479 517/333/477
f 522/334/480 520/336/479 521/335/479
f 523/333/480 522/334/480 521/335/479
f 524/335/481 522/334/480 523/333/480
f 525/337/482 421/254/399 423/252/401
f 419/255/397 421/254/399 525/337/482
f 526/338/483 419/255/397 525/337/482
f 527/337/484 419/255/397 526/338/483
f 528/339/485 527/337/484 526/338/483
f 529/340/441 527/337/484 528/339/485
f 530/341/486 427/258/405 531/342/487
f 425/256/403 427/258/405 530/341/486
f 532/343/463 425/256/403 530/341/486
f 429/260/407 425/256/403 532/343/463
f 533/344/488 429/260/407 532/343/463
f 534/345/489 429/260/407 533/344/488
f 535/346/490 536/347/374 537/348/376
f 538/216/491 536/347/374 535/346/490
f 539/349/492 538/216/491 535/346/490
f 540/218/493 538/216/491 539/349/492
f 541/350/112 540/218/493 539/349/492
f 277/164/229 540/218/493 541/350/112
f 542/207/494 543/209/465 544/208/495
f 545/213/496 543/209/465 542/207/494
f 546/211/497 545/213/496 542/207/494
f 547/212/498 545/213/496 546/211/497
f 548/210/499 547/212/498 546/211/497
f 536/347/374 547/212/498 548/210/499
f 340/197/324 342/198/323 338/196/320
f 344/201/332 342/198/323 340/197/324
f 549/200/325 344/201/332 340/197/324
f 346/202/330 344/201/332 549/200/325
f 348/203/331 346/202/330 549/200/325
f 550/351/500 551/352/501 552/353/502
f 553/354/503 551/352/501 550/351/500
f 554/355/504 553/354/503 550/351/500
f 555/356/505 553/354/503 554/355/504
f 556/357/506 555/356/505 554/355/504
f 407/244/385 411/248/389 409/246/387
f 557/358/507 411/248/389 407/244/385
f 558/359/508 557/358/507 407/244/385
f 413/250/391 557/358/507 558/359/508
f 559/360/404 413/250/391 558/359/508
f 560/237/509 379/229/362 381/231/364
f 377/227/360 379/229/362 560/237/509
f 561/238/510 377/227/360 560/237/509
f 375/225/358 377/227/360 561/238/510
f 373/223/356 375/225/358 561/238/510
f 492/317/456 562/361/511 563/362/512
f 564/363/440 562/361/511 492/317/456
f 491/316/455 564/363/440 492/317/456
f 565/332/441 564/363/440 491/316/455
f 566/331/513 565/332/441 491/316/455
f 567/299/317 160/121/155 161/122/156
f 100/84/95 160/121/155 567/299/317
f 568/298/316 100/84/95 567/299/317
f 101/92/96 100/84/95 568/298/316
f 569/297/366 101/92/96 568/298/316
f 327/198/322 329/197/324 325/196/320
f 331/201/326 329/197/324 327/198/322
f 570/200/333 331/201/326 327/198/322
f 333/203/328 331/201/326 570/200/333
f 335/205/330 333/203/328 570/200/333
f 284/168/280 298/182/294 571/364/514
f 296/180/292 298/182/294 284/168/280
f 286/170/282 296/180/292 284/168/280
f 294/178/290 296/180/292 286/170/282
f 288/172/284 294/178/290 286/170/282
f 572/351/515 573/365/516 574/366/517
f 575/367/518 573/365/516 572/351/515
f 576/355/519 575/367/518 572/351/515
f 577/357/520 575/367/518 576/355/519
f 578/356/521 577/357/520 576/355/519
f 284/168/280 579/368/522 282/166/278
f 580/369/414 579/368/522 284/168/280
f 571/364/514 580/369/414 284/168/280
f 300/168/296 580/369/414 571/364/514
f 298/182/294 300/168/296 571/364/514
f 581/290/523 582/291/524 583/287/525
f 584/292/526 582/291/524 581/290/523
f 585/370/527 584/292/526 581/290/523
f 586/294/528 584/292/526 585/370/527
f 587/371/529 586/294/528 585/370/527
f 588/372/530 589/373/531 590/374/532
f 591/375/344 589/373/531 588/372/530
f 592/376/533 591/375/344 588/372/530
f 593/377/534 591/375/344 592/376/533
f 594/378/535 593/377/534 592/376/533
f 595/379/536 596/380/60 597/381/56
f 598/382/537 596/380/60 595/379/536
f 599/383/538 598/382/537 595/379/536
f 600/384/517 598/382/537 599/383/538
f 422/251/400 601/322/539 424/253/402
f 602/385/540 601/322/539 422/251/400
f 603/251/541 602/385/540 422/251/400
f 604/385/542 602/385/540 603/251/541
f 605/386/543 602/385/540 604/385/542
f 606/385/544 602/385/540 605/386/543
f 607/385/545 606/385/544 605/386/543
f 608/251/546 606/385/544 607/385/545
f 581/290/523 609/387/547 610/388/548
f 462/288/429 609/387/547 581/290/523
f 583/287/525 462/288/429 581/290/523
f 463/289/430 462/288/429 583/287/525
f 611/389/549 612/323/550 613/330/551
f 614/321/552 612/323/550 611/389/549
f 615/390/553 614/321/552 611/389/549
f 511/319/471 614/321/552 615/390/553
f 616/326/554 381/231/364 617/327/336
f 560/237/509 381/231/364 616/326/554
f 618/391/337 560/237/509 616/326/554
f 371/221/354 560/237/509 618/391/337
f 619/229/486 506/229/466 503/231/463
f 507/228/467 506/229/466 619/229/486
f 620/392/487 507/228/467 619/229/486
f 402/239/384 507/228/467 620/392/487
f 368/179/351 299/180/295 297/181/293
f 621/178/555 299/180/295 368/179/351
f 366/177/349 621/178/555 368/179/351
f 365/176/348 621/178/555 366/177/349
f 457/283/426 622/393/388 456/282/390
f 623/394/556 622/393/388 457/283/426
f 458/284/427 623/394/556 457/283/426
f 460/286/363 623/394/556 458/284/427
f 624/395/557 588/372/530 625/396/558
f 592/376/533 588/372/530 624/395/557
f 626/397/559 592/376/533 624/395/557
f 627/398/560 592/376/533 626/397/559
f 378/228/361 628/392/561 380/230/363
f 629/239/562 628/392/561 378/228/361
f 376/226/359 629/239/562 378/228/361
f 374/224/357 629/239/562 376/226/359
f 586/294/528 469/295/436 630/293/563
f 470/296/437 469/295/436 586/294/528
f 587/371/564 470/296/437 586/294/528
f 631/399/565 470/296/437 587/371/564
f 545/213/496 632/215/566 543/209/465
f 633/214/567 632/215/566 545/213/496
f 547/212/498 633/214/567 545/213/496
f 536/347/374 633/214/567 547/212/498
f 634/353/568 574/366/517 635/400/538
f 572/351/515 574/366/517 634/353/568
f 636/352/569 572/351/515 634/353/568
f 637/354/570 572/351/515 636/352/569
f 638/350/64 362/218/345 279/164/66
f 639/349/571 362/218/345 638/350/64
f 640/401/62 639/349/571 638/350/64
f 641/402/516 639/349/571 640/401/62
f 639/349/571 360/216/343 362/218/345
f 642/346/572 360/216/343 639/349/571
f 643/403/573 642/346/572 639/349/571
f 644/348/355 642/346/572 643/403/573
f 645/404/534 363/219/346 361/217/344
f 646/313/574 363/219/346 645/404/534
f 647/405/535 646/313/574 645/404/534
f 648/309/575 646/313/574 647/405/535
f 649/380/154 650/379/576 651/381/151
f 652/382/577 650/379/576 649/380/154
f 653/384/578 652/382/577 649/380/154
f 654/383/579 652/382/577 653/384/578
f 614/321/552 601/322/539 612/323/550
f 655/320/402 601/322/539 614/321/552
f 511/319/471 655/320/402 614/321/552
f 513/318/473 655/320/402 511/319/471
f 656/406/580 657/407/581 658/408/447
f 659/409/582 657/407/581 656/406/580
f 660/410/583 659/409/582 656/406/580
f 661/411/584 659/409/582 660/410/583
f 448/274/419 662/412/585 446/272/152
f 663/413/586 662/412/585 448/274/419
f 664/414/587 663/413/586 448/274/419
f 665/415/449 663/413/586 664/414/587
f 666/402/588 667/403/589 668/416/590
f 539/349/492 667/403/589 666/402/588
f 669/401/113 539/349/492 666/402/588
f 541/350/112 539/349/492 669/401/113
f 670/417/591 671/418/592 672/419/592
f 673/269/593 671/418/592 670/417/591
f 674/268/594 673/269/593 670/417/591
f 675/266/279 673/269/593 674/268/594
f 676/420/595 247/149/220 248/105/221
f 677/421/596 247/149/220 676/420/595
f 678/422/449 677/421/596 676/420/595
f 679/423/587 677/421/596 678/422/449
f 210/149/193 680/420/451 129/105/124
f 681/421/597 680/420/451 210/149/193
f 682/423/585 681/421/597 210/149/193
f 678/422/449 681/421/597 682/423/585
f 683/336/478 519/335/478 518/334/477
f 684/333/598 519/335/478 683/336/478
f 685/334/598 684/333/598 683/336/478
f 686/336/599 684/333/598 685/334/598
f 687/366/578 552/353/502 688/400/579
f 550/351/500 552/353/502 687/366/578
f 689/365/588 550/351/500 687/366/578
f 690/367/590 550/351/500 689/365/588
f 606/385/544 495/320/394 497/322/460
f 414/251/392 495/320/394 606/385/544
f 608/251/546 414/251/392 606/385/544
f 418/254/396 414/251/392 608/251/546
f 691/424/342 692/425/531 693/426/344
f 694/427/600 692/425/531 691/424/342
f 695/428/336 694/427/600 691/424/342
f 459/285/364 694/427/600 695/428/336
f 445/271/418 451/277/422 449/275/420
f 696/429/601 451/277/422 445/271/418
f 447/273/151 696/429/601 445/271/418
f 697/430/576 696/429/601 447/273/151
f 698/431/602 699/432/603 700/433/604
f 701/434/605 699/432/603 698/431/602
f 702/435/606 701/434/605 698/431/602
f 703/267/291 704/266/522 437/268/414
f 705/269/607 704/266/522 703/267/291
f 706/436/608 705/269/607 703/267/291
f 707/317/609 514/316/474 512/315/472
f 708/363/610 514/316/474 707/317/609
f 709/361/611 708/363/610 707/317/609
f 498/323/461 710/330/612 711/330/613
f 712/330/614 710/330/612 498/323/461
f 713/389/615 712/330/614 498/323/461
f 714/437/616 609/387/617 715/388/618
f 610/388/619 609/387/617 714/437/616
f 585/370/620 610/388/619 714/437/616
f 670/417/591 444/270/308 674/268/594
f 442/269/417 444/270/308 670/417/591
f 716/418/621 442/269/417 670/417/591
f 714/437/616 587/371/622 585/370/620
f 631/399/623 587/371/622 714/437/616
f 717/371/624 631/399/623 714/437/616
f 408/245/386 718/438/562 406/243/357
f 719/439/561 718/438/562 408/245/386
f 720/440/556 719/439/561 408/245/386
f 721/347/354 642/346/572 644/348/355
f 360/216/343 642/346/572 721/347/354
f 358/214/341 360/216/343 721/347/354
f 351/207/334 357/213/340 355/211/338
f 359/215/342 357/213/340 351/207/334
f 353/209/336 359/215/342 351/207/334
f 641/402/516 598/382/537 600/384/517
f 596/380/60 598/382/537 641/402/516
f 640/401/62 596/380/60 641/402/516
f 679/423/587 247/149/220 677/421/596
f 130/106/125 247/149/220 679/423/587
f 63/63/58 130/106/125 679/423/587
f 722/441/469 723/442/625 724/443/470
f 725/444/626 723/442/625 722/441/469
f 726/445/627 725/444/626 722/441/469
f 727/446/477 728/447/628 729/448/629
f 730/449/630 728/447/628 727/446/477
f 731/447/631 730/449/630 727/446/477
f 732/450/632 733/451/629 734/452/633
f 735/453/634 733/451/629 732/450/632
f 736/454/582 735/453/634 732/450/632
f 732/450/632 737/453/635 736/454/582
f 738/451/636 737/453/635 732/450/632
f 739/452/637 738/451/636 732/450/632
f 740/455/638 627/398/560 741/456/448
f 592/376/533 627/398/560 740/455/638
f 594/378/535 592/376/533 740/455/638
f 740/455/638 742/457/575 594/378/535
f 743/458/450 742/457/575 740/455/638
f 741/456/448 743/458/450 740/455/638
f 395/223/377 401/224/383 393/220/375
f 399/225/381 401/224/383 395/223/377
f 397/238/379 399/225/381 395/223/377
f 558/359/508 744/459/405 559/360/404
f 745/460/487 744/459/405 558/359/508
f 746/461/384 745/460/487 558/359/508
f 322/194/318 297/181/293 295/179/291
f 368/179/351 297/181/293 322/194/318
f 324/193/319 368/179/351 322/194/318
f 696/429/601 453/279/424 451/277/422
f 747/462/639 453/279/424 696/429/601
f 697/430/576 747/462/639 696/429/601
f 748/463/640 589/373/531 749/464/641
f 590/374/532 589/373/531 748/463/640
f 750/465/411 590/374/532 748/463/640
f 480/306/445 751/466/642 482/308/447
f 752/467/611 751/466/642 480/306/445
f 753/468/610 752/467/611 480/306/445
f 477/303/442 754/469/511 475/301/440
f 755/470/512 754/469/511 477/303/442
f 756/471/643 755/470/512 477/303/442
f 757/472/644 758/473/476 753/468/610
f 759/474/485 758/473/476 757/472/644
f 478/304/443 759/474/485 757/472/644
f 621/178/555 301/170/297 299/180/295
f 364/172/347 301/170/297 621/178/555
f 365/176/348 364/172/347 621/178/555
f 760/475/598 761/476/645 762/477/646
f 763/453/647 761/476/645 760/475/598
f 764/478/648 763/453/647 760/475/598
f 760/475/598 765/453/649 764/478/648
f 766/476/650 765/453/649 760/475/598
f 767/477/651 766/476/650 760/475/598
f 768/479/320 769/480/652 770/481/653
f 771/481/654 769/480/652 768/479/320
f 772/480/655 771/481/654 768/479/320
f 768/479/320 773/481/656 772/480/655
f 774/480/657 773/481/656 768/479/320
f 775/481/658 774/480/657 768/479/320
f 493/318/457 566/331/513 491/316/455
f 776/482/393 566/331/513 493/318/457
f 495/320/394 776/482/393 493/318/457
f 777/183/594 287/171/283 283/167/279
f 289/173/285 287/171/283 777/183/594
f 291/175/287 289/173/285 777/183/594
f 778/446/659 779/447/660 780/448/645
f 781/449/661 779/447/660 778/446/659
f 782/447/662 781/449/661 778/446/659
f 778/446/659 783/448/636 782/447/662
f 784/483/663 783/448/636 778/446/659
f 785/484/664 784/483/663 778/446/659
f 339/199/322 549/200/325 340/197/324
f 350/206/326 549/200/325 339/199/322
f 341/197/321 350/206/326 339/199/322
f 786/485/665 787/486/606 788/487/530
f 789/488/605 787/486/606 786/485/665
f 431/262/409 789/488/605 786/485/665
f 625/396/558 698/431/602 700/433/604
f 702/435/606 698/431/602 625/396/558
f 588/372/530 702/435/606 625/396/558
f 326/197/321 570/200/333 327/198/322
f 337/206/332 570/200/333 326/197/321
f 328/199/323 337/206/332 326/197/321
f 790/390/666 496/321/459 494/319/458
f 713/389/615 496/321/459 790/390/666
f 778/446/659 791/483/667 785/484/664
f 780/448/645 791/483/667 778/446/659
f 140/93/135 569/297/366 221/95/200
f 101/92/96 569/297/366 140/93/135
f 792/489/532 786/485/665 788/487/530
f 433/264/411 786/485/665 792/489/532
f 793/490/465 533/344/488 532/343/463
f 794/491/566 533/344/488 793/490/465
f 694/427/600 432/263/410 434/265/412
f 459/285/364 432/263/410 694/427/600
f 438/269/415 795/492/668 436/267/351
f 796/436/668 795/492/668 438/269/415
f 797/391/499 396/237/378 392/221/374
f 504/326/464 396/237/378 797/391/499
f 798/493/669 748/463/640 749/464/641
f 750/465/411 748/463/640 798/493/669
f 799/492/670 705/269/607 800/436/670
f 801/267/671 705/269/607 799/492/670
f 802/436/672 801/267/671 803/492/672
f 673/269/593 801/267/671 802/436/672
f 548/210/499 542/207/494 544/208/495
f 546/211/497 542/207/494 548/210/499
f 675/266/279 801/267/671 673/269/593
f 804/268/278 801/267/671 675/266/279
f 804/268/278 705/269/607 801/267/671
f 704/266/522 705/269/607 804/268/278
f 442/269/417 805/492/673 440/267/416
f 806/436/673 805/492/673 442/269/417
f 440/267/416 807/436/674 438/269/415
f 808/492/674 807/436/674 440/267/416
f 584/292/526 630/293/563 582/291/524
f 586/294/528 630/293/563 584/292/526
f 717/371/675 470/296/437 631/399/565
f 468/294/435 470/296/437 717/371/675
f 609/387/547 464/290/431 715/388/676
f 462/288/429 464/290/431 609/387/547
f 356/212/339 721/347/354 354/210/337
f 358/214/341 721/347/354 356/212/339
f 809/416/518 639/349/571 641/402/516
f 643/403/573 639/349/571 809/416/518
f 363/219/346 810/314/221 280/163/130
f 646/313/574 810/314/221 363/219/346
f 646/313/574 811/312/595 810/314/221
f 648/309/575 811/312/595 646/313/574
f 648/309/575 484/310/449 811/312/595
f 485/311/450 484/310/449 648/309/575
f 464/290/431 812/370/677 715/388/678
f 466/292/433 812/370/677 464/290/431
f 813/405/560 487/313/452 483/309/448
f 814/404/559 487/313/452 813/405/560
f 814/404/559 489/219/453 487/313/452
f 815/217/557 489/219/453 814/404/559
f 717/371/679 466/292/433 468/294/435
f 812/370/677 466/292/433 717/371/679
f 489/219/453 540/218/493 277/164/229
f 815/217/557 540/218/493 489/219/453
f 667/403/589 535/346/490 537/348/376
f 539/349/492 535/346/490 667/403/589
f 815/217/557 538/216/491 540/218/493
f 632/215/566 538/216/491 815/217/557
f 633/214/567 538/216/491 632/215/566
f 536/347/374 538/216/491 633/214/567
f 816/410/680 659/409/582 661/411/584
f 817/406/681 659/409/582 816/410/680
f 818/483/682 727/446/477 729/448/629
f 819/484/683 727/446/477 818/483/682
f 820/483/684 727/446/477 819/484/683
f 821/448/650 727/446/477 820/483/684
f 822/408/643 659/409/582 817/406/681
f 657/407/581 659/409/582 822/408/643
f 576/355/519 637/354/570 578/356/521
f 572/351/515 637/354/570 576/355/519
f 732/450/632 823/494/685 739/452/637
f 734/452/633 823/494/685 732/450/632
f 534/345/489 431/262/409 429/260/407
f 789/488/605 431/262/409 534/345/489
f 560/237/509 373/223/356 561/238/510
f 371/221/354 373/223/356 560/237/509
f 824/495/376 404/241/353 825/496/355
f 405/242/375 404/241/353 824/495/376
f 558/359/508 403/240/383 746/461/384
f 407/244/385 403/240/383 558/359/508
f 448/274/419 826/497/58 664/414/587
f 450/276/421 826/497/58 448/274/419
f 450/276/421 827/498/56 826/497/58
f 452/278/423 827/498/56 450/276/421
f 714/437/616 812/370/686 717/371/624
f 715/388/618 812/370/686 714/437/616
f 281/165/277 287/171/283 285/169/281
f 283/167/279 287/171/283 281/165/277
f 452/278/423 828/499/536 827/498/56
f 454/280/425 828/499/536 452/278/423
f 292/176/288 288/172/284 290/174/286
f 294/178/290 288/172/284 292/176/288
f 829/482/401 513/318/473 515/331/475
f 655/320/402 513/318/473 829/482/401
f 481/307/446 477/303/442 479/305/444
f 756/471/643 477/303/442 481/307/446
f 304/165/300 300/168/296 302/169/298
f 306/166/302 300/168/296 304/165/300
f 476/302/441 478/304/443 474/300/439
f 759/474/485 478/304/443 476/302/441
f 830/368/413 300/168/296 306/166/302
f 580/369/414 300/168/296 830/368/413
f 757/472/644 480/306/445 478/304/443
f 753/468/610 480/306/445 757/472/644
f 831/500/558 794/491/566 832/501/557
f 533/344/488 794/491/566 831/500/558
f 833/502/475 525/337/482 423/252/401
f 834/340/476 525/337/482 833/502/475
f 835/502/513 527/337/484 529/340/441
f 415/252/393 527/337/484 835/502/513
f 417/254/395 527/337/484 415/252/393
f 419/255/397 527/337/484 417/254/395
f 528/339/485 525/337/482 834/340/476
f 526/338/483 525/337/482 528/339/485
f 209/106/192 682/423/585 210/149/193
f 157/63/152 682/423/585 209/106/192
f 317/189/313 293/177/289 291/175/287
f 319/191/315 293/177/289 317/189/313
f 760/475/598 836/503/687 767/477/651
f 762/477/646 836/503/687 760/475/598
f 554/355/504 690/367/590 556/357/506
f 550/351/500 690/367/590 554/355/504
f 837/480/688 768/479/320 770/481/653
f 775/481/658 768/479/320 837/480/688
f 649/380/154 666/402/588 653/384/578
f 669/401/113 666/402/588 649/380/154
f 367/191/350 389/190/371 391/189/373
f 369/192/352 389/190/371 367/191/350
f 722/441/469 838/504/689 726/445/627
f 839/505/471 838/504/689 722/441/469
f 524/335/481 840/336/481 522/334/480
f 841/333/659 840/336/481 524/335/481
f 841/333/659 842/334/659 840/336/481
f 843/335/599 842/334/659 841/333/659
f 843/335/599 686/336/599 842/334/659
f 684/333/598 686/336/599 843/335/599
f 844/442/690 845/441/691 846/443/613
f 847/444/692 845/441/691 844/442/690
f 349/205/327 345/203/328 347/204/329
f 343/200/333 345/203/328 349/205/327
f 848/445/693 845/441/691 847/444/692
f 849/504/694 845/441/691 848/445/693
f 850/506/581 481/307/695 851/507/447
f 852/508/643 481/307/695 850/506/581
f 853/330/696 612/323/550 510/330/470
f 613/330/551 612/323/550 853/330/696
f 777/183/594 314/184/310 291/175/287
f 312/185/308 314/184/310 777/183/594
f 336/203/331 332/202/327 334/204/329
f 330/200/325 332/202/327 336/203/331
f 854/329/691 855/328/697 711/330/613
f 494/319/458 855/328/697 854/329/691
f 678/422/449 680/420/451 681/421/597
f 650/379/576 652/382/577 654/383/579
f 856/505/458 845/441/691 849/504/694
f 707/317/609 857/362/642 709/361/611
f 516/332/476 514/316/474 708/363/610
f 703/267/291 858/492/608 706/436/608
f 859/419/621 716/418/621 670/417/591
f 610/388/698 585/370/527 581/290/523
f 460/286/363 860/509/561 623/394/556
f 498/323/461 496/321/459 713/389/615
f 490/315/454 855/328/697 494/319/458
f 420/254/398 603/251/541 422/251/400
f 411/248/389 557/358/507 413/250/391
f 410/247/388 720/440/556 408/245/386
f 319/191/315 295/179/291 293/177/289
f 307/175/303 390/188/372 388/187/370
f 501/324/462 500/233/99 502/325/98
f 364/172/347 303/171/299 301/170/297
f 316/188/312 315/187/311 318/190/314
f 786/485/665 433/264/411 431/262/409
f 731/447/631 727/446/477 821/448/650
f 663/413/586 665/415/449 662/412/585
f 348/203/331 549/200/325 350/206/326
f 570/200/333 337/206/332 335/205/330
f 861/510/699 862/511/700 863/512/701
f 864/513/702 862/511/700 861/510/699
f 865/514/703 864/513/702 861/510/699
f 866/515/704 864/513/702 865/514/703
f 867/516/705 866/515/704 865/514/703
f 868/517/706 866/515/704 867/516/705
f 869/518/707 868/517/706 867/516/705
f 870/519/708 868/517/706 869/518/707
f 871/520/709 870/519/708 869/518/707
f 864/513/702 870/519/708 871/520/709
f 862/511/700 864/513/702 871/520/709
f 872/521/710 873/516/711 874/522/712
f 875/523/713 873/516/711 872/521/710
f 876/524/714 875/523/713 872/521/710
f 877/525/715 875/523/713 876/524/714
f 878/526/716 877/525/715 876/524/714
f 879/514/717 877/525/715 878/526/716
f 880/510/718 879/514/717 878/526/716
f 881/513/719 879/514/717 880/510/718
f 882/511/720 881/513/719 880/510/718
f 883/520/721 881/513/719 882/511/720
f 884/527/706 885/528/722 886/529/704
f 887/530/723 885/528/722 884/527/706
f 888/531/724 887/530/723 884/527/706
f 889/532/725 887/530/723 888/531/724
f 890/533/726 889/532/725 888/531/724
f 891/534/727 889/532/725 890/533/726
f 892/535/728 891/534/727 890/533/726
f 893/536/729 891/534/727 892/535/728
f 894/537/730 893/536/729 892/535/728
f 895/538/731 896/539/732 897/540/733
f 898/541/719 896/539/732 895/538/731
f 899/542/734 898/541/719 895/538/731
f 900/543/735 898/541/719 899/542/734
f 901/544/736 900/543/735 899/542/734
f 902/545/737 900/543/735 901/544/736
f 903/546/738 902/545/737 901/544/736
f 904/547/739 902/545/737 903/546/738
f 904/547/739 900/543/735 902/545/737
f 905/548/740 900/543/735 904/547/739
f 906/549/741 905/548/740 904/547/739
f 907/550/742 905/548/740 906/549/741
f 908/551/743 907/550/742 906/549/741
f 909/552/744 907/550/742 908/551/743
f 910/553/745 909/552/744 908/551/743
f 901/544/736 909/552/744 910/553/745
f 911/523/746 912/524/747 913/521/748
f 914/525/749 912/524/747 911/523/746
f 865/514/703 914/525/749 911/523/746
f 915/526/750 914/525/749 865/514/703
f 861/510/699 915/526/750 865/514/703
f 916/554/751 915/526/750 861/510/699
f 863/512/701 916/554/751 861/510/699
f 885/528/722 917/555/702 886/529/704
f 918/556/752 917/555/702 885/528/722
f 887/530/723 918/556/752 885/528/722
f 919/557/753 918/556/752 887/530/723
f 920/558/754 919/557/753 887/530/723
f 921/559/755 919/557/753 920/558/754
f 889/532/725 921/559/755 920/558/754
f 922/560/756 923/561/757 924/560/758
f 925/562/759 923/561/757 922/560/756
f 926/563/760 925/562/759 922/560/756
f 927/562/761 925/562/759 926/563/760
f 924/560/758 927/562/761 926/563/760
f 923/561/757 927/562/761 924/560/758
f 917/555/702 928/564/762 929/565/708
f 930/566/763 928/564/762 917/555/702
f 918/556/752 930/566/763 917/555/702
f 931/567/764 930/566/763 918/556/752
f 919/557/753 931/567/764 918/556/752
f 894/537/730 931/567/764 919/557/753
f 932/560/765 933/561/766 934/560/767
f 935/562/768 933/561/766 932/560/765
f 936/563/769 935/562/768 932/560/765
f 937/562/770 935/562/768 936/563/769
f 934/560/767 937/562/770 936/563/769
f 933/561/766 937/562/770 934/560/767
f 928/564/762 884/527/706 929/565/708
f 888/531/724 884/527/706 928/564/762
f 930/566/763 888/531/724 928/564/762
f 890/533/726 888/531/724 930/566/763
f 892/535/728 890/533/726 930/566/763
f 938/568/756 939/569/712 940/570/771
f 941/571/772 939/569/712 938/568/756
f 942/572/758 941/571/772 938/568/756
f 943/573/720 941/571/772 942/572/758
f 908/551/743 944/574/773 910/553/745
f 945/575/774 944/574/773 908/551/743
f 906/549/741 945/575/774 908/551/743
f 904/547/739 945/575/774 906/549/741
f 899/542/734 909/552/744 901/544/736
f 907/550/742 909/552/744 899/542/734
f 895/538/731 907/550/742 899/542/734
f 897/540/733 907/550/742 895/538/731
f 897/540/733 905/548/740 907/550/742
f 946/576/775 905/548/740 897/540/733
f 947/577/776 946/576/775 897/540/733
f 898/541/719 946/576/775 947/577/776
f 880/510/718 948/512/772 882/511/720
f 949/554/777 948/512/772 880/510/718
f 878/526/716 949/554/777 880/510/718
f 876/524/714 949/554/777 878/526/716
f 950/578/778 951/579/767 952/580/707
f 953/581/701 951/579/767 950/578/778
f 954/582/748 953/581/701 950/578/778
f 873/516/711 955/518/771 874/522/712
f 956/517/733 955/518/771 873/516/711
f 957/515/776 956/517/733 873/516/711
f 879/514/717 875/523/713 877/525/715
f 873/516/711 875/523/713 879/514/717
f 957/515/776 873/516/711 879/514/717
f 958/519/732 955/518/771 956/517/733
f 883/520/721 955/518/771 958/519/732
f 881/513/719 883/520/721 958/519/732
f 936/563/769 959/583/707 934/560/767
f 960/584/709 959/583/707 936/563/769
f 961/583/700 960/584/709 936/563/769
f 962/585/710 963/586/777 964/587/714
f 939/569/712 963/586/777 962/585/710
f 965/588/751 954/582/748 966/589/747
f 953/581/701 954/582/748 965/588/751
f 967/590/765 953/581/701 968/591/700
f 951/579/767 953/581/701 967/590/765
f 900/543/735 946/576/775 898/541/719
f 905/548/740 946/576/775 900/543/735
f 969/583/771 926/563/760 922/560/756
f 970/584/721 926/563/760 969/583/771
f 971/583/720 926/563/760 970/584/721
f 924/560/758 926/563/760 971/583/720
f 915/526/750 912/524/747 914/525/749
f 916/554/751 912/524/747 915/526/750
f 911/523/746 867/516/705 865/514/703
f 913/521/748 867/516/705 911/523/746
f 972/522/778 867/516/705 913/521/748
f 869/518/707 867/516/705 972/522/778
f 931/567/764 892/535/728 930/566/763
f 894/537/730 892/535/728 931/567/764
f 941/571/772 963/586/777 939/569/712
f 923/561/757 925/562/759 927/562/761
f 957/515/776 879/514/717 881/513/719
f 920/558/754 887/530/723 889/532/725
f 933/561/766 935/562/768 937/562/770
f 961/583/700 936/563/769 932/560/765
f 973/592/779 974/593/780 975/594/781
f 976/595/782 974/593/780 973/592/779
f 977/596/783 976/595/782 973/592/779
f 978/597/784 976/595/782 977/596/783
f 979/598/785 978/597/784 977/596/783
f 980/599/786 978/597/784 979/598/785
f 981/600/787 980/599/786 979/598/785
f 982/601/788 980/599/786 981/600/787
f 983/602/789 982/601/788 981/600/787
f 984/603/790 982/601/788 983/602/789
f 985/604/791 984/603/790 983/602/789
f 986/605/792 984/603/790 985/604/791
f 987/606/793 986/605/792 985/604/791
f 988/607/794 986/605/792 987/606/793
f 989/608/795 988/607/794 987/606/793
f 990/609/796 988/607/794 989/608/795
f 991/610/797 990/609/796 989/608/795
f 992/611/798 993/612/799 994/613/800
f 995/614/801 993/612/799 992/611/798
f 996/615/802 995/614/801 992/611/798
f 997/616/803 995/614/801 996/615/802
f 998/617/804 997/616/803 996/615/802
f 999/618/805 997/616/803 998/617/804
f 1000/619/806 999/618/805 998/617/804
f 1001/620/807 999/618/805 1000/619/806
f 1002/621/808 1001/620/807 1000/619/806
f 1003/622/809 1001/620/807 1002/621/808
f 1004/623/810 1003/622/809 1002/621/808
f 1005/624/811 1003/622/809 1004/623/810
f 1006/625/812 1005/624/811 1004/623/810
f 1007/626/813 1005/624/811 1006/625/812
f 1008/627/814 1007/626/813 1006/625/812
f 1009/628/815 1007/626/813 1008/627/814
f 1010/622/816 1011/629/817 1012/630/818
f 1013/631/819 1011/629/817 1010/622/816
f 1014/632/820 1013/631/819 1010/622/816
f 1015/633/821 1013/631/819 1014/632/820
f 1016/634/822 1015/633/821 1014/632/820
f 1017/635/823 1015/633/821 1016/634/822
f 1018/636/824 1017/635/823 1016/634/822
f 1019/616/784 1017/635/823 1018/636/824
f 1020/618/825 1019/616/784 1018/636/824
f 1021/617/826 1019/616/784 1020/618/825
f 1022/619/827 1021/617/826 1020/618/825
f 1023/615/828 1021/617/826 1022/619/827
f 1024/611/829 1023/615/828 1022/619/827
f 1025/614/782 1023/615/828 1024/611/829
f 1026/612/780 1025/614/782 1024/611/829
f 1027/637/830 1028/638/831 1029/639/832
f 1030/640/833 1028/638/831 1027/637/830
f 1031/641/834 1030/640/833 1027/637/830
f 1032/642/835 1030/640/833 1031/641/834
f 1033/643/836 1032/642/835 1031/641/834
f 1034/644/837 1032/642/835 1033/643/836
f 1035/645/838 1034/644/837 1033/643/836
f 1036/646/839 1034/644/837 1035/645/838
f 1037/647/840 1036/646/839 1035/645/838
f 1038/648/841 1036/646/839 1037/647/840
f 1039/649/842 1038/648/841 1037/647/840
f 1040/650/843 1038/648/841 1039/649/842
f 1041/651/844 1040/650/843 1039/649/842
f 1042/652/845 1040/650/843 1041/651/844
f 1024/611/829 1043/613/781 1026/612/780
f 1044/625/846 1043/613/781 1024/611/829
f 1045/621/847 1044/625/846 1024/611/829
f 1046/623/848 1044/625/846 1045/621/847
f 1010/622/816 1046/623/848 1045/621/847
f 1047/624/849 1046/623/848 1010/622/816
f 1012/630/818 1047/624/849 1010/622/816
f 1048/653/850 1047/624/849 1012/630/818
f 1011/629/817 1048/653/850 1012/630/818
f 1049/654/796 1048/653/850 1011/629/817
f 1013/631/819 1049/654/796 1011/629/817
f 1050/655/851 1049/654/796 1013/631/819
f 1015/633/821 1050/655/851 1013/631/819
f 1051/656/852 1052/657/853 1053/658/854
f 1054/659/855 1052/657/853 1051/656/852
f 1055/660/856 1054/659/855 1051/656/852
f 1056/661/857 1054/659/855 1055/660/856
f 1057/662/858 1056/661/857 1055/660/856
f 1058/663/859 1056/661/857 1057/662/858
f 1059/664/860 1058/663/859 1057/662/858
f 1060/665/861 1058/663/859 1059/664/860
f 1061/666/862 1060/665/861 1059/664/860
f 1062/667/863 1060/665/861 1061/666/862
f 1063/668/864 1062/667/863 1061/666/862
f 1064/669/865 1062/667/863 1063/668/864
f 1065/670/866 1064/669/865 1063/668/864
f 1066/653/867 1005/624/811 1007/626/813
f 1067/630/868 1005/624/811 1066/653/867
f 1068/629/869 1067/630/868 1066/653/867
f 1003/622/809 1067/630/868 1068/629/869
f 1069/631/870 1003/622/809 1068/629/869
f 1070/632/871 1003/622/809 1069/631/870
f 1071/633/872 1070/632/871 1069/631/870
f 1072/634/873 1070/632/871 1071/633/872
f 1073/635/874 1072/634/873 1071/633/872
f 1074/636/875 1072/634/873 1073/635/874
f 997/616/803 1074/636/875 1073/635/874
f 999/618/805 1074/636/875 997/616/803
f 1075/671/876 1076/672/877 1077/673/878
f 1078/674/879 1076/672/877 1075/671/876
f 1079/675/880 1078/674/879 1075/671/876
f 1080/676/881 1078/674/879 1079/675/880
f 1081/677/882 1080/676/881 1079/675/880
f 1082/678/883 1080/676/881 1081/677/882
f 1083/679/884 1082/678/883 1081/677/882
f 1084/680/885 1082/678/883 1083/679/884
f 1076/672/877 1084/680/885 1083/679/884
f 1085/681/886 1084/680/885 1076/672/877
f 1086/682/887 1085/681/886 1076/672/877
f 1087/683/888 1088/684/889 1089/685/878
f 1090/661/890 1088/684/889 1087/683/888
f 1091/663/891 1090/661/890 1087/683/888
f 1092/662/892 1090/661/890 1091/663/891
f 1093/664/893 1092/662/892 1091/663/891
f 1094/686/894 1092/662/892 1093/664/893
f 1095/666/895 1094/686/894 1093/664/893
f 1096/687/896 1094/686/894 1095/666/895
f 1097/668/897 1096/687/896 1095/666/895
f 1098/688/898 1096/687/896 1097/668/897
f 1099/689/899 1098/688/898 1097/668/897
f 1100/592/900 1101/594/800 1102/593/799
f 1103/604/901 1101/594/800 1100/592/900
f 1104/602/902 1103/604/901 1100/592/900
f 1105/603/903 1103/604/901 1104/602/902
f 1106/601/904 1105/603/903 1104/602/902
f 1107/605/905 1105/603/903 1106/601/904
f 1108/690/906 1107/605/905 1106/601/904
f 1109/691/907 1107/605/905 1108/690/906
f 1110/692/908 1109/691/907 1108/690/906
f 1111/693/872 1109/691/907 1110/692/908
f 1112/694/874 1111/693/872 1110/692/908
f 1113/695/899 1114/696/896 1115/697/898
f 1116/698/909 1114/696/896 1113/695/899
f 1117/699/910 1116/698/909 1113/695/899
f 1118/700/911 1116/698/909 1117/699/910
f 1119/701/912 1118/700/911 1117/699/910
f 1120/702/913 1118/700/911 1119/701/912
f 1121/703/914 1120/702/913 1119/701/912
f 1122/646/915 1120/702/913 1121/703/914
f 1123/648/916 1122/646/915 1121/703/914
f 1124/647/917 1122/646/915 1123/648/916
f 1125/704/918 1126/705/919 1127/706/920
f 1128/707/921 1126/705/919 1125/704/918
f 1129/708/922 1128/707/921 1125/704/918
f 1130/709/923 1128/707/921 1129/708/922
f 1131/710/924 1130/709/923 1129/708/922
f 1132/702/925 1130/709/923 1131/710/924
f 1133/711/926 1132/702/925 1131/710/924
f 1134/712/927 1132/702/925 1133/711/926
f 1135/713/928 1134/712/927 1133/711/926
f 1136/714/929 1134/712/927 1135/713/928
f 1137/703/930 1036/646/839 1038/648/841
f 1132/702/925 1036/646/839 1137/703/930
f 1138/701/931 1132/702/925 1137/703/930
f 1139/700/932 1132/702/925 1138/701/931
f 1140/699/933 1139/700/932 1138/701/931
f 1141/698/934 1139/700/932 1140/699/933
f 1142/695/935 1141/698/934 1140/699/933
f 1143/696/936 1141/698/934 1142/695/935
f 1144/697/937 1143/696/936 1142/695/935
f 1145/715/938 1146/716/939 1147/717/940
f 1148/718/941 1146/716/939 1145/715/938
f 1149/719/942 1148/718/941 1145/715/938
f 1150/720/943 1148/718/941 1149/719/942
f 1151/721/944 1150/720/943 1149/719/942
f 1152/722/831 1150/720/943 1151/721/944
f 1153/723/945 1152/722/831 1151/721/944
f 1154/724/832 1152/722/831 1153/723/945
f 1155/725/830 1154/724/832 1153/723/945
f 1156/715/946 1157/719/947 1158/726/948
f 1159/718/949 1157/719/947 1156/715/946
f 1160/716/950 1159/718/949 1156/715/946
f 1161/727/951 1159/718/949 1160/716/950
f 1087/683/888 1161/727/951 1160/716/950
f 1162/728/952 1161/727/951 1087/683/888
f 1163/729/953 1162/728/952 1087/683/888
f 1164/730/954 1162/728/952 1163/729/953
f 1165/731/955 1164/730/954 1163/729/953
f 1166/732/956 1167/733/890 1168/734/957
f 1169/735/958 1167/733/890 1166/732/956
f 1170/710/959 1169/735/958 1166/732/956
f 1171/711/960 1169/735/958 1170/710/959
f 1120/702/913 1171/711/960 1170/710/959
f 1172/712/961 1171/711/960 1120/702/913
f 1173/736/962 1172/712/961 1120/702/913
f 1174/737/963 1172/712/961 1173/736/962
f 1175/738/964 1174/737/963 1173/736/962
f 1160/716/950 1091/663/891 1087/683/888
f 1176/739/965 1091/663/891 1160/716/950
f 1177/740/966 1176/739/965 1160/716/950
f 1178/741/967 1176/739/965 1177/740/966
f 1179/742/968 1178/741/967 1177/740/966
f 1180/743/969 1178/741/967 1179/742/968
f 1181/744/970 1180/743/969 1179/742/968
f 1182/745/971 1180/743/969 1181/744/970
f 1183/746/972 1182/745/971 1181/744/970
f 1184/739/973 1058/663/859 1060/665/861
f 1146/716/939 1058/663/859 1184/739/973
f 1185/740/974 1146/716/939 1184/739/973
f 1147/717/940 1146/716/939 1185/740/974
f 1186/742/975 1147/717/940 1185/740/974
f 1187/747/976 1147/717/940 1186/742/975
f 1188/744/977 1187/747/976 1186/742/975
f 1189/748/978 1187/747/976 1188/744/977
f 1190/749/979 1189/748/978 1188/744/977
f 1191/672/980 1192/681/981 1193/682/982
f 1194/680/983 1192/681/981 1191/672/980
f 1195/679/984 1194/680/983 1191/672/980
f 1196/678/985 1194/680/983 1195/679/984
f 1197/677/986 1196/678/985 1195/679/984
f 1198/676/987 1196/678/985 1197/677/986
f 1199/675/988 1198/676/987 1197/677/986
f 1200/674/989 1198/676/987 1199/675/988
f 1201/671/990 1200/674/989 1199/675/988
f 1202/750/991 1168/734/957 1203/751/992
f 1166/732/956 1168/734/957 1202/750/991
f 1204/708/993 1166/732/956 1202/750/991
f 1170/710/959 1166/732/956 1204/708/993
f 1205/709/994 1170/710/959 1204/708/993
f 1120/702/913 1170/710/959 1205/709/994
f 1206/752/892 1120/702/913 1205/709/994
f 1207/753/894 1120/702/913 1206/752/892
f 1208/729/995 1209/731/996 1210/685/929
f 1211/730/997 1209/731/996 1208/729/995
f 1212/728/998 1211/730/997 1208/729/995
f 1213/754/999 1211/730/997 1212/728/998
f 1214/755/1000 1213/754/999 1212/728/998
f 1215/756/1001 1213/754/999 1214/755/1000
f 1216/757/1002 1215/756/1001 1214/755/1000
f 1133/711/926 1217/733/857 1135/713/928
f 1218/735/1003 1217/733/857 1133/711/926
f 1131/710/924 1218/735/1003 1133/711/926
f 1219/732/1004 1218/735/1003 1131/710/924
f 1129/708/922 1219/732/1004 1131/710/924
f 1220/750/854 1219/732/1004 1129/708/922
f 1125/704/918 1220/750/854 1129/708/922
f 1221/638/1005 1222/637/1006 1223/639/1007
f 1224/640/1008 1222/637/1006 1221/638/1005
f 1225/642/1009 1224/640/1008 1221/638/1005
f 1226/641/1010 1224/640/1008 1225/642/1009
f 1227/643/1011 1226/641/1010 1225/642/1009
f 1228/758/1012 1226/641/1010 1227/643/1011
f 1229/645/1013 1228/758/1012 1227/643/1011
f 1106/601/904 1110/692/908 1108/690/906
f 1230/599/1014 1110/692/908 1106/601/904
f 1231/600/1015 1230/599/1014 1106/601/904
f 1232/598/1016 1230/599/1014 1231/600/1015
f 1233/596/1017 1232/598/1016 1231/600/1015
f 1234/597/803 1232/598/1016 1233/596/1017
f 1235/595/801 1234/597/803 1233/596/1017
f 1236/759/1018 1237/760/1019 1238/761/1020
f 1239/762/1021 1237/760/1019 1236/759/1018
f 1240/763/1022 1239/762/1021 1236/759/1018
f 1241/764/1023 1239/762/1021 1240/763/1022
f 1242/761/1024 1241/764/1023 1240/763/1022
f 1243/765/1025 1241/764/1023 1242/761/1024
f 1244/766/1026 1243/765/1025 1242/761/1024
f 1245/767/1027 1237/760/1019 1244/766/1026
f 1238/761/1020 1237/760/1019 1245/767/1027
f 1246/768/1028 1238/761/1020 1245/767/1027
f 1236/759/1018 1238/761/1020 1246/768/1028
f 1247/769/1018 1236/759/1018 1246/768/1028
f 1248/770/1022 1236/759/1018 1247/769/1018
f 1249/720/1029 1157/719/947 1159/718/949
f 1250/721/1030 1157/719/947 1249/720/1029
f 1251/722/1005 1250/721/1030 1249/720/1029
f 1252/723/1031 1250/721/1030 1251/722/1005
f 1253/724/1007 1252/723/1031 1251/722/1005
f 1254/725/1006 1252/723/1031 1253/724/1007
f 1255/762/1032 1256/759/1033 1257/760/1034
f 1258/763/1035 1256/759/1033 1255/762/1032
f 1259/764/1036 1258/763/1035 1255/762/1032
f 1260/761/1037 1258/763/1035 1259/764/1036
f 1261/765/1038 1260/761/1037 1259/764/1036
f 1262/766/1039 1260/761/1037 1261/765/1038
f 1107/605/905 1103/604/901 1105/603/903
f 1263/606/1040 1103/604/901 1107/605/905
f 1264/607/1041 1263/606/1040 1107/605/905
f 1265/608/1042 1263/606/1040 1264/607/1041
f 1266/609/1043 1265/608/1042 1264/607/1041
f 1267/610/1044 1265/608/1042 1266/609/1043
f 1214/755/1000 1268/771/1045 1216/757/1002
f 1269/727/1046 1268/771/1045 1214/755/1000
f 1212/728/998 1269/727/1046 1214/755/1000
f 1270/683/1047 1269/727/1046 1212/728/998
f 1208/729/995 1270/683/1047 1212/728/998
f 1210/685/929 1270/683/1047 1208/729/995
f 1271/772/967 1272/773/914 1273/774/965
f 1123/648/916 1272/773/914 1271/772/967
f 1274/650/1048 1123/648/916 1271/772/967
f 1275/649/1049 1123/648/916 1274/650/1048
f 1276/651/972 1275/649/1049 1274/650/1048
f 1277/775/1050 1275/649/1049 1276/651/972
f 1278/776/948 1279/777/1013 1280/778/946
f 1228/758/1012 1279/777/1013 1278/776/948
f 1281/779/1051 1228/758/1012 1278/776/948
f 1282/780/1052 1228/758/1012 1281/779/1051
f 1283/781/1053 1282/780/1052 1281/779/1051
f 1284/782/1054 1282/780/1052 1283/781/1053
f 1285/783/940 1035/645/838 1286/784/938
f 1287/785/1055 1035/645/838 1285/783/940
f 1288/786/1056 1287/785/1055 1285/783/940
f 1039/649/842 1287/785/1055 1288/786/1056
f 1289/775/979 1039/649/842 1288/786/1056
f 1041/651/844 1039/649/842 1289/775/979
f 986/605/792 982/601/788 984/603/790
f 1290/690/1057 982/601/788 986/605/792
f 1291/691/1058 1290/690/1057 986/605/792
f 1292/692/1059 1290/690/1057 1291/691/1058
f 1293/693/821 1292/692/1059 1291/691/1058
f 1294/694/823 1292/692/1059 1293/693/821
f 1130/709/923 1126/705/919 1128/707/921
f 1295/752/858 1126/705/919 1130/709/923
f 1132/702/925 1295/752/858 1130/709/923
f 1296/753/1060 1295/752/858 1132/702/925
f 1139/700/932 1296/753/1060 1132/702/925
f 1141/698/934 1296/753/1060 1139/700/932
f 1297/787/1061 1298/788/887 1299/789/1062
f 1300/788/886 1298/788/887 1297/787/1061
f 1301/789/1063 1300/788/886 1297/787/1061
f 1302/788/885 1300/788/886 1301/789/1063
f 1303/789/1064 1302/788/885 1301/789/1063
f 1304/790/1065 1302/788/885 1303/789/1064
f 1122/646/915 1173/736/962 1120/702/913
f 1305/791/1066 1173/736/962 1122/646/915
f 1306/644/1067 1305/791/1066 1122/646/915
f 1307/792/1068 1305/791/1066 1306/644/1067
f 1308/793/1069 1307/792/1068 1306/644/1067
f 1309/794/1070 1307/792/1068 1308/793/1069
f 1310/726/1071 1149/719/942 1145/715/938
f 1151/721/944 1149/719/942 1310/726/1071
f 1311/795/1072 1151/721/944 1310/726/1071
f 1153/723/945 1151/721/944 1311/795/1072
f 1312/796/1073 1153/723/945 1311/795/1072
f 1313/797/1074 1153/723/945 1312/796/1073
f 1140/699/933 1314/798/866 1142/695/935
f 1315/799/1075 1314/798/866 1140/699/933
f 1316/800/1076 1315/799/1075 1140/699/933
f 1317/801/863 1315/799/1075 1316/800/1076
f 1318/802/861 1317/801/863 1316/800/1076
f 1034/644/837 1319/803/941 1032/642/835
f 1320/793/1077 1319/803/941 1034/644/837
f 1321/792/1078 1320/793/1077 1034/644/837
f 1322/794/1045 1320/793/1077 1321/792/1078
f 1323/804/1002 1322/794/1045 1321/792/1078
f 1229/645/1013 1324/783/1079 1325/784/946
f 1326/785/1080 1324/783/1079 1229/645/1013
f 1124/647/917 1326/785/1080 1229/645/1013
f 1275/649/1049 1326/785/1080 1124/647/917
f 1123/648/916 1275/649/1049 1124/647/917
f 1327/788/981 1328/787/1081 1329/788/982
f 1330/789/1082 1328/787/1081 1327/788/981
f 1331/788/983 1330/789/1082 1327/788/981
f 1332/789/1083 1330/789/1082 1331/788/983
f 1333/790/1084 1332/789/1083 1331/788/983
f 1334/805/1085 1195/679/984 1335/806/996
f 1197/677/986 1195/679/984 1334/805/1085
f 1336/807/1086 1197/677/986 1334/805/1085
f 1199/675/988 1197/677/986 1336/807/1086
f 1201/671/990 1199/675/988 1336/807/1086
f 1171/711/960 1167/733/890 1169/735/958
f 1337/713/889 1167/733/890 1171/711/960
f 1172/712/961 1337/713/889 1171/711/960
f 1338/714/878 1337/713/889 1172/712/961
f 1339/808/876 1338/714/878 1172/712/961
f 1292/692/1059 982/601/788 1290/690/1057
f 980/599/786 982/601/788 1292/692/1059
f 1340/809/1087 980/599/786 1292/692/1059
f 978/597/784 980/599/786 1340/809/1087
f 1294/694/823 978/597/784 1340/809/1087
f 1341/704/1088 1204/708/993 1202/750/991
f 1342/707/1089 1204/708/993 1341/704/1088
f 1343/705/1090 1342/707/1089 1341/704/1088
f 1205/709/994 1342/707/1089 1343/705/1090
f 1206/752/892 1205/709/994 1343/705/1090
f 1305/791/1066 1175/738/964 1173/736/962
f 1344/810/1091 1175/738/964 1305/791/1066
f 1307/792/1068 1344/810/1091 1305/791/1066
f 1345/811/1092 1344/810/1091 1307/792/1068
f 1346/812/1093 1345/811/1092 1307/792/1068
f 1347/768/1094 1260/761/1037 1348/813/1095
f 1258/763/1035 1260/761/1037 1347/768/1094
f 1349/770/1035 1258/763/1035 1347/768/1094
f 1256/759/1033 1258/763/1035 1349/770/1035
f 1350/769/1033 1256/759/1033 1349/770/1035
f 1351/814/1096 1352/815/1096 1353/816/1097
f 1354/817/1098 1352/815/1096 1351/814/1096
f 1355/818/1099 1354/817/1098 1351/814/1096
f 1356/819/1100 1354/817/1098 1355/818/1099
f 1357/820/1101 1356/819/1100 1355/818/1099
f 1321/792/1078 1358/812/1001 1323/804/1002
f 1359/811/999 1358/812/1001 1321/792/1078
f 1360/810/1102 1359/811/999 1321/792/1078
f 1361/821/997 1359/811/999 1360/810/1102
f 1362/822/996 1361/821/997 1360/810/1102
f 1257/760/1034 1363/767/1103 1262/766/1039
f 1364/761/1104 1363/767/1103 1257/760/1034
f 1256/759/1033 1364/761/1104 1257/760/1034
f 1365/768/1105 1364/761/1104 1256/759/1033
f 1350/769/1033 1365/768/1105 1256/759/1033
f 1366/788/985 1367/790/1106 1368/787/1107
f 1369/789/1108 1367/790/1106 1366/788/985
f 1370/823/987 1369/789/1108 1366/788/985
f 1371/824/1109 1369/789/1108 1370/823/987
f 1372/825/1110 1373/826/1111 1374/827/1112
f 1375/828/1113 1373/826/1111 1372/825/1110
f 1376/829/1114 1375/828/1113 1372/825/1110
f 1377/830/1115 1375/828/1113 1376/829/1114
f 1191/672/980 1201/671/990 1378/673/929
f 1200/674/989 1201/671/990 1191/672/980
f 1193/682/982 1200/674/989 1191/672/980
f 1198/676/987 1200/674/989 1193/682/982
f 1379/827/1116 1380/831/1117 1353/816/1118
f 1381/825/1119 1380/831/1117 1379/827/1116
f 1382/826/1120 1381/825/1119 1379/827/1116
f 1383/828/1121 1381/825/1119 1382/826/1120
f 1219/732/1004 1217/733/857 1218/735/1003
f 1384/734/855 1217/733/857 1219/732/1004
f 1220/750/854 1384/734/855 1219/732/1004
f 1385/751/853 1384/734/855 1220/750/854
f 1386/754/1092 1162/728/952 1164/730/954
f 1387/755/1122 1162/728/952 1386/754/1092
f 1388/756/1093 1387/755/1122 1386/754/1092
f 1389/757/1123 1387/755/1122 1388/756/1093
f 1390/771/1070 1387/755/1122 1389/757/1123
f 1161/727/951 1387/755/1122 1390/771/1070
f 1391/832/1069 1161/727/951 1390/771/1070
f 1159/718/949 1161/727/951 1391/832/1069
f 1250/721/1030 1158/726/948 1157/719/947
f 1392/795/1051 1158/726/948 1250/721/1030
f 1252/723/1031 1392/795/1051 1250/721/1030
f 1393/796/1053 1392/795/1051 1252/723/1031
f 1394/686/1060 1059/664/860 1057/662/858
f 1061/666/862 1059/664/860 1394/686/1060
f 1395/687/936 1061/666/862 1394/686/1060
f 1063/668/864 1061/666/862 1395/687/936
f 1396/798/1124 1117/699/910 1113/695/899
f 1397/799/1125 1117/699/910 1396/798/1124
f 1398/833/1126 1397/799/1125 1396/798/1124
f 1399/801/1127 1397/799/1125 1398/833/1126
f 1400/741/1128 1185/740/974 1184/739/973
f 1186/742/975 1185/740/974 1400/741/1128
f 1401/743/1129 1186/742/975 1400/741/1128
f 1188/744/977 1186/742/975 1401/743/1129
f 992/611/798 1002/621/808 1000/619/806
f 1006/625/812 1002/621/808 992/611/798
f 994/613/800 1006/625/812 992/611/798
f 1008/627/814 1006/625/812 994/613/800
f 1402/834/1130 1007/626/813 1009/628/815
f 1066/653/867 1007/626/813 1402/834/1130
f 1403/835/1044 1066/653/867 1402/834/1130
f 1404/654/1043 1066/653/867 1403/835/1044
f 1069/631/870 1405/655/1131 1071/633/872
f 1404/654/1043 1405/655/1131 1069/631/870
f 1068/629/869 1404/654/1043 1069/631/870
f 1066/653/867 1404/654/1043 1068/629/869
f 1044/625/846 1406/627/1132 1043/613/781
f 1407/626/1133 1406/627/1132 1044/625/846
f 1047/624/849 1407/626/1133 1044/625/846
f 1048/653/850 1407/626/1133 1047/624/849
f 1016/634/822 1020/618/825 1018/636/824
f 1408/620/1134 1020/618/825 1016/634/822
f 1014/632/820 1408/620/1134 1016/634/822
f 1010/622/816 1408/620/1134 1014/632/820
f 973/592/779 983/602/789 981/600/787
f 985/604/791 983/602/789 973/592/779
f 975/594/781 985/604/791 973/592/779
f 1409/836/1132 985/604/791 975/594/781
f 1234/597/803 1230/599/1014 1232/598/1016
f 1410/809/1135 1230/599/1014 1234/597/803
f 1112/694/874 1410/809/1135 1234/597/803
f 1110/692/908 1410/809/1135 1112/694/874
f 1411/787/1136 1302/788/885 1304/790/1065
f 1412/788/883 1302/788/885 1411/787/1136
f 1413/790/1137 1412/788/883 1411/787/1136
f 1414/789/1138 1412/788/883 1413/790/1137
f 1415/837/1130 1265/608/1042 1267/610/1044
f 1263/606/1040 1265/608/1042 1415/837/1130
f 1416/838/815 1263/606/1040 1415/837/1130
f 1417/836/814 1263/606/1040 1416/838/815
f 1418/839/1131 1109/691/907 1111/693/872
f 1107/605/905 1109/691/907 1418/839/1131
f 1266/609/1043 1107/605/905 1418/839/1131
f 1264/607/1041 1107/605/905 1266/609/1043
f 1419/782/1074 1031/641/834 1027/637/830
f 1420/780/1139 1031/641/834 1419/782/1074
f 1421/781/1073 1420/780/1139 1419/782/1074
f 1422/779/1072 1420/780/1139 1421/781/1073
f 1360/810/1102 1423/738/1085 1362/822/996
f 1424/791/1140 1423/738/1085 1360/810/1102
f 1321/792/1078 1424/791/1140 1360/810/1102
f 1034/644/837 1424/791/1140 1321/792/1078
f 1036/646/839 1424/791/1140 1034/644/837
f 1425/736/1141 1424/791/1140 1036/646/839
f 1132/702/925 1425/736/1141 1036/646/839
f 1134/712/927 1425/736/1141 1132/702/925
f 1426/786/1142 1427/840/1143 1324/783/1079
f 1428/841/1144 1427/840/1143 1426/786/1142
f 1277/775/1050 1428/841/1144 1426/786/1142
f 1040/650/843 1429/772/1128 1038/648/841
f 1430/842/1129 1429/772/1128 1040/650/843
f 1042/652/845 1430/842/1129 1040/650/843
f 1431/818/1145 1432/819/1146 1433/820/1147
f 1434/817/1148 1432/819/1146 1431/818/1145
f 1435/814/1149 1434/817/1148 1431/818/1145
f 1436/800/1150 1437/843/965 1438/844/914
f 1439/802/1151 1437/843/965 1436/800/1150
f 1399/801/1127 1439/802/1151 1436/800/1150
f 1440/660/1152 1090/661/890 1092/662/892
f 1441/659/957 1090/661/890 1440/660/1152
f 1442/656/1153 1441/659/957 1440/660/1152
f 1226/641/1010 1222/637/1006 1224/640/1008
f 1284/782/1054 1222/637/1006 1226/641/1010
f 1282/780/1052 1284/782/1054 1226/641/1010
f 1329/788/982 1443/845/1109 1444/846/987
f 1445/789/1154 1443/845/1109 1329/788/982
f 1328/787/1081 1445/789/1154 1329/788/982
f 1306/644/1067 1446/803/949 1308/793/1069
f 1225/642/1009 1446/803/949 1306/644/1067
f 1227/643/1011 1225/642/1009 1306/644/1067
f 1426/786/1142 1275/649/1049 1277/775/1050
f 1326/785/1080 1275/649/1049 1426/786/1142
f 1324/783/1079 1326/785/1080 1426/786/1142
f 1188/744/977 1447/746/844 1190/749/979
f 1448/745/845 1447/746/844 1188/744/977
f 1401/743/1129 1448/745/845 1188/744/977
f 1181/744/970 1449/749/1050 1183/746/972
f 1450/748/1144 1449/749/1050 1181/744/970
f 1451/747/1143 1450/748/1144 1181/744/970
f 1097/668/897 1452/670/1124 1099/689/899
f 1453/669/1126 1452/670/1124 1097/668/897
f 1454/667/1127 1453/669/1126 1097/668/897
f 1063/668/864 1455/689/935 1065/670/866
f 1456/688/937 1455/689/935 1063/668/864
f 1395/687/936 1456/688/937 1063/668/864
f 1425/736/1141 1423/738/1085 1424/791/1140
f 1457/737/1086 1423/738/1085 1425/736/1141
f 1134/712/927 1457/737/1086 1425/736/1141
f 1032/642/835 1028/638/831 1030/640/833
f 1458/847/943 1028/638/831 1032/642/835
f 1319/803/941 1458/847/943 1032/642/835
f 1459/665/1151 1091/663/891 1176/739/965
f 1093/664/893 1091/663/891 1459/665/1151
f 1095/666/895 1093/664/893 1459/665/1151
f 1460/717/1079 1160/716/950 1156/715/946
f 1177/740/966 1160/716/950 1460/717/1079
f 1179/742/968 1177/740/966 1460/717/1079
f 1045/621/847 1408/620/1134 1010/622/816
f 1022/619/827 1408/620/1134 1045/621/847
f 1024/611/829 1022/619/827 1045/621/847
f 987/606/793 1461/838/1155 1462/837/1156
f 1409/836/1132 1461/838/1155 987/606/793
f 985/604/791 1409/836/1132 987/606/793
f 1242/761/1024 1245/767/1027 1244/766/1026
f 1463/813/1157 1245/767/1027 1242/761/1024
f 1464/768/1158 1463/813/1157 1242/761/1024
f 1240/763/1022 1464/768/1158 1242/761/1024
f 1248/770/1022 1464/768/1158 1240/763/1022
f 1236/759/1018 1248/770/1022 1240/763/1022
f 1465/807/963 1079/675/880 1075/671/876
f 1081/677/882 1079/675/880 1465/807/963
f 1466/805/964 1081/677/882 1465/807/963
f 1100/592/900 1233/596/1017 1231/600/1015
f 1235/595/801 1233/596/1017 1100/592/900
f 1102/593/799 1235/595/801 1100/592/900
f 1442/656/1153 1467/848/1088 1468/658/991
f 1469/849/1159 1467/848/1088 1442/656/1153
f 1470/850/1090 1469/849/1159 1442/656/1153
f 1363/767/1103 1260/761/1037 1262/766/1039
f 1348/813/1095 1260/761/1037 1363/767/1103
f 1365/768/1105 1348/813/1095 1363/767/1103
f 1414/789/1138 1471/823/881 1412/788/883
f 1472/824/1160 1471/823/881 1414/789/1138
f 1470/850/1090 1440/660/1152 1092/662/892
f 1442/656/1153 1440/660/1152 1470/850/1090
f 1119/701/912 1436/800/1150 1121/703/914
f 1117/699/910 1436/800/1150 1119/701/912
f 1473/797/1054 1252/723/1031 1254/725/1006
f 1393/796/1053 1252/723/1031 1473/797/1054
f 1474/848/918 1051/656/852 1053/658/854
f 1475/849/920 1051/656/852 1474/848/918
f 1055/660/856 1476/850/919 1057/662/858
f 1051/656/852 1476/850/919 1055/660/856
f 1477/851/996 1191/672/980 1478/852/929
f 1195/679/984 1191/672/980 1477/851/996
f 1479/808/990 1134/712/927 1136/714/929
f 1457/737/1086 1134/712/927 1479/808/990
f 1480/684/928 1270/683/1047 1210/685/929
f 1056/661/857 1270/683/1047 1480/684/928
f 1058/663/859 1270/683/1047 1056/661/857
f 1146/716/939 1270/683/1047 1058/663/859
f 1146/716/939 1269/727/1046 1270/683/1047
f 1148/718/941 1269/727/1046 1146/716/939
f 1481/832/1077 1269/727/1046 1148/718/941
f 1268/771/1045 1269/727/1046 1481/832/1077
f 1315/799/1075 1482/833/865 1314/798/866
f 1317/801/863 1482/833/865 1315/799/1075
f 996/615/802 1000/619/806 998/617/804
f 992/611/798 1000/619/806 996/615/802
f 1331/788/983 1368/787/1107 1333/790/1084
f 1366/788/985 1368/787/1107 1331/788/983
f 1483/831/1161 1374/827/1112 1484/816/1162
f 1372/825/1110 1374/827/1112 1483/831/1161
f 1316/800/1076 1138/701/931 1137/703/930
f 1140/699/933 1138/701/931 1316/800/1076
f 999/618/805 1072/634/873 1074/636/875
f 1001/620/807 1072/634/873 999/618/805
f 1356/819/1100 1383/828/1121 1354/817/1098
f 1485/830/1163 1383/828/1121 1356/819/1100
f 1001/620/807 1070/632/871 1072/634/873
f 1003/622/809 1070/632/871 1001/620/807
f 1420/780/1139 1486/758/1164 1031/641/834
f 1422/779/1072 1486/758/1164 1420/780/1139
f 1383/828/1121 1487/829/1165 1381/825/1119
f 1485/830/1163 1487/829/1165 1383/828/1121
f 1488/835/797 1048/653/850 1049/654/796
f 1489/834/1156 1048/653/850 1488/835/797
f 1489/834/1156 1407/626/1133 1048/653/850
f 1490/628/1155 1407/626/1133 1489/834/1156
f 1037/647/840 1287/785/1055 1039/649/842
f 1035/645/838 1287/785/1055 1037/647/840
f 1023/615/828 1019/616/784 1021/617/826
f 1025/614/782 1019/616/784 1023/615/828
f 1095/666/895 1454/667/1127 1097/668/897
f 1459/665/1151 1454/667/1127 1095/666/895
f 1491/842/969 1274/650/1048 1271/772/967
f 1492/652/971 1274/650/1048 1491/842/969
f 1033/643/836 1486/758/1164 1035/645/838
f 1031/641/834 1486/758/1164 1033/643/836
f 977/596/783 981/600/787 979/598/785
f 973/592/779 981/600/787 977/596/783
f 989/608/795 1462/837/1156 991/610/797
f 987/606/793 1462/837/1156 989/608/795
f 1179/742/968 1451/747/1143 1181/744/970
f 1460/717/1079 1451/747/1143 1179/742/968
f 1493/847/1029 1225/642/1009 1221/638/1005
f 1446/803/949 1225/642/1009 1493/847/1029
f 990/609/796 986/605/792 988/607/794
f 1494/839/851 986/605/792 990/609/796
f 1495/777/838 1496/776/1071 1497/778/938
f 1486/758/1164 1496/776/1071 1495/777/838
f 1498/815/1149 1435/814/1149 1484/816/1166
f 1434/817/1148 1435/814/1149 1498/815/1149
f 1291/691/1058 1494/839/851 1293/693/821
f 986/605/792 1494/839/851 1291/691/1058
f 1499/840/976 1288/786/1056 1285/783/940
f 1500/841/978 1288/786/1056 1499/840/976
f 1501/773/930 1429/772/1128 1502/774/973
f 1038/648/841 1429/772/1128 1501/773/930
f 1306/644/1067 1229/645/1013 1227/643/1011
f 1122/646/915 1229/645/1013 1306/644/1067
f 1503/804/1123 1307/792/1068 1309/794/1070
f 1346/812/1093 1307/792/1068 1503/804/1123
f 1504/843/973 1316/800/1076 1505/844/930
f 1318/802/861 1316/800/1076 1504/843/973
f 1506/821/954 1344/810/1091 1345/811/1092
f 1507/822/955 1344/810/1091 1506/821/954
f 1104/602/902 1231/600/1015 1106/601/904
f 1100/592/900 1231/600/1015 1104/602/902
f 1163/729/953 1089/685/878 1165/731/955
f 1087/683/888 1089/685/878 1163/729/953
f 1116/698/909 1207/753/894 1114/696/896
f 1118/700/911 1207/753/894 1116/698/909
f 1076/672/877 1508/851/955 1509/852/878
f 1083/679/884 1508/851/955 1076/672/877
f 1436/800/1150 1397/799/1125 1399/801/1127
f 1117/699/910 1397/799/1125 1436/800/1150
f 1510/657/992 1442/656/1153 1468/658/991
f 1441/659/957 1442/656/1153 1510/657/992
f 1103/604/901 1417/836/814 1101/594/800
f 1263/606/1040 1417/836/814 1103/604/901
f 1083/679/884 1466/805/964 1511/806/955
f 1081/677/882 1466/805/964 1083/679/884
f 1086/682/887 1078/674/879 1080/676/881
f 1076/672/877 1078/674/879 1086/682/887
f 1512/845/1160 1298/788/887 1513/846/881
f 1299/789/1062 1298/788/887 1512/845/1160
f 1375/828/1113 1432/819/1146 1434/817/1148
f 1377/830/1115 1432/819/1146 1375/828/1113
f 1498/815/1021 1484/816/1167 1374/827/1019
f 1352/815/1032 1379/827/1034 1353/816/1168
f 1342/707/1089 1205/709/994 1204/708/993
f 1228/758/1012 1282/780/1052 1226/641/1010
f 1514/706/1159 1343/705/1090 1341/704/1088
f 1175/738/964 1344/810/1091 1507/822/955
f 1207/753/894 1118/700/911 1120/702/913
f 1122/646/915 1124/647/917 1229/645/1013
f 1276/651/972 1274/650/1048 1492/652/971
f 1339/808/876 1172/712/961 1174/737/963
f 1289/775/979 1288/786/1056 1500/841/978
f 1143/696/936 1296/753/1060 1141/698/934
f 1422/779/1072 1496/776/1071 1486/758/1164
f 1162/728/952 1387/755/1122 1161/727/951
f 1153/723/945 1313/797/1074 1155/725/830
f 1051/656/852 1475/849/920 1476/850/919
f 1006/625/812 1004/623/810 1002/621/808
f 1005/624/811 1067/630/868 1003/622/809
f 1020/618/825 1408/620/1134 1022/619/827
f 1044/625/846 1046/623/848 1047/624/849
f 1490/628/1155 1406/627/1132 1407/626/1133
f 1294/694/823 1340/809/1087 1292/692/1059
f 1245/767/1027 1463/813/1157 1246/768/1028
f 1410/809/1135 1110/692/908 1230/599/1014
f 1364/761/1104 1365/768/1105 1363/767/1103
# Vertices: 1454, normals: 1113, texture coordinates: 792, faces: 1929

